,image_name,Good,Usable,Reject
0,10_left,0.043784827,0.8895888,0.09871865
1,10_right,0.028570794,0.13502857,0.8482237
2,13_left,0.98759115,0.009964821,0.00826642
3,13_right,0.98759055,0.009964351,0.008266874
4,15_left,0.6074524,0.3611833,0.020760639
5,15_right,0.98085195,0.015464621,0.0094331745
6,16_left,0.04408184,0.9494273,0.050784424
7,16_right,0.9702709,0.025555113,0.006824404
8,17_left,0.98759127,0.009964849,0.008266386
9,17_right,0.98759115,0.009964773,0.008266464
10,19_left,0.04796086,0.9349248,0.057065032
11,19_right,0.3074929,0.5942053,0.047205213
12,20_left,0.9875873,0.009968556,0.008266104
13,20_right,0.98759127,0.009964858,0.008266389
14,21_left,0.02542065,0.04448191,0.94810617
15,21_right,0.1271259,0.88155365,0.03561207
16,22_left,0.96849847,0.02639391,0.0099020135
17,22_right,0.9767602,0.02154367,0.006091811
18,23_left,0.91039234,0.075515166,0.013407141
19,23_right,0.026999727,0.73053074,0.32651612
20,25_left,0.053567227,0.7662697,0.15099557
21,25_right,0.06383467,0.171186,0.74521345
22,30_left,0.98759127,0.009964858,0.008266381
23,30_right,0.98178977,0.017221645,0.0056758253
24,31_left,0.7855058,0.18152101,0.024029586
25,31_right,0.9836633,0.012674792,0.009529202
26,33_left,0.98758847,0.009967149,0.008266761
27,33_right,0.9873262,0.010123165,0.008375997
28,36_left,0.06263058,0.9131649,0.05996523
29,36_right,0.026096158,0.0690416,0.9231129
30,40_left,0.98759127,0.0099648535,0.008266386
31,40_right,0.9875152,0.010040456,0.008240434
32,41_left,0.98158413,0.014757233,0.009805288
33,41_right,0.0501609,0.94113505,0.050669752
34,42_left,0.04376369,0.9500515,0.050528444
35,42_right,0.043427866,0.95041317,0.050704654
36,46_left,0.98759127,0.00996484,0.008266397
37,46_right,0.98759127,0.0099648535,0.008266386
38,47_left,0.98743224,0.010057837,0.008317985
39,47_right,0.04692817,0.8800045,0.10070666
40,49_left,0.04878672,0.9157027,0.07708786
41,49_right,0.033401955,0.5949163,0.42469132
42,51_left,0.104198076,0.77196014,0.111766
43,51_right,0.04514992,0.9159991,0.07755585
44,52_left,0.043155514,0.9344547,0.060961
45,52_right,0.04428431,0.94745463,0.05189086
46,54_left,0.024707086,0.039055422,0.9542065
47,54_right,0.024716228,0.039130017,0.95414543
48,56_left,0.98729473,0.010204064,0.008346065
49,56_right,0.045225505,0.9436277,0.054493163
50,57_left,0.8895612,0.01479932,0.09511539
51,57_right,0.98154014,0.015391472,0.008366394
52,58_left,0.987591,0.009964736,0.008266589
53,58_right,0.9875909,0.009964679,0.008266581
54,59_left,0.36541167,0.6019044,0.018856749
55,59_right,0.98594254,0.011286925,0.008588932
56,60_left,0.37603366,0.6071712,0.015342187
57,60_right,0.13283533,0.8526653,0.032868255
58,62_left,0.9360564,0.052324705,0.014536932
59,62_right,0.24882667,0.7234188,0.028595764
60,64_left,0.98758847,0.009964891,0.008267828
61,64_right,0.986748,0.010686697,0.008352243
62,65_left,0.043549236,0.94986624,0.05105235
63,65_right,0.044023857,0.9481202,0.05200394
64,66_left,0.9863886,0.010443716,0.008934348
65,66_right,0.9875201,0.010010726,0.0082711205
66,67_left,0.025943773,0.048858177,0.9427199
67,67_right,0.028969668,0.6794038,0.38039994
68,70_left,0.025138143,0.04132266,0.95166403
69,70_right,0.040953513,0.9339312,0.06871574
70,72_left,0.92498463,0.054423645,0.010197078
71,72_right,0.94546044,0.040416688,0.0089509655
72,73_left,0.63332665,0.3149527,0.03222249
73,73_right,0.9875453,0.010003441,0.008264235
74,74_left,0.98753357,0.01001705,0.008263813
75,74_right,0.98753625,0.010013802,0.00826601
76,75_left,0.03855194,0.8094954,0.1439944
77,75_right,0.024710052,0.03917657,0.954061
78,78_left,0.6718648,0.24953559,0.022014415
79,78_right,0.22284009,0.5882434,0.102751814
80,79_left,0.040677488,0.91878396,0.07351987
81,79_right,0.04535641,0.94832546,0.04984393
82,81_left,0.3346266,0.60168993,0.02502764
83,81_right,0.9716905,0.023581358,0.009924178
84,82_left,0.08150823,0.88080573,0.05934895
85,82_right,0.17846908,0.70506346,0.05809122
86,84_left,0.059316892,0.92478466,0.054816354
87,84_right,0.9875875,0.0099624405,0.008269141
88,95_left,0.040373843,0.94010526,0.06364436
89,95_right,0.028075388,0.14634189,0.8411327
90,99_left,0.021991974,0.26529709,0.7681943
91,99_right,0.94410115,0.05026459,0.009311526
92,100_left,0.101170376,0.89622194,0.03325689
93,100_right,0.49933702,0.48218837,0.0319235
94,102_left,0.024980385,0.06234243,0.9284937
95,102_right,0.042563867,0.93328136,0.06257021
96,104_left,0.04704859,0.94326985,0.052280262
97,104_right,0.070165254,0.83136255,0.11051606
98,108_left,0.048175413,0.9451993,0.048181273
99,108_right,0.11276141,0.8781196,0.031721905
100,111_left,0.026488876,0.046982326,0.94522613
101,111_right,0.043468375,0.9442655,0.055049993
102,114_left,0.98742104,0.010088029,0.008283697
103,114_right,0.97888374,0.018144334,0.008207896
104,115_left,0.024685368,0.03909063,0.9541552
105,115_right,0.024581484,0.042912904,0.95014095
106,117_left,0.043386366,0.9401754,0.06006457
107,117_right,0.04548686,0.9432439,0.054034535
108,119_left,0.10927713,0.8749133,0.038079187
109,119_right,0.93794996,0.055546362,0.009995974
110,122_left,0.9875882,0.009963781,0.0082688015
111,122_right,0.9874371,0.010099264,0.008273703
112,125_left,0.98594797,0.01103409,0.0085719805
113,125_right,0.98759115,0.00996483,0.00826642
114,129_left,0.9875865,0.009969422,0.008265514
115,129_right,0.98759115,0.009964891,0.008266389
116,140_left,0.98759127,0.0099648535,0.008266381
117,140_right,0.9875875,0.009968316,0.0082651265
118,145_left,0.9714407,0.024462726,0.009522486
119,145_right,0.9784201,0.017712928,0.009384785
120,149_left,0.98759127,0.009964849,0.008266393
121,149_right,0.98759115,0.009964849,0.0082664015
122,155_left,0.982229,0.0144136315,0.00892153
123,155_right,0.68432957,0.27672288,0.027742159
124,156_left,0.0477082,0.921984,0.07495201
125,156_right,0.075915426,0.912509,0.044590343
126,157_left,0.08026815,0.3207997,0.47547
127,157_right,0.987591,0.009964745,0.008266573
128,159_left,0.026571639,0.038670342,0.9503954
129,159_right,0.024898022,0.03934712,0.9531635
130,161_left,0.9871733,0.01034379,0.008262172
131,161_right,0.9659268,0.023847485,0.011458136
132,162_left,0.98758626,0.009962845,0.008269721
133,162_right,0.98759127,0.009964844,0.008266393
134,163_left,0.65847415,0.2059767,0.07118417
135,163_right,0.04467733,0.94618964,0.052512184
136,164_left,0.045288086,0.94829404,0.050022792
137,164_right,0.98758954,0.00996586,0.008267304
138,167_left,0.082536265,0.8947584,0.05241876
139,167_right,0.97685754,0.018417463,0.010781496
140,169_left,0.9875907,0.00996537,0.0082661975
141,169_right,0.9875894,0.009966491,0.00826637
142,170_left,0.050655983,0.94327843,0.04559501
143,170_right,0.13595976,0.86210936,0.0250673
144,172_left,0.025157362,0.04335314,0.9494055
145,172_right,0.042436,0.77189803,0.15314215
146,174_left,0.048142057,0.93650484,0.05631338
147,174_right,0.96014583,0.033333506,0.010669752
148,177_left,0.062853314,0.887854,0.07764521
149,177_right,0.14381531,0.8260094,0.037498645
150,178_left,0.04310645,0.95029444,0.05123057
151,178_right,0.040231664,0.94324785,0.06081835
152,179_left,0.98709583,0.010379656,0.008353444
153,179_right,0.9875908,0.009964562,0.008266694
154,184_left,0.024657149,0.03894039,0.9544089
155,184_right,0.024660463,0.03894015,0.9544011
156,186_left,0.9875894,0.009966246,0.008267046
157,186_right,0.9875678,0.009986973,0.008263954
158,190_left,0.04855483,0.94348276,0.05008419
159,190_right,0.0429894,0.9490033,0.052234188
160,192_left,0.045342527,0.83649904,0.13823037
161,192_right,0.047370013,0.9452981,0.049965177
162,194_left,0.10647683,0.8719384,0.04382636
163,194_right,0.98641205,0.010901592,0.008469107
164,195_left,0.045984205,0.77345115,0.18117657
165,195_right,0.024723414,0.0394267,0.95382226
166,197_left,0.6443764,0.37101343,0.012460094
167,197_right,0.98758954,0.009966397,0.008266456
168,199_left,0.022546949,0.0692415,0.92575616
169,199_right,0.039157968,0.7683045,0.16650312
170,203_left,0.024683487,0.03894379,0.95435685
171,203_right,0.024428077,0.042685572,0.9515849
172,204_left,0.98758996,0.0099661285,0.008265799
173,204_right,0.98758715,0.00996913,0.008264353
174,208_left,0.98550874,0.011931549,0.007793679
175,208_right,0.987502,0.010048673,0.008260122
176,210_left,0.986498,0.011019665,0.008189211
177,210_right,0.6068285,0.4091406,0.012224537
178,211_left,0.20445009,0.76154363,0.053030934
179,211_right,0.047780134,0.73616827,0.2441485
180,214_left,0.03844924,0.77788424,0.16350657
181,214_right,0.043017656,0.94658524,0.05365721
182,216_left,0.9515867,0.042104244,0.008129057
183,216_right,0.02508159,0.038624268,0.95350033
184,217_left,0.9857159,0.012015159,0.007454781
185,217_right,0.20144857,0.7724501,0.032084268
186,218_left,0.98754907,0.010003087,0.008264733
187,218_right,0.9875908,0.009964726,0.00826662
188,219_left,0.024705134,0.039309826,0.95403486
189,219_right,0.04238145,0.944245,0.0569738
190,222_left,0.97643787,0.019659957,0.00909168
191,222_right,0.9856602,0.01155938,0.008509352
192,224_left,0.9875837,0.009968999,0.008267695
193,224_right,0.98704046,0.010336436,0.008464363
194,225_left,0.9875749,0.009980375,0.008265139
195,225_right,0.98757917,0.009961914,0.008274743
196,227_left,0.037890583,0.9200916,0.08344285
197,227_right,0.91154623,0.0715131,0.015606009
198,229_left,0.04421505,0.9474675,0.051937286
199,229_right,0.04628667,0.94525355,0.051543318
200,231_left,0.9787553,0.01819997,0.008419249
201,231_right,0.15619518,0.8398618,0.036188442
202,232_left,0.044076815,0.9486003,0.051448125
203,232_right,0.043118708,0.9411587,0.05690478
204,234_left,0.9874368,0.010088601,0.008288039
205,234_right,0.9875187,0.010022807,0.008280607
206,236_left,0.9875572,0.009969822,0.00828253
207,236_right,0.980375,0.016369838,0.008807396
208,239_left,0.08359461,0.8470806,0.08620839
209,239_right,0.038652726,0.6774989,0.33987805
210,240_left,0.98759043,0.009965017,0.008266726
211,240_right,0.98759127,0.009964849,0.008266386
212,241_left,0.9871262,0.01037921,0.008284387
213,241_right,0.98536485,0.011957362,0.008004448
214,242_left,0.05891696,0.9329051,0.044758216
215,242_right,0.047878254,0.9438186,0.049538843
216,244_left,0.950934,0.039170396,0.013020318
217,244_right,0.028674735,0.055067357,0.9318015
218,249_left,0.9875908,0.009964613,0.008266702
219,249_right,0.9870258,0.010378622,0.0084061185
220,252_left,0.9858379,0.011269505,0.00878162
221,252_right,0.98758996,0.00996514,0.008267011
222,256_left,0.98753625,0.0100256745,0.008236238
223,256_right,0.98501194,0.012443722,0.008024794
224,257_left,0.024819953,0.04074179,0.952174
225,257_right,0.025796175,0.05567677,0.9357458
226,258_left,0.985721,0.011768594,0.007862102
227,258_right,0.03408053,0.802773,0.20722449
228,259_left,0.98759115,0.009964952,0.008266374
229,259_right,0.9875865,0.009968034,0.008267347
230,260_left,0.98758495,0.009968256,0.008268458
231,260_right,0.98749137,0.0100594135,0.008253109
232,263_left,0.9875907,0.0099646365,0.008266733
233,263_right,0.98759127,0.0099648535,0.008266386
234,264_left,0.9825218,0.014125103,0.00921078
235,264_right,0.93790275,0.051331878,0.01270916
236,274_left,0.9865085,0.0101383515,0.008939019
237,274_right,0.9875887,0.00996428,0.008268012
238,277_left,0.069570325,0.8954961,0.06310755
239,277_right,0.07299614,0.8351441,0.11015744
240,279_left,0.024365218,0.10240692,0.8847323
241,279_right,0.44492996,0.54729813,0.02100361
242,280_left,0.9247878,0.062064692,0.010660766
243,280_right,0.12903881,0.7720665,0.0669019
244,283_left,0.027095173,0.103340544,0.887367
245,283_right,0.024984838,0.042484574,0.9501165
246,286_left,0.98757905,0.009976127,0.008266147
247,286_right,0.98719436,0.01034057,0.008236375
248,288_left,0.9875907,0.009965375,0.0082661975
249,288_right,0.98757833,0.009974798,0.008269783
250,289_left,0.56003815,0.3570931,0.037780963
251,289_right,0.050218888,0.6223335,0.30963376
252,294_left,0.039285846,0.90924066,0.08360367
253,294_right,0.040992092,0.5637181,0.3389141
254,299_left,0.9855823,0.012010077,0.007731773
255,299_right,0.98759127,0.0099648535,0.008266386
256,301_left,0.044361737,0.93508863,0.061711527
257,301_right,0.9875909,0.009965028,0.008266444
258,307_left,0.2873632,0.67345804,0.022073027
259,307_right,0.056089804,0.93396264,0.047091506
260,310_left,0.05142605,0.93822354,0.05298046
261,310_right,0.98758906,0.009964298,0.008267781
262,311_left,0.19561064,0.7359253,0.04863353
263,311_right,0.9875886,0.00996317,0.008268305
264,314_left,0.043323368,0.80975276,0.14718303
265,314_right,0.068476245,0.82461077,0.110566
266,316_left,0.04444597,0.9483735,0.0510936
267,316_right,0.044558745,0.9476069,0.051460207
268,317_left,0.039389547,0.90003705,0.09472459
269,317_right,0.023659905,0.18177433,0.8171306
270,318_left,0.02826632,0.08421977,0.9020351
271,318_right,0.9875908,0.009964783,0.008266608
272,320_left,0.04368648,0.9476197,0.052864637
273,320_right,0.032071657,0.75764257,0.21832998
274,322_left,0.83522815,0.13493706,0.017141422
275,322_right,0.40167162,0.57722586,0.022543112
276,323_left,0.029434545,0.5846999,0.40316752
277,323_right,0.04344438,0.92319787,0.07153604
278,325_left,0.049887203,0.9443986,0.048556507
279,325_right,0.9678362,0.026419656,0.008588035
280,326_left,0.046177376,0.9473593,0.04946503
281,326_right,0.04447496,0.9484733,0.051123295
282,328_left,0.09548613,0.8852575,0.0555965
283,328_right,0.9869393,0.010508812,0.0083740875
284,329_left,0.9862053,0.011113672,0.008521135
285,329_right,0.98759055,0.009965441,0.008266334
286,330_left,0.029813629,0.26145628,0.72916937
287,330_right,0.024678515,0.039948776,0.9534308
288,333_left,0.9875825,0.009972976,0.008265252
289,333_right,0.9875909,0.009964665,0.0082666045
290,337_left,0.9875886,0.009966636,0.008266932
291,337_right,0.9875606,0.009975929,0.008279887
292,338_left,0.38578424,0.57015395,0.028291008
293,338_right,0.8746579,0.120950766,0.010392139
294,343_left,0.04020377,0.74225205,0.22840187
295,343_right,0.035119455,0.68846226,0.23925446
296,348_left,0.9875853,0.0099703735,0.008265591
297,348_right,0.6325909,0.057037562,0.19297495
298,349_left,0.98751336,0.010053389,0.008218076
299,349_right,0.98758787,0.0099678505,0.008266366
300,352_left,0.060362544,0.88445604,0.079742745
301,352_right,0.20833191,0.78150344,0.02266725
302,355_left,0.98551625,0.010227289,0.009406754
303,355_right,0.9875896,0.009966001,0.008267081
304,356_left,0.9873262,0.010187173,0.008285241
305,356_right,0.32775366,0.6507985,0.04702184
306,358_left,0.03334454,0.66373265,0.26543173
307,358_right,0.052496243,0.9398037,0.049002033
308,360_left,0.9875866,0.009969492,0.008264978
309,360_right,0.9875871,0.009966815,0.008267828
310,363_left,0.9817764,0.01498164,0.008108525
311,363_right,0.974703,0.02069712,0.010125062
312,364_left,0.02477472,0.04978353,0.9425077
313,364_right,0.9523234,0.037191838,0.015173686
314,367_left,0.030687891,0.51523,0.41525504
315,367_right,0.024866853,0.06874396,0.9213992
316,374_left,0.04406123,0.9408998,0.056493923
317,374_right,0.0378492,0.034624815,0.9264114
318,375_left,0.030381735,0.14684099,0.84042317
319,375_right,0.02466875,0.03892231,0.9543902
320,376_left,0.3832356,0.6287854,0.015187722
321,376_right,0.9047746,0.08186007,0.008164199
322,378_left,0.024702135,0.03898111,0.95429695
323,378_right,0.02731751,0.10202036,0.881874
324,380_left,0.9873547,0.0098291505,0.008438714
325,380_right,0.029062044,0.18979652,0.8026012
326,381_left,0.96208227,0.035299007,0.0075753443
327,381_right,0.96294224,0.029796487,0.01252138
328,384_left,0.043489583,0.94007415,0.0589561
329,384_right,0.087882,0.89772844,0.042062495
330,386_left,0.90064526,0.08815483,0.013610896
331,386_right,0.07578736,0.8660593,0.08924168
332,389_left,0.98759115,0.009964872,0.008266397
333,389_right,0.98759043,0.009964322,0.008266987
334,391_left,0.039457627,0.88855857,0.113233
335,391_right,0.3084027,0.69744366,0.02133055
336,393_left,0.024821198,0.039645247,0.95350075
337,393_right,0.024696536,0.03900771,0.9542696
338,395_left,0.98758906,0.009966552,0.0082669165
339,395_right,0.97811013,0.017003862,0.0113063585
340,396_left,0.98718727,0.010177941,0.008462259
341,396_right,0.9874644,0.010059955,0.00829802
342,398_left,0.025201194,0.040228385,0.95203704
343,398_right,0.9875749,0.009960033,0.008276759
344,399_left,0.98333794,0.01314838,0.009417757
345,399_right,0.9832122,0.013442527,0.009384816
346,400_left,0.027885145,0.17214851,0.8120037
347,400_right,0.025521673,0.34502682,0.6371286
348,404_left,0.024658162,0.039039686,0.95429814
349,404_right,0.024701009,0.04034532,0.9531072
350,405_left,0.03648998,0.7312518,0.22795473
351,405_right,0.10172755,0.87130237,0.0508471
352,406_left,0.023390047,0.0705191,0.9241312
353,406_right,0.025452442,0.09921538,0.89024884
354,408_left,0.101866774,0.8991754,0.03714599
355,408_right,0.06975172,0.9172993,0.051134996
356,410_left,0.056383554,0.93383646,0.048633646
357,410_right,0.9875745,0.009978981,0.008267785
358,412_left,0.9872528,0.010210399,0.008383125
359,412_right,0.20985274,0.75311303,0.05042473
360,417_left,0.13118733,0.8522408,0.036009565
361,417_right,0.04633735,0.9464336,0.050585847
362,418_left,0.29009196,0.67036,0.04069059
363,418_right,0.896319,0.07921183,0.026801275
364,419_left,0.9818179,0.015069627,0.008245127
365,419_right,0.41714087,0.57234204,0.017528582
366,421_left,0.91310394,0.07120145,0.011762141
367,421_right,0.20319748,0.7173904,0.053537436
368,427_left,0.9875866,0.009964209,0.008270222
369,427_right,0.98758894,0.009966378,0.00826748
370,428_left,0.12502792,0.8846571,0.034719583
371,428_right,0.7409691,0.24849139,0.0094347345
372,430_left,0.98759115,0.009964783,0.008266464
373,430_right,0.9788558,0.017994585,0.0075221877
374,431_left,0.10154076,0.89212805,0.03298356
375,431_right,0.042479668,0.94301045,0.057397056
376,432_left,0.9669387,0.020034784,0.013504576
377,432_right,0.98064166,0.011614593,0.011929587
378,435_left,0.98759127,0.00996484,0.0082664015
379,435_right,0.987591,0.0099649,0.00826655
380,437_left,0.9830236,0.014350609,0.007907714
381,437_right,0.98755604,0.009996394,0.00826687
382,438_left,0.9875901,0.009964026,0.008267269
383,438_right,0.9875717,0.009981082,0.008269045
384,439_left,0.024667596,0.038982324,0.954356
385,439_right,0.028412672,0.56092036,0.39705762
386,444_left,0.98757523,0.009957898,0.008278274
387,444_right,0.9875759,0.009974229,0.00827107
388,445_left,0.59786886,0.33787692,0.032657072
389,445_right,0.98586166,0.011548413,0.008240438
390,446_left,0.10344322,0.879409,0.042622775
391,446_right,0.06361873,0.91862524,0.052587442
392,448_left,0.049456365,0.930207,0.06311631
393,448_right,0.055654738,0.9220514,0.058070738
394,449_left,0.044004787,0.92276466,0.07187129
395,449_right,0.031087134,0.22661747,0.7642567
396,451_left,0.043850604,0.93569297,0.059855625
397,451_right,0.06589094,0.92433834,0.047804132
398,456_left,0.039544377,0.9424485,0.06087825
399,456_right,0.023567507,0.08029452,0.91076684
400,457_left,0.13988695,0.8431923,0.0293182
401,457_right,0.06414323,0.9298017,0.03794244
402,458_left,0.03574461,0.8127394,0.15337077
403,458_right,0.041584898,0.82281846,0.122417994
404,460_left,0.987591,0.009964877,0.008266514
405,460_right,0.9875907,0.009964473,0.008266792
406,465_left,0.025816383,0.13515721,0.8834822
407,465_right,0.98079234,0.01596232,0.008679756
408,466_left,0.024206862,0.09399812,0.89916074
409,466_right,0.024624454,0.11375216,0.8824206
410,467_left,0.070300564,0.9185197,0.04442615
411,467_right,0.48841912,0.47051862,0.02448503
412,472_left,0.98643506,0.010919582,0.008450756
413,472_right,0.73294866,0.23929444,0.020860117
414,473_left,0.080686025,0.5868616,0.20699169
415,473_right,0.06604337,0.66638917,0.15993977
416,482_left,0.6770552,0.27752933,0.015473493
417,482_right,0.9685006,0.028537635,0.00806338
418,483_left,0.023998065,0.07272095,0.9176418
419,483_right,0.038810056,0.8374189,0.121533774
420,487_left,0.04472131,0.9489201,0.050162584
421,487_right,0.98707426,0.010460075,0.008107861
422,489_left,0.14258999,0.8589816,0.022067914
423,489_right,0.97917056,0.017836722,0.008300735
424,492_left,0.024978735,0.038747776,0.95383155
425,492_right,0.5037338,0.025355157,0.33660275
426,494_left,0.97598547,0.020692406,0.0071557015
427,494_right,0.056649562,0.9347668,0.047801524
428,495_left,0.98758894,0.009965874,0.0082667805
429,495_right,0.9875842,0.00996946,0.008268399
430,497_left,0.98757565,0.00995676,0.008280138
431,497_right,0.98758906,0.009963729,0.008268074
432,498_left,0.025591325,0.0397598,0.9516767
433,498_right,0.044143304,0.9462175,0.05334989
434,502_left,0.98759115,0.009964821,0.008266417
435,502_right,0.9875565,0.0099532455,0.008289462
436,505_left,0.9127217,0.07535874,0.013714513
437,505_right,0.9875887,0.009963729,0.008268579
438,508_left,0.95258725,0.039733037,0.01188338
439,508_right,0.04002022,0.93827635,0.06615999
440,509_left,0.038384344,0.93478715,0.06811372
441,509_right,0.039826594,0.8286322,0.12581576
442,510_left,0.92941326,0.023885738,0.029385053
443,510_right,0.982241,0.012795036,0.010101605
444,511_left,0.9874763,0.010077635,0.008235136
445,511_right,0.9229671,0.030464375,0.033657897
446,513_left,0.024787934,0.039659902,0.953517
447,513_right,0.02465782,0.038937874,0.95440704
448,517_left,0.056034606,0.7654549,0.18074857
449,517_right,0.043226305,0.95061964,0.05082733
450,525_left,0.98759115,0.009964858,0.0082664015
451,525_right,0.98759043,0.009964364,0.008266956
452,527_left,0.44848803,0.53291667,0.019545937
453,527_right,0.9861486,0.011165579,0.008419361
454,528_left,0.9875129,0.010037072,0.00825818
455,528_right,0.98759127,0.0099648535,0.008266386
456,531_left,0.044545196,0.94914854,0.05015913
457,531_right,0.04776523,0.94558877,0.049053594
458,532_left,0.037889473,0.9145136,0.09330423
459,532_right,0.06024735,0.9303484,0.044278044
460,534_left,0.6264198,0.36892462,0.013271159
461,534_right,0.98752475,0.010022873,0.008265822
462,551_left,0.024662774,0.0389366,0.9544
463,551_right,0.035789598,0.34999874,0.54769725
464,554_left,0.9874972,0.010029868,0.008307214
465,554_right,0.969301,0.022315057,0.012383848
466,556_left,0.9858088,0.011513418,0.008285758
467,556_right,0.9874161,0.010114979,0.008288101
468,557_left,0.030184772,0.22855659,0.7295359
469,557_right,0.98475975,0.012578,0.008167833
470,558_left,0.9547119,0.028903252,0.014273465
471,558_right,0.97250754,0.021541087,0.011494764
472,560_left,0.055306643,0.9188826,0.059805047
473,560_right,0.38295424,0.61496866,0.027738893
474,563_left,0.024671469,0.03905311,0.9542815
475,563_right,0.041405324,0.9437099,0.057793353
476,566_left,0.04901315,0.9348798,0.058577165
477,566_right,0.09307928,0.8245264,0.084659584
478,568_left,0.113383345,0.885205,0.031627793
479,568_right,0.0739849,0.91723424,0.041028302
480,575_left,0.98758847,0.009966891,0.008266898
481,575_right,0.98758554,0.00996954,0.008266929
482,579_left,0.6900377,0.27690184,0.013383288
483,579_right,0.792318,0.19366847,0.010173311
484,596_left,0.8853796,0.101075195,0.013618811
485,596_right,0.9812609,0.014843951,0.009738187
486,597_left,0.07932049,0.9091993,0.041599944
487,597_right,0.045948166,0.9476456,0.049886286
488,599_left,0.045231402,0.94591844,0.051462766
489,599_right,0.046354458,0.9438612,0.053675015
490,602_left,0.7532047,0.08695547,0.033461068
491,602_right,0.9485044,0.03567713,0.015476358
492,604_left,0.04712293,0.93919975,0.05477627
493,604_right,0.05045157,0.90799105,0.076547414
494,607_left,0.8449365,0.12121229,0.025044061
495,607_right,0.987328,0.010157128,0.008350964
496,609_left,0.102993295,0.8781713,0.0432403
497,609_right,0.6262165,0.35525584,0.012300787
498,611_left,0.04777536,0.94216686,0.051846594
499,611_right,0.037697602,0.88521814,0.105880596
500,613_left,0.026167184,0.34932056,0.6267427
501,613_right,0.025358398,0.103637524,0.8812908
502,615_left,0.98759127,0.009964844,0.0082664015
503,615_right,0.98759115,0.009964895,0.00826637
504,616_left,0.98757523,0.009979386,0.00826594
505,616_right,0.98399365,0.012975216,0.008799722
506,617_left,0.040644612,0.9412086,0.05958813
507,617_right,0.04021767,0.7796613,0.14862242
508,621_left,0.9834183,0.013365356,0.008661529
509,621_right,0.9023316,0.0832143,0.012696215
510,622_left,0.024683744,0.039050367,0.95426327
511,622_right,0.028163297,0.07500168,0.9124589
512,623_left,0.9829761,0.014145197,0.008363118
513,623_right,0.05772567,0.9305433,0.052474663
514,625_left,0.9788513,0.017817719,0.008596569
515,625_right,0.052526526,0.9401297,0.046246115
516,627_left,0.987591,0.0099649895,0.0082664285
517,627_right,0.9231834,0.06089008,0.008259926
518,632_left,0.03868302,0.90170914,0.10086375
519,632_right,0.041658357,0.9452728,0.056383256
520,634_left,0.9851623,0.0122874575,0.008163585
521,634_right,0.986801,0.0106591415,0.008325985
522,636_left,0.98759127,0.0099648535,0.008266386
523,636_right,0.98759127,0.0099648535,0.008266386
524,639_left,0.98756695,0.009982161,0.008271551
525,639_right,0.98742944,0.0101096,0.0082514
526,641_left,0.07367809,0.9034684,0.061825797
527,641_right,0.055768356,0.93811464,0.042134255
528,642_left,0.028604971,0.22147687,0.7622491
529,642_right,0.13695171,0.83298326,0.047679525
530,643_left,0.9874182,0.010061607,0.008326627
531,643_right,0.9875886,0.009967013,0.008266733
532,644_left,0.98759115,0.009964877,0.008266397
533,644_right,0.987591,0.009964745,0.008266523
534,645_left,0.9875789,0.009967592,0.008272909
535,645_right,0.98353255,0.01310027,0.009144373
536,650_left,0.98759127,0.009964872,0.008266389
537,650_right,0.98759127,0.009964849,0.008266389
538,660_left,0.024760148,0.111671366,0.9032646
539,660_right,0.024682177,0.03898042,0.95432377
540,662_left,0.987591,0.009964755,0.008266523
541,662_right,0.9875907,0.009965112,0.008266523
542,666_left,0.98758686,0.009967991,0.0082670385
543,666_right,0.98759115,0.00996484,0.008266405
544,668_left,0.8337188,0.15808848,0.014115723
545,668_right,0.9872541,0.010253687,0.008289246
546,669_left,0.024779381,0.038816255,0.95425624
547,669_right,0.56148666,0.3900002,0.018878685
548,670_left,0.02466777,0.03892743,0.95439816
549,670_right,0.025099296,0.040933758,0.9518937
550,673_left,0.10520896,0.8863348,0.03504481
551,673_right,0.1830112,0.82001007,0.026300909
552,677_left,0.74303764,0.23671634,0.020522641
553,677_right,0.9875894,0.009966326,0.008266726
554,678_left,0.98759115,0.009964801,0.008266448
555,678_right,0.98759127,0.0099648535,0.008266386
556,679_left,0.024636073,0.03918531,0.95417005
557,679_right,0.024654556,0.038940445,0.954413
558,681_left,0.98759115,0.009964895,0.008266366
559,681_right,0.98756707,0.009977069,0.008272584
560,682_left,0.98569435,0.011655822,0.008090056
561,682_right,0.9394869,0.031793192,0.020447455
562,685_left,0.02313307,0.04937795,0.9452434
563,685_right,0.026175344,0.5560116,0.50650144
564,686_left,0.024768518,0.03898936,0.9541214
565,686_right,0.02467653,0.039082386,0.95421
566,687_left,0.98656833,0.010703109,0.008668652
567,687_right,0.9871587,0.010285209,0.00841353
568,690_left,0.2238499,0.7564699,0.042685743
569,690_right,0.044267956,0.9472659,0.052458875
570,694_left,0.044519722,0.94821084,0.051124148
571,694_right,0.024688076,0.039390326,0.953869
572,696_left,0.041619815,0.8987292,0.10108182
573,696_right,0.044623386,0.93325806,0.0649508
574,698_left,0.040932514,0.9150479,0.07545768
575,698_right,0.042664647,0.9008312,0.08107603
576,700_left,0.0428657,0.9448075,0.055082794
577,700_right,0.047503483,0.9271116,0.059961993
578,702_left,0.9699602,0.0279597,0.006929526
579,702_right,0.04462775,0.93833816,0.057886846
580,703_left,0.030154627,0.79398996,0.22679995
581,703_right,0.30034792,0.6484772,0.027697422
582,704_left,0.06001358,0.9068237,0.066957586
583,704_right,0.5961011,0.32677093,0.02652123
584,706_left,0.98759127,0.009964858,0.008266386
585,706_right,0.9875903,0.009964434,0.00826703
586,710_left,0.048707094,0.9436893,0.048929002
587,710_right,0.84581184,0.13636029,0.00894286
588,715_left,0.96507984,0.032147273,0.008033894
589,715_right,0.9639621,0.03402783,0.0077139954
590,717_left,0.9875145,0.010029466,0.008274215
591,717_right,0.88262486,0.09915776,0.016591053
592,721_left,0.027414598,0.12895407,0.88540983
593,721_right,0.0247242,0.05079532,0.94212866
594,723_left,0.98759127,0.009964849,0.008266389
595,723_right,0.9875822,0.009958133,0.008273413
596,728_left,0.04681617,0.93704355,0.056701314
597,728_right,0.041585933,0.92370594,0.07745205
598,731_left,0.9556321,0.041684873,0.006859729
599,731_right,0.98759115,0.009964887,0.008266381
600,732_left,0.8505037,0.13868763,0.0062572677
601,732_right,0.9494898,0.043403402,0.009519167
602,733_left,0.044089273,0.9485984,0.05140507
603,733_right,0.02594575,0.3993124,0.6252263
604,734_left,0.024722742,0.038943782,0.9542701
605,734_right,0.024661465,0.038932744,0.95440495
606,735_left,0.98759127,0.0099648535,0.008266386
607,735_right,0.98759115,0.00996483,0.008266425
608,736_left,0.9223092,0.06699921,0.011135998
609,736_right,0.21204278,0.77918446,0.024685381
610,739_left,0.9338061,0.06444641,0.007108773
611,739_right,0.71795934,0.27174047,0.014216891
612,740_left,0.94169885,0.048063565,0.014027856
613,740_right,0.9400401,0.045934267,0.017728766
614,743_left,0.025631119,0.10028334,0.9107166
615,743_right,0.02471181,0.06359114,0.93680465
616,745_left,0.024712361,0.03899606,0.9542074
617,745_right,0.9875909,0.009964844,0.008266526
618,747_left,0.04374716,0.9497727,0.050828047
619,747_right,0.0436852,0.9490211,0.051669247
620,752_left,0.9875844,0.009970975,0.008264259
621,752_right,0.9875908,0.009965042,0.008266507
622,754_left,0.9392943,0.049590755,0.014764785
623,754_right,0.60214317,0.36815402,0.025680799
624,760_left,0.026224365,0.039404925,0.9509463
625,760_right,0.08152513,0.37693024,0.45392764
626,761_left,0.72709733,0.28249913,0.012397006
627,761_right,0.9875628,0.009991879,0.008262293
628,762_left,0.03532652,0.9245477,0.08096108
629,762_right,0.0340942,0.86891687,0.1231103
630,765_left,0.03050082,0.6224033,0.33927563
631,765_right,0.098806396,0.8648106,0.06323991
632,766_left,0.025026172,0.038653396,0.95392454
633,766_right,0.026894093,0.84917855,0.17850748
634,768_left,0.024682682,0.040510934,0.9531794
635,768_right,0.024867073,0.04177494,0.9520496
636,773_left,0.9737501,0.021632573,0.0102724405
637,773_right,0.56217563,0.39922604,0.028549641
638,780_left,0.98759127,0.0099648535,0.008266389
639,780_right,0.98758763,0.009964379,0.008268938
640,783_left,0.070137665,0.9227128,0.039688334
641,783_right,0.98219246,0.014615937,0.0079246
642,784_left,0.031372763,0.14645377,0.8171741
643,784_right,0.024649892,0.09709963,0.9003264
644,787_left,0.09487521,0.8130639,0.10806316
645,787_right,0.06456852,0.9214302,0.05077783
646,791_left,0.9850537,0.01241344,0.0081373835
647,791_right,0.9874445,0.010102987,0.00826002
648,792_left,0.9875908,0.009964872,0.008266534
649,792_right,0.986289,0.010934053,0.008753188
650,793_left,0.02487205,0.040463474,0.9527878
651,793_right,0.03487336,0.39491218,0.65244967
652,796_left,0.05262706,0.9261287,0.056519598
653,796_right,0.09456567,0.8848064,0.045827936
654,799_left,0.024785513,0.039841413,0.9531436
655,799_right,0.9834779,0.013668473,0.007825653
656,800_left,0.9871667,0.010325793,0.008308896
657,800_right,0.043715023,0.9498071,0.05080866
658,802_left,0.037176244,0.7629021,0.21085113
659,802_right,0.050845407,0.74372894,0.17352363
660,803_left,0.3126506,0.5320866,0.083278924
661,803_right,0.98759127,0.009964849,0.0082664015
662,805_left,0.04570321,0.9468899,0.05035147
663,805_right,0.96502286,0.030122925,0.010005835
664,810_left,0.8969225,0.06791728,0.018472983
665,810_right,0.85981226,0.09555326,0.019555122
666,812_left,0.03593467,0.9059739,0.10476247
667,812_right,0.041143034,0.9315963,0.07063806
668,814_left,0.6644978,0.3979259,0.0064033237
669,814_right,0.98758835,0.009962769,0.0082685985
670,818_left,0.057766438,0.93521935,0.04825511
671,818_right,0.04667382,0.93383354,0.05901511
672,819_left,0.98757046,0.009983147,0.008262184
673,819_right,0.98758334,0.009972873,0.008263075
674,820_left,0.19086634,0.7761578,0.031597707
675,820_right,0.9801625,0.01656171,0.008638998
676,825_left,0.8508776,0.089903556,0.032774713
677,825_right,0.985284,0.011731563,0.008839109
678,829_left,0.58617693,0.36988738,0.009462399
679,829_right,0.065476514,0.8982994,0.06609942
680,831_left,0.04320733,0.9491184,0.05200004
681,831_right,0.9875531,0.0099972235,0.008270992
682,838_left,0.98759127,0.0099648535,0.008266386
683,838_right,0.9875908,0.009964604,0.008266702
684,839_left,0.053397663,0.9370727,0.04866805
685,839_right,0.03829095,0.93640226,0.06643311
686,842_left,0.025147272,0.04104096,0.9517907
687,842_right,0.053425442,0.9364368,0.049674332
688,844_left,0.98705,0.010455234,0.00825754
689,844_right,0.9874801,0.01006307,0.008270999
690,845_left,0.30546743,0.66221535,0.019332236
691,845_right,0.76965994,0.185816,0.01777835
692,851_left,0.98759115,0.00996483,0.0082664285
693,851_right,0.98747385,0.010052677,0.0083094025
694,857_left,0.07811356,0.91110426,0.03969713
695,857_right,0.513691,0.4322792,0.016132364
696,862_left,0.98758954,0.009966505,0.008266233
697,862_right,0.9873546,0.010178513,0.00827308
698,863_left,0.04991629,0.94337887,0.049026087
699,863_right,0.2639877,0.7196114,0.021267472
700,865_left,0.9802586,0.01583505,0.00908084
701,865_right,0.9819741,0.01446443,0.009573803
702,866_left,0.98757195,0.009979377,0.008268477
703,866_right,0.987566,0.009962004,0.008281319
704,869_left,0.04917312,0.9224223,0.06660502
705,869_right,0.04410029,0.949719,0.050398912
706,876_left,0.044373833,0.94882005,0.050939646
707,876_right,0.06288328,0.921749,0.054628868
708,877_left,0.057247154,0.88704985,0.07588597
709,877_right,0.98758763,0.009965545,0.008267898
710,878_left,0.9235698,0.06550869,0.012379808
711,878_right,0.9860119,0.011548832,0.008074409
712,879_left,0.8614639,0.11410268,0.021550205
713,879_right,0.05561553,0.2861987,0.61229444
714,880_left,0.98759115,0.009964943,0.008266393
715,880_right,0.98759055,0.009965196,0.008266573
716,885_left,0.03002936,0.7295295,0.27859727
717,885_right,0.024442298,0.04124841,0.952811
718,886_left,0.9874835,0.010058435,0.008258708
719,886_right,0.98759127,0.0099648535,0.008266386
720,897_left,0.024626296,0.041135583,0.9520515
721,897_right,0.32234237,0.43404692,0.08837012
722,899_left,0.5669847,0.4437185,0.013097341
723,899_right,0.10124414,0.9002354,0.032667875
724,904_left,0.98737466,0.01015802,0.008274356
725,904_right,0.97909343,0.017231679,0.008970627
726,905_left,0.0638649,0.9025238,0.05959027
727,905_right,0.98694175,0.010473349,0.00841548
728,906_left,0.12600926,0.85403615,0.054833457
729,906_right,0.9875759,0.009978397,0.00826737
730,909_left,0.98759115,0.009964891,0.008266381
731,909_right,0.9875745,0.009980375,0.00826603
732,910_left,0.98759127,0.0099648535,0.008266386
733,910_right,0.9875444,0.010000825,0.008277565
734,912_left,0.9840831,0.0134562375,0.0075073084
735,912_right,0.9873246,0.0101821115,0.0082791895
736,914_left,0.9850368,0.012275883,0.0079807695
737,914_right,0.98712015,0.010359627,0.008263301
738,916_left,0.93129116,0.0557783,0.013654895
739,916_right,0.8730783,0.094518915,0.01941491
740,917_left,0.9859948,0.011626258,0.007862504
741,917_right,0.98706126,0.010487537,0.008162299
742,921_left,0.12399583,0.85770756,0.03588789
743,921_right,0.043747917,0.9498384,0.050853357
744,925_left,0.028451845,0.52798134,0.45588318
745,925_right,0.053700134,0.93285984,0.05370656
746,928_left,0.024722395,0.039698176,0.953302
747,928_right,0.49759677,0.44305798,0.019035408
748,929_left,0.9875901,0.009965037,0.008266999
749,929_right,0.9873372,0.010155378,0.008347754
750,930_left,0.98759127,0.0099648675,0.008266378
751,930_right,0.98759115,0.00996484,0.008266413
752,931_left,0.98751897,0.010002355,0.008283411
753,931_right,0.16286063,0.8107224,0.035304904
754,932_left,0.053089444,0.93638796,0.05369168
755,932_right,0.41398066,0.5980872,0.015935333
756,934_left,0.38866234,0.5027,0.060740057
757,934_right,0.056169823,0.92931587,0.052949745
758,935_left,0.04666771,0.94330037,0.05415734
759,935_right,0.07293566,0.8695114,0.07208551
760,936_left,0.9875616,0.009976673,0.008275323
761,936_right,0.034882836,0.9220575,0.09038855
762,939_left,0.98759127,0.009964849,0.008266397
763,939_right,0.9875903,0.009964351,0.008266999
764,940_left,0.024662286,0.03894006,0.9543976
765,940_right,0.98752046,0.010035396,0.008249051
766,941_left,0.025553977,0.04680084,0.9468797
767,941_right,0.042267427,0.94621044,0.054249376
768,943_left,0.9873426,0.010168323,0.008319173
769,943_right,0.9439126,0.04680929,0.013345984
770,945_left,0.98646045,0.010915751,0.008427816
771,945_right,0.9874178,0.010120494,0.008272975
772,947_left,0.024014305,0.04681933,0.94627565
773,947_right,0.87279487,0.03059537,0.061932366
774,953_left,0.028564025,0.28921172,0.77084804
775,953_right,0.9837331,0.009422763,0.011563413
776,958_left,0.023342105,0.09960533,0.90313023
777,958_right,0.03480263,0.5378478,0.37441814
778,959_left,0.025017679,0.55110234,0.4128099
779,959_right,0.058670484,0.9284603,0.054153822
780,960_left,0.33344522,0.6379833,0.019402703
781,960_right,0.98759115,0.009964834,0.00826642
782,963_left,0.9875168,0.010009421,0.008278313
783,963_right,0.9875822,0.00996023,0.008272904
784,966_left,0.98759115,0.009964915,0.00826642
785,966_right,0.9875908,0.009965051,0.008266592
786,967_left,0.98759127,0.0099648535,0.008266386
787,967_right,0.9875894,0.00996595,0.0082664015
788,968_left,0.07277778,0.90583104,0.056121156
789,968_right,0.0479593,0.9434047,0.051073216
790,969_left,0.9832939,0.014229487,0.0071407403
791,969_right,0.987587,0.009966053,0.008268313
792,970_left,0.034321435,0.52638656,0.45918065
793,970_right,0.024938874,0.4183275,0.5967707
794,971_left,0.0563393,0.9347102,0.045976933
795,971_right,0.21011959,0.79207855,0.01772699
796,977_left,0.9875044,0.010049712,0.008256678
797,977_right,0.9875761,0.009971785,0.008270781
798,978_left,0.9838356,0.013141292,0.008759408
799,978_right,0.9857502,0.011444415,0.008690031
800,979_left,0.047492493,0.94546705,0.049688987
801,979_right,0.9875793,0.00997219,0.008271199
802,980_left,0.98759127,0.00996484,0.008266397
803,980_right,0.98759127,0.009964849,0.008266389
804,983_left,0.024719454,0.039063487,0.9541679
805,983_right,0.07158632,0.8950879,0.061339725
806,985_left,0.112812504,0.88376844,0.03411362
807,985_right,0.045379136,0.9481088,0.049880706
808,986_left,0.02480253,0.043917228,0.94815993
809,986_right,0.032460555,0.8805346,0.13567485
810,987_left,0.98758894,0.0099669425,0.008266405
811,987_right,0.987295,0.0102498885,0.008217672
812,990_left,0.04204761,0.93998486,0.060358938
813,990_right,0.024659349,0.038942683,0.9544004
814,992_left,0.98757136,0.009982821,0.008265459
815,992_right,0.987591,0.009965074,0.008266334
816,994_left,0.987591,0.009965008,0.008266393
817,994_right,0.9875909,0.009964792,0.008266612
818,997_left,0.06282946,0.74617344,0.16698144
819,997_right,0.043517284,0.6972329,0.2417833
820,998_left,0.04448637,0.9482432,0.05101711
821,998_right,0.046233032,0.946652,0.04999058
822,1000_left,0.04294906,0.9479162,0.05318695
823,1000_right,0.0442335,0.94966805,0.050192308
824,1002_left,0.029026853,0.1793017,0.8405589
825,1002_right,0.027264992,0.54320437,0.50268227
826,1008_left,0.046209194,0.054204244,0.87665176
827,1008_right,0.98759043,0.009965375,0.00826651
828,1011_left,0.051901527,0.938802,0.04882298
829,1011_right,0.08690544,0.89117867,0.048427068
830,1012_left,0.043930244,0.94919705,0.050941233
831,1012_right,0.38943473,0.5806728,0.025673797
832,1017_left,0.044298016,0.94057876,0.056219947
833,1017_right,0.04507474,0.94485873,0.05270295
834,1020_left,0.9869207,0.010491755,0.00838555
835,1020_right,0.9874857,0.009925261,0.00833771
836,1021_left,0.98759127,0.0099648535,0.008266381
837,1021_right,0.9875902,0.009965404,0.008266436
838,1024_left,0.9698528,0.02512051,0.0074765817
839,1024_right,0.4272876,0.54180676,0.017974457
840,1027_left,0.05331397,0.887077,0.089830145
841,1027_right,0.02972042,0.67417043,0.3267159
842,1029_left,0.98759115,0.009964844,0.008266452
843,1029_right,0.98758054,0.009972595,0.008269205
844,1030_left,0.024916736,0.04198995,0.9511011
845,1030_right,0.043400668,0.9502801,0.05082554
846,1032_left,0.987591,0.0099648675,0.008266436
847,1032_right,0.9875559,0.00998818,0.0082714725
848,1034_left,0.98755383,0.009949309,0.008292507
849,1034_right,0.9875897,0.009965968,0.008266581
850,1035_left,0.9871537,0.010092606,0.008556979
851,1035_right,0.98735154,0.009802715,0.008448267
852,1036_left,0.98759127,0.009964858,0.008266386
853,1036_right,0.98759127,0.00996483,0.008266405
854,1037_left,0.025873879,0.11051933,0.8734092
855,1037_right,0.024561021,0.04294969,0.95001966
856,1040_left,0.77454215,0.21340832,0.012936348
857,1040_right,0.9875909,0.009965102,0.008266374
858,1041_left,0.9268371,0.058908567,0.011411015
859,1041_right,0.9862134,0.011138866,0.008431072
860,1042_left,0.069465555,0.85636854,0.077762045
861,1042_right,0.04113879,0.9303917,0.07151426
862,1043_left,0.92139274,0.059808273,0.008528866
863,1043_right,0.9518395,0.039401703,0.010191641
864,1044_left,0.04394671,0.9497029,0.050415304
865,1044_right,0.02726456,0.14918429,0.8259697
866,1047_left,0.050551943,0.921797,0.06605584
867,1047_right,0.04838753,0.8581796,0.106037885
868,1049_left,0.04764102,0.63213843,0.2798557
869,1049_right,0.34103805,0.665254,0.033323027
870,1050_left,0.9875803,0.00996842,0.008271179
871,1050_right,0.9875888,0.009965564,0.008266976
872,1051_left,0.02468317,0.038944185,0.95435536
873,1051_right,0.024768513,0.03951794,0.953781
874,1052_left,0.025053872,0.039325062,0.95285136
875,1052_right,0.52740884,0.25973576,0.06734308
876,1055_left,0.9875893,0.009965413,0.008267437
877,1055_right,0.98758173,0.009965211,0.0082724625
878,1056_left,0.045493174,0.9325163,0.062205236
879,1056_right,0.052565496,0.9370915,0.052340586
880,1057_left,0.07517062,0.9172857,0.042447183
881,1057_right,0.9871013,0.010342409,0.008378294
882,1058_left,0.026601195,0.10449954,0.90621585
883,1058_right,0.22578004,0.7440702,0.023620015
884,1059_left,0.14537492,0.83449274,0.032679554
885,1059_right,0.045088083,0.94867,0.04992809
886,1061_left,0.042558543,0.76600724,0.21355566
887,1061_right,0.024653599,0.039030127,0.9543406
888,1070_left,0.030991765,0.15242073,0.84631103
889,1070_right,0.059657548,0.24486297,0.73442405
890,1073_left,0.043248743,0.06795523,0.8964614
891,1073_right,0.7628987,0.20829459,0.022278778
892,1075_left,0.024163563,0.7880227,0.24240361
893,1075_right,0.2792174,0.69859374,0.022178706
894,1076_left,0.044551842,0.9475528,0.05159322
895,1076_right,0.06146929,0.9293322,0.04712406
896,1077_left,0.15947579,0.8151616,0.03344055
897,1077_right,0.4424934,0.53450304,0.019962313
898,1084_left,0.024760393,0.03996711,0.95308834
899,1084_right,0.024702199,0.03910156,0.9541535
900,1088_left,0.98759127,0.009964849,0.008266393
901,1088_right,0.987591,0.009964745,0.008266542
902,1092_left,0.024674004,0.039080225,0.9542468
903,1092_right,0.024662739,0.04154874,0.9520063
904,1093_left,0.9784655,0.012652166,0.015355346
905,1093_right,0.9873611,0.00987571,0.00847189
906,1096_left,0.2614199,0.47017834,0.14767772
907,1096_right,0.9808688,0.015054574,0.009855714
908,1098_left,0.02335675,0.056675646,0.9359232
909,1098_right,0.98746127,0.009929929,0.008370394
910,1099_left,0.9715546,0.023640845,0.009900924
911,1099_right,0.78119916,0.20628509,0.015667781
912,1100_left,0.061035488,0.9310511,0.048267793
913,1100_right,0.044419874,0.94800735,0.051708512
914,1102_left,0.042854432,0.9379332,0.06111654
915,1102_right,0.030669365,0.049291987,0.9292995
916,1107_left,0.05480326,0.93434703,0.049997445
917,1107_right,0.09673789,0.897359,0.0314464
918,1111_left,0.9686631,0.027841732,0.008377339
919,1111_right,0.9874336,0.010092216,0.008274603
920,1113_left,0.98755324,0.009999797,0.008264267
921,1113_right,0.9875894,0.00996513,0.008267339
922,1116_left,0.98735577,0.010081189,0.0083655
923,1116_right,0.02557877,0.03792739,0.95317715
924,1119_left,0.02465774,0.038942058,0.9544044
925,1119_right,0.024675978,0.039113257,0.95418006
926,1120_left,0.043966167,0.8786068,0.09224552
927,1120_right,0.028344816,0.6815497,0.28979662
928,1123_left,0.1268355,0.8594019,0.044125665
929,1123_right,0.024701893,0.039106138,0.9540804
930,1127_left,0.9790157,0.017062647,0.009120861
931,1127_right,0.96391034,0.031420544,0.009274575
932,1131_left,0.07266096,0.8827588,0.07393051
933,1131_right,0.09705092,0.8184972,0.080885716
934,1133_left,0.024662286,0.03894292,0.95439464
935,1133_right,0.024972046,0.039254792,0.9534125
936,1135_left,0.974898,0.02138424,0.008973281
937,1135_right,0.8675627,0.13058768,0.010023157
938,1136_left,0.98759115,0.009964895,0.008266362
939,1136_right,0.98759127,0.0099648535,0.008266386
940,1138_left,0.041896842,0.9309657,0.07095203
941,1138_right,0.024843492,0.040618096,0.9527691
942,1139_left,0.98759115,0.009964928,0.008266452
943,1139_right,0.98759127,0.009964849,0.008266386
944,1140_left,0.98759127,0.009964849,0.008266386
945,1140_right,0.987591,0.009964755,0.008266507
946,1142_left,0.3866218,0.55100846,0.060515862
947,1142_right,0.06826151,0.9216937,0.04262799
948,1144_left,0.98752415,0.00993285,0.008312861
949,1144_right,0.98735017,0.009794091,0.008451627
950,1145_left,0.043368608,0.74312043,0.16789874
951,1145_right,0.98759115,0.009964801,0.008266448
952,1146_left,0.037148707,0.68927,0.22894427
953,1146_right,0.41545203,0.51508075,0.027443048
954,1147_left,0.04079988,0.9450031,0.058548395
955,1147_right,0.04409227,0.945693,0.053432312
956,1152_left,0.047792837,0.9351946,0.05567705
957,1152_right,0.84036034,0.147348,0.01203523
958,1161_left,0.98758715,0.00996611,0.008267859
959,1161_right,0.98758465,0.0099613825,0.008271105
960,1162_left,0.8071139,0.18812235,0.013282783
961,1162_right,0.053310808,0.9311476,0.057719838
962,1165_left,0.055046793,0.37934193,0.5212803
963,1165_right,0.17226323,0.79301953,0.056352265
964,1167_left,0.9875908,0.009965037,0.008266565
965,1167_right,0.987591,0.009964948,0.008266417
966,1170_left,0.50973475,0.421079,0.028971707
967,1170_right,0.94771445,0.041855745,0.008757761
968,1172_left,0.9874166,0.010123013,0.008275601
969,1172_right,0.27024817,0.6852118,0.033436373
970,1177_left,0.93484175,0.05317337,0.010175813
971,1177_right,0.9769826,0.019700462,0.007248822
972,1178_left,0.027334385,0.23770377,0.7261329
973,1178_right,0.71963644,0.25105536,0.020544037
974,1179_left,0.7680943,0.22336489,0.014387074
975,1179_right,0.92303616,0.06479419,0.014534063
976,1180_left,0.96892625,0.025034783,0.011863161
977,1180_right,0.98753345,0.010015934,0.008269548
978,1182_left,0.9855481,0.011726494,0.008414605
979,1182_right,0.47991022,0.54053986,0.010560833
980,1188_left,0.039146632,0.93161106,0.07361119
981,1188_right,0.068509765,0.9260472,0.039866652
982,1192_left,0.9875853,0.009966744,0.008268219
983,1192_right,0.98753184,0.009999937,0.008291543
984,1196_left,0.9875115,0.010031691,0.008276261
985,1196_right,0.987591,0.009964745,0.008266519
986,1197_left,0.03723818,0.64778775,0.35182887
987,1197_right,0.77410024,0.22014403,0.008096594
988,1199_left,0.98758847,0.009965978,0.008267339
989,1199_right,0.9875858,0.009966072,0.008268825
990,1202_left,0.02471805,0.03907906,0.95411557
991,1202_right,0.024766563,0.03903001,0.9539423
992,1204_left,0.89219713,0.09353372,0.009640223
993,1204_right,0.9855788,0.011616475,0.008111934
994,1206_left,0.98759127,0.0099648535,0.008266381
995,1206_right,0.98759127,0.0099648535,0.008266386
996,1211_left,0.98545897,0.011121898,0.008984855
997,1211_right,0.98758566,0.009962436,0.008270143
998,1212_left,0.18666457,0.8077257,0.020553948
999,1212_right,0.67402416,0.26251778,0.020005148
1000,1222_left,0.026757246,0.088266626,0.8997192
1001,1222_right,0.0521356,0.9411113,0.046303354
1002,1226_left,0.060728442,0.8803429,0.08095161
1003,1226_right,0.77102107,0.24522455,0.008755741
1004,1228_left,0.024686884,0.039079476,0.9542063
1005,1228_right,0.023048794,0.04994549,0.945631
1006,1233_left,0.8551674,0.13149361,0.016092604
1007,1233_right,0.8551033,0.11567203,0.016981743
1008,1240_left,0.0566096,0.9316688,0.051969837
1009,1240_right,0.024682451,0.0389216,0.954361
1010,1242_left,0.9875786,0.009976493,0.008265748
1011,1242_right,0.9841935,0.012829395,0.008710701
1012,1255_left,0.98668927,0.010788465,0.008285802
1013,1255_right,0.023904769,0.056493897,0.9387724
1014,1259_left,0.36505905,0.6289438,0.026730163
1015,1259_right,0.07293691,0.8984589,0.06244115
1016,1260_left,0.98756814,0.00998586,0.0082663465
1017,1260_right,0.97769064,0.017360887,0.010593574
1018,1266_left,0.028247466,0.7207399,0.32420504
1019,1266_right,0.025019297,0.042265374,0.9504253
1020,1267_left,0.023359776,0.3585848,0.6971525
1021,1267_right,0.9864587,0.010935687,0.008371198
1022,1269_left,0.9874166,0.010126224,0.008248883
1023,1269_right,0.9834471,0.013703005,0.008416165
1024,1272_left,0.04353344,0.8847,0.11512215
1025,1272_right,0.04782556,0.9240976,0.06935485
1026,1275_left,0.987591,0.0099649895,0.00826642
1027,1275_right,0.98759127,0.009964849,0.008266389
1028,1277_left,0.98744684,0.010093245,0.008272631
1029,1277_right,0.9875886,0.009966984,0.0082668625
1030,1282_left,0.05111811,0.90448296,0.08409183
1031,1282_right,0.07950559,0.9143084,0.035450377
1032,1283_left,0.54766035,0.41573378,0.020073298
1033,1283_right,0.5602567,0.3712597,0.020262225
1034,1285_left,0.98759127,0.009964849,0.008266389
1035,1285_right,0.9875901,0.00996434,0.00826714
1036,1289_left,0.024863165,0.038843475,0.95382285
1037,1289_right,0.01960096,0.14122786,0.87171507
1038,1290_left,0.17661092,0.8087873,0.029612536
1039,1290_right,0.046470985,0.9346461,0.05838924
1040,1292_left,0.04833008,0.9126735,0.07475375
1041,1292_right,0.053709537,0.93194807,0.054846752
1042,1294_left,0.9874643,0.010086934,0.008229627
1043,1294_right,0.98759115,0.009964881,0.008266389
1044,1296_left,0.9875585,0.009995147,0.008264931
1045,1296_right,0.98731554,0.010158532,0.008363692
1046,1297_left,0.4529707,0.4632296,0.020152247
1047,1297_right,0.38194272,0.30671275,0.09608002
1048,1299_left,0.16507284,0.8201938,0.026510125
1049,1299_right,0.9874687,0.010046524,0.00828056
1050,1302_left,0.043655045,0.94993544,0.050907314
1051,1302_right,0.045348957,0.87599766,0.091287024
1052,1305_left,0.03546176,0.8887254,0.12598483
1053,1305_right,0.046171423,0.931761,0.06466306
1054,1306_left,0.060650628,0.93577105,0.04378749
1055,1306_right,0.06371221,0.92758566,0.050368913
1056,1307_left,0.98759127,0.009964849,0.008266393
1057,1307_right,0.04238837,0.17841186,0.8008522
1058,1309_left,0.12182833,0.8562684,0.0386949
1059,1309_right,0.971892,0.016942792,0.018343508
1060,1312_left,0.056889303,0.9356948,0.04542506
1061,1312_right,0.22291707,0.74755913,0.027401995
1062,1313_left,0.0249659,0.041802365,0.9508803
1063,1313_right,0.029713633,0.18903388,0.7666938
1064,1316_left,0.09065521,0.8821428,0.053934716
1065,1316_right,0.14452305,0.8408504,0.02799248
1066,1318_left,0.036089804,0.09138327,0.8926088
1067,1318_right,0.102756575,0.055386793,0.8201228
1068,1322_left,0.98759055,0.009964698,0.008266776
1069,1322_right,0.98204,0.015004462,0.008127388
1070,1324_left,0.9831746,0.0136060435,0.0089353705
1071,1324_right,0.98758674,0.009968965,0.008266135
1072,1330_left,0.024759766,0.03887571,0.9542199
1073,1330_right,0.02477663,0.038840145,0.9541576
1074,1332_left,0.052843105,0.93803006,0.049811553
1075,1332_right,0.6124586,0.33670557,0.016203875
1076,1333_left,0.024676008,0.039253544,0.95404255
1077,1333_right,0.042883784,0.94760275,0.053216655
1078,1334_left,0.93038994,0.039716322,0.022845037
1079,1334_right,0.2517003,0.6521408,0.059664894
1080,1336_left,0.025284838,0.044729706,0.94765073
1081,1336_right,0.03393024,0.5367602,0.38499224
1082,1343_left,0.82590884,0.15300894,0.014982054
1083,1343_right,0.9875903,0.009964834,0.008266835
1084,1346_left,0.024669604,0.03905858,0.9542574
1085,1346_right,0.02479551,0.039643344,0.9534814
1086,1347_left,0.026003124,0.859012,0.14045785
1087,1347_right,0.87022835,0.01307183,0.06705661
1088,1348_left,0.026002813,0.12962858,0.8588037
1089,1348_right,0.04941445,0.94137883,0.05067409
1090,1349_left,0.024663461,0.038945388,0.95439357
1091,1349_right,0.02447407,0.18890078,0.8467362
1092,1350_left,0.043254584,0.95002645,0.051292162
1093,1350_right,0.0432402,0.95052505,0.050888516
1094,1351_left,0.024663266,0.03895927,0.95438296
1095,1351_right,0.028434914,0.26069593,0.7555647
1096,1353_left,0.04911618,0.88401896,0.078265466
1097,1353_right,0.11724852,0.86712456,0.032439534
1098,1356_left,0.028949823,0.77846324,0.19851302
1099,1356_right,0.04690376,0.9458312,0.050276943
1100,1357_left,0.8862451,0.10264317,0.011743986
1101,1357_right,0.98685324,0.0106437905,0.008175837
1102,1358_left,0.98659176,0.0108049605,0.008426402
1103,1358_right,0.98743945,0.010106293,0.008256349
1104,1361_left,0.98758954,0.00996642,0.008266307
1105,1361_right,0.98759127,0.0099648535,0.008266386
1106,1362_left,0.02467828,0.039648134,0.9537256
1107,1362_right,0.02466673,0.038985208,0.9543465
1108,1363_left,0.03347404,0.7729497,0.22654681
1109,1363_right,0.025107931,0.052714948,0.93871427
1110,1367_left,0.98517585,0.011836991,0.008847953
1111,1367_right,0.9580325,0.03298023,0.01186684
1112,1369_left,0.7342557,0.21359128,0.016611286
1113,1369_right,0.9863598,0.01103125,0.0082963165
1114,1370_left,0.98759115,0.00996483,0.008266441
1115,1370_right,0.98692423,0.010573217,0.008254252
1116,1373_left,0.9874265,0.010105443,0.008283835
1117,1373_right,0.987591,0.009965066,0.00826637
1118,1374_left,0.9870209,0.010492526,0.008252925
1119,1374_right,0.98511976,0.012297028,0.007679129
1120,1377_left,0.6232412,0.13887933,0.046338573
1121,1377_right,0.9864117,0.010638078,0.008703305
1122,1378_left,0.026156625,0.04872926,0.9424059
1123,1378_right,0.022660205,0.13953663,0.8524901
1124,1387_left,0.7864967,0.2175901,0.009431308
1125,1387_right,0.0510085,0.9433127,0.047954444
1126,1388_left,0.04640113,0.9456995,0.051034473
1127,1388_right,0.4247166,0.5665962,0.030000644
1128,1391_left,0.055700194,0.91008765,0.071868345
1129,1391_right,0.87079686,0.11249775,0.017448256
1130,1393_left,0.07095512,0.92691135,0.040501215
1131,1393_right,0.046305954,0.94757396,0.0489939
1132,1394_left,0.053104702,0.8611941,0.11320218
1133,1394_right,0.98759115,0.009964895,0.008266389
1134,1395_left,0.04465855,0.9474082,0.051667962
1135,1395_right,0.043665797,0.9466284,0.053054933
1136,1396_left,0.9863621,0.009360762,0.009318897
1137,1396_right,0.987483,0.0099066105,0.008343961
1138,1399_left,0.04419777,0.8315921,0.12355958
1139,1399_right,0.04048452,0.882707,0.09428183
1140,1407_left,0.025085323,0.038625095,0.9537409
1141,1407_right,0.9875858,0.009969102,0.008267496
1142,1408_left,0.057890356,0.92665935,0.054161347
1143,1408_right,0.32423764,0.6357783,0.0253315
1144,1409_left,0.9875848,0.009971682,0.008263431
1145,1409_right,0.9874033,0.010132659,0.00827436
1146,1411_left,0.98740655,0.010139673,0.008244473
1147,1411_right,0.98759043,0.009964632,0.008266874
1148,1412_left,0.9874858,0.010058948,0.008264493
1149,1412_right,0.98758715,0.009967889,0.0082671475
1150,1418_left,0.9875826,0.009972896,0.008265545
1151,1418_right,0.9875645,0.009988785,0.008266749
1152,1419_left,0.038704693,0.5274348,0.39137167
1153,1419_right,0.037785035,0.7808813,0.22876053
1154,1420_left,0.72604275,0.20061813,0.07069547
1155,1420_right,0.6134422,0.38987485,0.02206781
1156,1422_left,0.9875908,0.009964915,0.008266722
1157,1422_right,0.9843562,0.013152248,0.007621033
1158,1424_left,0.9875715,0.00995246,0.008280928
1159,1424_right,0.987591,0.009964703,0.00826653
1160,1425_left,0.98759115,0.009964905,0.008266374
1161,1425_right,0.9875909,0.009964745,0.008266542
1162,1427_left,0.039625905,0.9313469,0.07343039
1163,1427_right,0.046477858,0.94622314,0.05043962
1164,1429_left,0.91967666,0.07325447,0.010735233
1165,1429_right,0.05097871,0.941362,0.049574036
1166,1430_left,0.024673333,0.039038595,0.9543063
1167,1430_right,0.024673754,0.038984273,0.9543533
1168,1431_left,0.06777107,0.9147326,0.06252998
1169,1431_right,0.39561838,0.56890655,0.028374052
1170,1432_left,0.70072263,0.25956598,0.015938504
1171,1432_right,0.9100698,0.083895996,0.009981987
1172,1439_left,0.07314144,0.9042123,0.05835056
1173,1439_right,0.29754788,0.6382823,0.036469296
1174,1444_left,0.906004,0.068752244,0.014063858
1175,1444_right,0.597127,0.3603723,0.026747053
1176,1446_left,0.04845947,0.9413475,0.0520795
1177,1446_right,0.044700384,0.9276531,0.06772854
1178,1449_left,0.98758066,0.009974714,0.0082646385
1179,1449_right,0.039906617,0.9307183,0.06669855
1180,1452_left,0.98685956,0.010253067,0.008585465
1181,1452_right,0.97032005,0.0073860325,0.019333709
1182,1454_left,0.033196323,0.8158558,0.16084856
1183,1454_right,0.039239727,0.91041684,0.078957744
1184,1469_left,0.98170257,0.014466127,0.009762242
1185,1469_right,0.024571875,0.040011242,0.95357436
1186,1471_left,0.987478,0.010070284,0.008256853
1187,1471_right,0.96535724,0.029671418,0.009145406
1188,1475_left,0.02468941,0.03890353,0.95437515
1189,1475_right,0.98492557,0.009021984,0.010095809
1190,1478_left,0.055631075,0.837194,0.10294861
1191,1478_right,0.089830145,0.8961685,0.040946826
1192,1480_left,0.030805107,0.08314597,0.8945028
1193,1480_right,0.042828977,0.9374855,0.061935138
1194,1481_left,0.09456571,0.8508676,0.07535785
1195,1481_right,0.048180938,0.9395615,0.055560537
1196,1487_left,0.2684322,0.6663562,0.030101255
1197,1487_right,0.10792316,0.86830896,0.04316331
1198,1488_left,0.9875772,0.009977115,0.008263806
1199,1488_right,0.98550946,0.0118346205,0.0082654515
1200,1492_left,0.987591,0.009964994,0.008266409
1201,1492_right,0.98759127,0.009964858,0.008266386
1202,1493_left,0.98755753,0.009995916,0.008264642
1203,1493_right,0.030796392,0.080052674,0.9123123
1204,1495_left,0.98757195,0.009970909,0.008274622
1205,1495_right,0.034752447,0.86355627,0.1312461
1206,1496_left,0.024930961,0.048719537,0.9435057
1207,1496_right,0.07922361,0.81146634,0.12320887
1208,1497_left,0.024382472,0.043434154,0.9503759
1209,1497_right,0.02995904,0.28180408,0.7756706
1210,1499_left,0.023741715,0.1009618,0.89044434
1211,1499_right,0.024646021,0.03931092,0.95411026
1212,1500_left,0.04199461,0.947568,0.05488849
1213,1500_right,0.04329215,0.9504356,0.05089888
1214,1501_left,0.063549355,0.87967396,0.07583986
1215,1501_right,0.64232504,0.15478404,0.060727127
1216,1502_left,0.9875909,0.009964651,0.008266601
1217,1502_right,0.94410616,0.0035367885,0.0487498
1218,1504_left,0.5614979,0.41747564,0.011667457
1219,1504_right,0.043523327,0.95017254,0.05083311
1220,1505_left,0.02882112,0.056288734,0.9352454
1221,1505_right,0.024704577,0.03973481,0.9534288
1222,1506_left,0.07930607,0.90034115,0.04921883
1223,1506_right,0.98551637,0.01183379,0.008229627
1224,1507_left,0.987344,0.010110411,0.008327501
1225,1507_right,0.31070518,0.42077175,0.16710627
1226,1508_left,0.9720293,0.022507038,0.009560822
1227,1508_right,0.98754907,0.010001642,0.008269736
1228,1509_left,0.04460535,0.94891953,0.050412726
1229,1509_right,0.053870168,0.938096,0.047592953
1230,1513_left,0.98669887,0.010717934,0.008378476
1231,1513_right,0.9875832,0.009972407,0.008265927
1232,1514_left,0.024826128,0.039338358,0.9537304
1233,1514_right,0.06022468,0.9208899,0.05707006
1234,1516_left,0.043154567,0.9497042,0.051612478
1235,1516_right,0.026924007,0.1870732,0.7875603
1236,1520_left,0.97709477,0.018565008,0.010170992
1237,1520_right,0.9254703,0.05678645,0.01923532
1238,1524_left,0.024704237,0.039116737,0.95413357
1239,1524_right,0.024697045,0.038998,0.95425415
1240,1526_left,0.033975568,0.73083925,0.20316775
1241,1526_right,0.055559758,0.9313686,0.050843596
1242,1527_left,0.041768163,0.94262296,0.05779154
1243,1527_right,0.20343728,0.7270522,0.056051284
1244,1528_left,0.9875475,0.009991543,0.0082791075
1245,1528_right,0.9860622,0.011395877,0.008206952
1246,1530_left,0.09895998,0.14011909,0.68075883
1247,1530_right,0.030998567,0.037981525,0.9443852
1248,1532_left,0.24641928,0.72840416,0.025914496
1249,1532_right,0.9875706,0.0099672945,0.008275812
1250,1536_left,0.5315406,0.4987531,0.017203182
1251,1536_right,0.19624473,0.80669135,0.030653434
1252,1540_left,0.037094932,0.82093674,0.17466699
1253,1540_right,0.024767326,0.05208171,0.9444111
1254,1541_left,0.9695507,0.025790816,0.009634426
1255,1541_right,0.92547715,0.05987326,0.016948622
1256,1544_left,0.037284143,0.75615346,0.18005767
1257,1544_right,0.03479543,0.32390147,0.61289537
1258,1550_left,0.9873834,0.010187178,0.00816353
1259,1550_right,0.9875897,0.009965954,0.008266655
1260,1551_left,0.81591946,0.17488867,0.0067400457
1261,1551_right,0.061718002,0.6773379,0.23693313
1262,1552_left,0.98727894,0.01026492,0.008194282
1263,1552_right,0.984032,0.013218573,0.008367031
1264,1557_left,0.024669433,0.038923543,0.9543971
1265,1557_right,0.044156346,0.9489127,0.05104704
1266,1563_left,0.044677943,0.94881916,0.050544802
1267,1563_right,0.048788376,0.944883,0.0476839
1268,1569_left,0.045892898,0.94647765,0.05098531
1269,1569_right,0.9655592,0.029421074,0.009146483
1270,1570_left,0.93557596,0.050949007,0.016860178
1271,1570_right,0.86795354,0.11400222,0.021406703
1272,1574_left,0.04754484,0.93798614,0.056089792
1273,1574_right,0.9396175,0.04078441,0.021276616
1274,1579_left,0.9875907,0.009965074,0.008266537
1275,1579_right,0.987591,0.009964755,0.008266546
1276,1586_left,0.9875908,0.009965074,0.008266636
1277,1586_right,0.055718943,0.93093944,0.050509553
1278,1588_left,0.04362733,0.95011294,0.050696965
1279,1588_right,0.04482581,0.94799525,0.05107067
1280,1589_left,0.9875843,0.009961574,0.008271227
1281,1589_right,0.98447335,0.011028711,0.009550802
1282,1592_left,0.04542093,0.904544,0.07748783
1283,1592_right,0.049541943,0.9358247,0.053797726
1284,1595_left,0.04564549,0.82534796,0.16338867
1285,1595_right,0.07678737,0.90416706,0.049728904
1286,1596_left,0.0467211,0.94411373,0.051532105
1287,1596_right,0.025899407,0.37420362,0.62984014
1288,1599_left,0.9870663,0.010394012,0.008359359
1289,1599_right,0.9874148,0.010058597,0.00835201
1290,1600_left,0.9875908,0.009965234,0.008266378
1291,1600_right,0.98759127,0.0099648535,0.008266386
1292,1607_left,0.987565,0.009988285,0.008266799
1293,1607_right,0.98738307,0.010158998,0.008255852
1294,1608_left,0.025826165,0.044499252,0.9475832
1295,1608_right,0.047975782,0.9431888,0.052942116
1296,1609_left,0.0304106,0.86724895,0.1450643
1297,1609_right,0.04229227,0.8896959,0.10485764
1298,1610_left,0.98759127,0.0099648535,0.008266386
1299,1610_right,0.98759127,0.0099648535,0.008266386
1300,1611_left,0.9871486,0.010382904,0.00822068
1301,1611_right,0.8096806,0.19157162,0.008588274
1302,1614_left,0.024158735,0.07787079,0.9157867
1303,1614_right,0.9787378,0.017998038,0.008701919
1304,1624_left,0.037549585,0.81316537,0.19024275
1305,1624_right,0.056674246,0.93602276,0.047383625
1306,1630_left,0.98759115,0.009964849,0.008266413
1307,1630_right,0.98759127,0.009964849,0.0082664015
1308,1632_left,0.9859925,0.011318518,0.00823139
1309,1632_right,0.9857043,0.011162884,0.008781724
1310,1634_left,0.04463517,0.9485524,0.050784424
1311,1634_right,0.066601165,0.92136985,0.04517699
1312,1636_left,0.024657635,0.038941205,0.9544066
1313,1636_right,0.04386857,0.94886756,0.051392075
1314,1638_left,0.97317195,0.011456251,0.020839587
1315,1638_right,0.98637414,0.0095873,0.009234915
1316,1639_left,0.050621584,0.9412301,0.05007317
1317,1639_right,0.049878627,0.9377172,0.05378719
1318,1640_left,0.024857612,0.039652664,0.95331156
1319,1640_right,0.04236985,0.94641465,0.054722305
1320,1641_left,0.98759115,0.0099649,0.008266393
1321,1641_right,0.9623432,0.030822165,0.012037726
1322,1643_left,0.04744913,0.9428985,0.052393995
1323,1643_right,0.9670167,0.029810308,0.008422235
1324,1649_left,0.98759115,0.009964895,0.00826637
1325,1649_right,0.98759127,0.009964858,0.008266381
1326,1650_left,0.04064534,0.9376984,0.061678734
1327,1650_right,0.04469428,0.9470109,0.0521894
1328,1651_left,0.98659396,0.010601054,0.0086175315
1329,1651_right,0.9873584,0.010117806,0.008382883
1330,1655_left,0.024675457,0.038933203,0.9543725
1331,1655_right,0.024666863,0.038924612,0.95439225
1332,1658_left,0.9875882,0.009966391,0.008267163
1333,1658_right,0.9875174,0.010028652,0.008273527
1334,1659_left,0.02467038,0.038930107,0.95439035
1335,1659_right,0.14748181,0.8468307,0.032330904
1336,1660_left,0.04642338,0.9455573,0.050854992
1337,1660_right,0.98759127,0.0099648535,0.008266386
1338,1663_left,0.08119634,0.91571105,0.03807332
1339,1663_right,0.043073006,0.94875294,0.052058317
1340,1666_left,0.023055568,0.05710975,0.94191366
1341,1666_right,0.05821211,0.93168813,0.047538836
1342,1667_left,0.021922853,0.32752237,0.74144197
1343,1667_right,0.061694797,0.63354653,0.21463504
1344,1669_left,0.9426737,0.047334563,0.013801594
1345,1669_right,0.98602295,0.011261114,0.008559027
1346,1672_left,0.03750968,0.77445877,0.22622125
1347,1672_right,0.03184263,0.24397284,0.7062406
1348,1673_left,0.98589295,0.011538728,0.008257606
1349,1673_right,0.7475522,0.28968593,0.005471957
1350,1674_left,0.062192883,0.9117237,0.06633764
1351,1674_right,0.065008655,0.9174576,0.054132942
1352,1675_left,0.024681976,0.039219607,0.9541006
1353,1675_right,0.026206313,0.14102349,0.8544309
1354,1678_left,0.14837223,0.8395462,0.026309654
1355,1678_right,0.8478782,0.13252501,0.01631921
1356,1680_left,0.024655392,0.038941853,0.95441085
1357,1680_right,0.0287926,0.34526387,0.66884273
1358,1687_left,0.98758334,0.00997251,0.008265521
1359,1687_right,0.98759127,0.0099648535,0.008266386
1360,1688_left,0.9596129,0.035144273,0.009704772
1361,1688_right,0.9820609,0.014853215,0.008470112
1362,1689_left,0.058312353,0.93163496,0.048776276
1363,1689_right,0.044455916,0.94880843,0.05083854
1364,1696_left,0.987501,0.010045244,0.008262973
1365,1696_right,0.98758405,0.009971069,0.008265545
1366,1698_left,0.025803935,0.6753498,0.32968378
1367,1698_right,0.9871939,0.010300437,0.008319047
1368,1702_left,0.35143438,0.610734,0.01658732
1369,1702_right,0.04734621,0.94517505,0.04987865
1370,1706_left,0.05239101,0.9364285,0.048134565
1371,1706_right,0.04646476,0.9451102,0.050504677
1372,1710_left,0.15258278,0.83171386,0.028404698
1373,1710_right,0.124349274,0.43871462,0.29273814
1374,1713_left,0.98759127,0.009964877,0.008266386
1375,1713_right,0.9875894,0.009966476,0.008266339
1376,1718_left,0.024679387,0.038913142,0.95438045
1377,1718_right,0.025076704,0.040646993,0.9520273
1378,1719_left,0.9639676,0.02898404,0.010475707
1379,1719_right,0.98758465,0.00997018,0.008267265
1380,1722_left,0.024654489,0.0389399,0.9544144
1381,1722_right,0.02465424,0.038940642,0.9544143
1382,1724_left,0.04288491,0.9448842,0.055469178
1383,1724_right,0.04207528,0.94585687,0.056124516
1384,1727_left,0.044096302,0.9454066,0.053163182
1385,1727_right,0.042237915,0.9134549,0.07463448
1386,1732_left,0.98759127,0.0099648535,0.008266386
1387,1732_right,0.9875909,0.00996484,0.008266562
1388,1733_left,0.050386615,0.9415231,0.051424626
1389,1733_right,0.98437357,0.012492364,0.008852257
1390,1736_left,0.9870438,0.010473621,0.008257314
1391,1736_right,0.9786904,0.017091284,0.00985481
1392,1737_left,0.025010213,0.03888977,0.9535765
1393,1737_right,0.024684886,0.038931437,0.95433396
1394,1741_left,0.025060792,0.18392222,0.8282222
1395,1741_right,0.9875908,0.009965168,0.008266432
1396,1742_left,0.07493791,0.9205826,0.041544314
1397,1742_right,0.048178215,0.9444347,0.04941535
1398,1743_left,0.98759115,0.009964792,0.008266456
1399,1743_right,0.9875223,0.0099222055,0.008317372
1400,1744_left,0.02465313,0.03894688,0.95440745
1401,1744_right,0.9875732,0.009970223,0.008280083
1402,1749_left,0.024656018,0.03893908,0.9544114
1403,1749_right,0.044175442,0.9463338,0.05285986
1404,1751_left,0.024657153,0.038941603,0.95440835
1405,1751_right,0.024666987,0.03893486,0.9543951
1406,1752_left,0.22630309,0.75205714,0.033549346
1407,1752_right,0.37753865,0.59738433,0.029088037
1408,1754_left,0.10556468,0.8833385,0.033124153
1409,1754_right,0.94360775,0.050833937,0.007680427
1410,1756_left,0.96483874,0.02797121,0.009841192
1411,1756_right,0.22092865,0.7571299,0.024179006
1412,1759_left,0.048209578,0.9449605,0.048782095
1413,1759_right,0.98727125,0.010208616,0.008296462
1414,1763_left,0.9852026,0.011988992,0.008635348
1415,1763_right,0.26711404,0.7280007,0.036295086
1416,1764_left,0.26531875,0.69341934,0.026298698
1417,1764_right,0.9874851,0.010050262,0.00826036
1418,1765_left,0.028149374,0.80379,0.217538
1419,1765_right,0.044394083,0.9490364,0.050520733
1420,1766_left,0.023541,0.59225136,0.48547825
1421,1766_right,0.04261833,0.9390891,0.061505657
1422,1769_left,0.09192291,0.8980477,0.042245977
1423,1769_right,0.04825535,0.67820984,0.28158402
1424,1771_left,0.56464154,0.42909333,0.012323516
1425,1771_right,0.26444328,0.7249298,0.018220793
1426,1772_left,0.026630336,0.12621146,0.8542144
1427,1772_right,0.04365866,0.9464992,0.05329027
1428,1775_left,0.987588,0.009967812,0.008266194
1429,1775_right,0.027372045,0.23021118,0.797311
1430,1776_left,0.024660124,0.038951527,0.95439684
1431,1776_right,0.025077345,0.054651037,0.94262964
1432,1777_left,0.043244503,0.9504866,0.050916206
1433,1777_right,0.036027778,0.9191029,0.08381236
1434,1779_left,0.98757195,0.009982317,0.008265733
1435,1779_right,0.04640215,0.89195,0.097490706
1436,1785_left,0.987591,0.009964745,0.00826651
1437,1785_right,0.98759127,0.0099648535,0.008266386
1438,1786_left,0.045783542,0.9467062,0.05078617
1439,1786_right,0.96646523,0.02763129,0.009314684
1440,1793_left,0.046394512,0.9458366,0.05105593
1441,1793_right,0.04632545,0.946985,0.05009345
1442,1799_left,0.21879995,0.76486456,0.024531575
1443,1799_right,0.987565,0.009986987,0.008269506
1444,1801_left,0.28227875,0.44221774,0.095934175
1445,1801_right,0.057693303,0.7428743,0.21957394
1446,1802_left,0.04805679,0.90558064,0.0841052
1447,1802_right,0.022788975,0.19879648,0.82301825
1448,1803_left,0.59161294,0.38957843,0.010645025
1449,1803_right,0.8040981,0.1707206,0.012765941
1450,1808_left,0.04462125,0.94862336,0.05087502
1451,1808_right,0.882289,0.096537836,0.013993793
1452,1810_left,0.98290265,0.014631136,0.0077070603
1453,1810_right,0.9875814,0.009968584,0.008269361
1454,1817_left,0.039793693,0.8795052,0.10832876
1455,1817_right,0.64691234,0.33362383,0.019232027
1456,1823_left,0.04764244,0.94434947,0.050342917
1457,1823_right,0.98759127,0.0099648535,0.008266386
1458,1826_left,0.9875143,0.010042566,0.008246511
1459,1826_right,0.9875873,0.009968782,0.008265174
1460,1827_left,0.98759127,0.009964877,0.008266381
1461,1827_right,0.98756367,0.0099909725,0.008263423
1462,1831_left,0.038847927,0.7997477,0.151393
1463,1831_right,0.051508848,0.92915875,0.058781873
1464,1832_left,0.98758507,0.009966519,0.008268145
1465,1832_right,0.9875322,0.010006284,0.008283333
1466,1833_left,0.027437612,0.11115012,0.8831945
1467,1833_right,0.10800132,0.8178689,0.07453712
1468,1835_left,0.04232002,0.93192095,0.06323439
1469,1835_right,0.049132083,0.9387378,0.054094233
1470,1836_left,0.046571713,0.9465831,0.049046963
1471,1836_right,0.06810696,0.92140245,0.043775372
1472,1839_left,0.98725814,0.010256092,0.008289191
1473,1839_right,0.98717576,0.010294674,0.008377917
1474,1847_left,0.27768654,0.72604537,0.032839544
1475,1847_right,0.9638263,0.032143813,0.008588554
1476,1849_left,0.038724817,0.90620476,0.09324855
1477,1849_right,0.042074494,0.91382027,0.08309472
1478,1851_left,0.07295155,0.90570706,0.057420935
1479,1851_right,0.65410686,0.12943852,0.1409174
1480,1853_left,0.81729275,0.0748512,0.056587238
1481,1853_right,0.02447264,0.04158141,0.9514551
1482,1855_left,0.024856841,0.041626986,0.95137215
1483,1855_right,0.045701474,0.94363135,0.052526277
1484,1856_left,0.05755663,0.93129903,0.048024114
1485,1856_right,0.04408152,0.9480352,0.052067637
1486,1859_left,0.929994,0.062447295,0.012312524
1487,1859_right,0.8224541,0.15598221,0.014987325
1488,1862_left,0.029317942,0.15537067,0.86569726
1489,1862_right,0.98759127,0.0099648535,0.008266386
1490,1867_left,0.9872443,0.010228669,0.008273977
1491,1867_right,0.9875466,0.0099965725,0.008276258
1492,1868_left,0.024590295,0.04725875,0.94529444
1493,1868_right,0.024961624,0.038875505,0.9538445
1494,1869_left,0.025046507,0.040802605,0.9521356
1495,1869_right,0.04311739,0.9493781,0.051779684
1496,1872_left,0.041687664,0.93780077,0.06000431
1497,1872_right,0.04346985,0.93086755,0.06312816
1498,1873_left,0.9865704,0.010841927,0.00838565
1499,1873_right,0.9875858,0.009969629,0.008265412
1500,1878_left,0.024674729,0.039172594,0.9541892
1501,1878_right,0.02467038,0.03898777,0.95434797
1502,1880_left,0.9260306,0.06908876,0.009879324
1503,1880_right,0.93831235,0.052912854,0.012646545
1504,1881_left,0.9873002,0.010230278,0.008239487
1505,1881_right,0.9868173,0.010593549,0.008209406
1506,1886_left,0.8599213,0.1425482,0.009111273
1507,1886_right,0.9197163,0.07079739,0.009167825
1508,1887_left,0.98743004,0.010084001,0.008331286
1509,1887_right,0.9796822,0.01674896,0.008137966
1510,1889_left,0.0482594,0.9423316,0.051096123
1511,1889_right,0.035870727,0.88652277,0.12529857
1512,1893_left,0.03020948,0.29535654,0.6391756
1513,1893_right,0.024915786,0.04149585,0.95122164
1514,1905_left,0.41526973,0.5725059,0.012514519
1515,1905_right,0.091134295,0.8999285,0.03405022
1516,1906_left,0.037896175,0.87563556,0.10137366
1517,1906_right,0.0439881,0.94684803,0.052562576
1518,1907_left,0.37110004,0.58717555,0.02422415
1519,1907_right,0.6322108,0.37983888,0.019311273
1520,1910_left,0.031744294,0.05894437,0.9209898
1521,1910_right,0.045513406,0.74403805,0.24842216
1522,1914_left,0.05548152,0.901444,0.070369706
1523,1914_right,0.940226,0.049076464,0.008779445
1524,1915_left,0.9843763,0.01297262,0.0078807995
1525,1915_right,0.060015086,0.7979414,0.14645909
1526,1916_left,0.98735934,0.010187038,0.008234533
1527,1916_right,0.98759127,0.0099648535,0.008266386
1528,1919_left,0.27481169,0.72947425,0.027782368
1529,1919_right,0.49158126,0.50732416,0.022539856
1530,1920_left,0.9873095,0.010226367,0.008261629
1531,1920_right,0.9874686,0.01007208,0.008272338
1532,1926_left,0.02465827,0.038935512,0.9544102
1533,1926_right,0.02465974,0.038932763,0.9544089
1534,1928_left,0.977242,0.01915225,0.00911934
1535,1928_right,0.9817563,0.015280783,0.008495913
1536,1929_left,0.04357992,0.9500869,0.05073039
1537,1929_right,0.9850944,0.012247359,0.008228534
1538,1932_left,0.033281296,0.5820056,0.3589342
1539,1932_right,0.048370916,0.93851686,0.05327824
1540,1933_left,0.024623588,0.03931681,0.95396465
1541,1933_right,0.027125534,0.044226397,0.9465049
1542,1936_left,0.024536151,0.040879026,0.95299804
1543,1936_right,0.024795612,0.039557505,0.9536508
1544,1940_left,0.91712403,0.07114516,0.012578492
1545,1940_right,0.15291347,0.84760964,0.02879708
1546,1941_left,0.5200518,0.41218954,0.032467205
1547,1941_right,0.03640198,0.8344586,0.17828754
1548,1943_left,0.024670666,0.038973246,0.95435447
1549,1943_right,0.0382929,0.17451034,0.7742083
1550,1947_left,0.9321051,0.054916255,0.015197311
1551,1947_right,0.058817483,0.9297159,0.0498097
1552,1953_left,0.8240707,0.15958102,0.016744766
1553,1953_right,0.066753276,0.91195977,0.06699984
1554,1955_left,0.03390352,0.88467455,0.11636475
1555,1955_right,0.033642538,0.82732475,0.14921084
1556,1959_left,0.9872507,0.009846379,0.008508752
1557,1959_right,0.9875458,0.01000996,0.008248941
1558,1960_left,0.81177425,0.1659725,0.016894428
1559,1960_right,0.9377977,0.053976588,0.010308457
1560,1965_left,0.027312886,0.15978692,0.8249448
1561,1965_right,0.055911057,0.9226159,0.055575904
1562,1967_left,0.98758894,0.009966307,0.008266612
1563,1967_right,0.98749965,0.01003612,0.008287553
1564,1971_left,0.987528,0.010015547,0.0082824165
1565,1971_right,0.98758984,0.009965884,0.00826687
1566,1972_left,0.9875866,0.009968137,0.008266902
1567,1972_right,0.9854682,0.011735406,0.008573654
1568,1974_left,0.045320775,0.8911363,0.09618597
1569,1974_right,0.041826535,0.94546276,0.05648655
1570,1977_left,0.04344762,0.94905245,0.051744204
1571,1977_right,0.04276804,0.94597614,0.05413255
1572,1981_left,0.04296656,0.9460668,0.054160077
1573,1981_right,0.040349677,0.9049791,0.08716122
1574,1982_left,0.98759127,0.00996484,0.008266405
1575,1982_right,0.9875897,0.00996411,0.008267746
1576,1985_left,0.045672026,0.94832844,0.048722543
1577,1985_right,0.043335244,0.94854987,0.05176524
1578,1986_left,0.02784738,0.043671686,0.9451022
1579,1986_right,0.022647284,0.10439,0.88891816
1580,1987_left,0.6700735,0.33175483,0.017436799
1581,1987_right,0.8755648,0.10830547,0.0193101
1582,1988_left,0.9874413,0.010071661,0.008309037
1583,1988_right,0.896129,0.083681114,0.00899177
1584,1991_left,0.06674677,0.57554847,0.3231244
1585,1991_right,0.4302197,0.52596253,0.019626513
1586,1997_left,0.07265094,0.914567,0.045017682
1587,1997_right,0.11370444,0.87719214,0.03740302
1588,1999_left,0.9337107,0.036521066,0.024158267
1589,1999_right,0.050203994,0.917792,0.0655789
1590,2000_left,0.987591,0.009964792,0.008266475
1591,2000_right,0.98753,0.010016563,0.008270158
1592,2001_left,0.987587,0.009968378,0.008266601
1593,2001_right,0.9851186,0.012080122,0.008456456
1594,2007_left,0.9875903,0.009964576,0.008266913
1595,2007_right,0.9874357,0.010063853,0.008325458
1596,2008_left,0.8569612,0.13214909,0.006676352
1597,2008_right,0.123983726,0.87335455,0.022849454
1598,2010_left,0.024706872,0.039120205,0.9541941
1599,2010_right,0.02468127,0.039039973,0.9542864
1600,2011_left,0.046029277,0.93481445,0.06111952
1601,2011_right,0.038388737,0.7742777,0.16041802
1602,2014_left,0.19420956,0.7806354,0.026992751
1603,2014_right,0.04123995,0.9342937,0.06677155
1604,2015_left,0.82269853,0.16419563,0.015464018
1605,2015_right,0.13075636,0.8189032,0.07500518
1606,2016_left,0.041094523,0.93344045,0.06334142
1607,2016_right,0.026130706,0.07113532,0.9234008
1608,2029_left,0.046026908,0.85625356,0.12228101
1609,2029_right,0.9199885,0.06780929,0.015563996
1610,2030_left,0.75967777,0.009398488,0.19946186
1611,2030_right,0.046532422,0.024734838,0.929131
1612,2031_left,0.039990187,0.930641,0.06842601
1613,2031_right,0.039514206,0.9279296,0.06859142
1614,2034_left,0.044682376,0.09397704,0.86729795
1615,2034_right,0.116869286,0.83123076,0.057394214
1616,2035_left,0.04431842,0.8215718,0.1410517
1617,2035_right,0.02490198,0.039848007,0.95316947
1618,2036_left,0.027806772,0.041036632,0.94640815
1619,2036_right,0.06412739,0.0523905,0.88224566
1620,2041_left,0.0451042,0.94699943,0.05211362
1621,2041_right,0.06674612,0.92121685,0.047940865
1622,2046_left,0.05090146,0.94339204,0.04637947
1623,2046_right,0.98751915,0.010026238,0.008275636
1624,2047_left,0.66595924,0.2971851,0.019250385
1625,2047_right,0.04386112,0.9310252,0.06413326
1626,2048_left,0.024679307,0.038986314,0.9543432
1627,2048_right,0.02466252,0.03895468,0.95439065
1628,2053_left,0.02981352,0.3973989,0.5344436
1629,2053_right,0.024956424,0.19994514,0.7841032
1630,2054_left,0.024043301,0.043260843,0.9506762
1631,2054_right,0.6500304,0.35692614,0.01841962
1632,2058_left,0.04806228,0.93978536,0.05546581
1633,2058_right,0.27494073,0.7010187,0.029313276
1634,2059_left,0.98759115,0.009964938,0.008266413
1635,2059_right,0.974077,0.022919402,0.008114954
1636,2062_left,0.032101307,0.19726208,0.7489225
1637,2062_right,0.024660388,0.038946718,0.95439833
1638,2063_left,0.9875909,0.009964689,0.008266686
1639,2063_right,0.040041685,0.78858167,0.22185309
1640,2065_left,0.02743171,0.0483171,0.94223416
1641,2065_right,0.025465457,0.24684721,0.7627236
1642,2066_left,0.021703372,0.12012088,0.89000756
1643,2066_right,0.30085495,0.68956953,0.031917002
1644,2071_left,0.046837933,0.94338834,0.052412935
1645,2071_right,0.055835396,0.9272723,0.052698214
1646,2077_left,0.9875909,0.00996514,0.0082663465
1647,2077_right,0.9874364,0.0101105105,0.008258345
1648,2078_left,0.987591,0.009965008,0.008266432
1649,2078_right,0.98759115,0.009964934,0.008266374
1650,2079_left,0.84844476,0.12630808,0.016800016
1651,2079_right,0.9869112,0.010533111,0.008356391
1652,2080_left,0.02583697,0.5657307,0.4422995
1653,2080_right,0.04347824,0.94442576,0.055086643
1654,2081_left,0.11354423,0.88599336,0.038893618
1655,2081_right,0.044998378,0.9404248,0.055834223
1656,2084_left,0.06432502,0.92896944,0.04168594
1657,2084_right,0.060205538,0.9320865,0.04283791
1658,2086_left,0.04446994,0.9381991,0.057936825
1659,2086_right,0.3312809,0.6205346,0.024139479
1660,2087_left,0.98758894,0.009963913,0.008267918
1661,2087_right,0.98759127,0.00996484,0.008266405
1662,2092_left,0.6790101,0.3310246,0.010733644
1663,2092_right,0.93281835,0.059770826,0.011032174
1664,2094_left,0.65519065,0.32780612,0.013538605
1665,2094_right,0.10962879,0.88138044,0.03002316
1666,2095_left,0.9726125,0.02184712,0.008231387
1667,2095_right,0.63466746,0.28544226,0.023353204
1668,2096_left,0.06113147,0.93066347,0.043831717
1669,2096_right,0.9875404,0.010012332,0.008263306
1670,2097_left,0.98759115,0.009964915,0.008266354
1671,2097_right,0.98759127,0.009964858,0.008266386
1672,2099_left,0.042931817,0.949046,0.0520228
1673,2099_right,0.4269203,0.5478655,0.037282363
1674,2102_left,0.9875431,0.010004522,0.0082733035
1675,2102_right,0.987591,0.009965008,0.008266389
1676,2106_left,0.025758142,0.33855388,0.70094365
1677,2106_right,0.039898902,0.29398775,0.68292165
1678,2107_left,0.027374584,0.58923876,0.3564067
1679,2107_right,0.0251626,0.04762026,0.9446
1680,2108_left,0.051159438,0.9275576,0.06247142
1681,2108_right,0.36418977,0.5762837,0.05532221
1682,2110_left,0.947011,0.036767825,0.019991344
1683,2110_right,0.9875907,0.009964755,0.008266792
1684,2113_left,0.04367576,0.9478801,0.05226807
1685,2113_right,0.17368618,0.78928584,0.040180564
1686,2117_left,0.024736736,0.038948655,0.9541232
1687,2117_right,0.026072282,0.06305152,0.9250906
1688,2121_left,0.063305356,0.9216028,0.046950266
1689,2121_right,0.025120482,0.06741324,0.9247766
1690,2123_left,0.08129939,0.9044534,0.046806734
1691,2123_right,0.054318555,0.88736206,0.08905439
1692,2124_left,0.31371546,0.6844426,0.022224635
1693,2124_right,0.2402677,0.7552573,0.019563626
1694,2125_left,0.98759127,0.009964849,0.008266389
1695,2125_right,0.9875809,0.009973442,0.008264486
1696,2129_left,0.9801294,0.015946165,0.009936292
1697,2129_right,0.98759127,0.009964844,0.008266393
1698,2131_left,0.042336788,0.9392768,0.06116934
1699,2131_right,0.025347456,0.09838175,0.8960105
1700,2132_left,0.035096202,0.66170585,0.35101956
1701,2132_right,0.043020543,0.9336476,0.06367208
1702,2133_left,0.9837335,0.01350088,0.007820264
1703,2133_right,0.28370792,0.7166229,0.037380125
1704,2134_left,0.029490516,0.05957794,0.9191215
1705,2134_right,0.038572256,0.073040314,0.895277
1706,2136_left,0.98758787,0.0099624265,0.008268931
1707,2136_right,0.98562604,0.011490306,0.008726708
1708,2138_left,0.042871602,0.9493395,0.05215573
1709,2138_right,0.07767684,0.91690433,0.036465324
1710,2139_left,0.024715958,0.10719071,0.8935415
1711,2139_right,0.024765888,0.039537475,0.9535602
1712,2140_left,0.024655972,0.038943775,0.9544073
1713,2140_right,0.071597,0.906273,0.05842902
1714,2141_left,0.023061242,0.05208079,0.9464748
1715,2141_right,0.98758787,0.009962572,0.008268876
1716,2144_left,0.024664722,0.038945667,0.95438975
1717,2144_right,0.024663737,0.039000977,0.95434225
1718,2149_left,0.87986726,0.11156476,0.012761044
1719,2149_right,0.25006053,0.6940904,0.047040094
1720,2155_left,0.9875896,0.00996371,0.008267574
1721,2155_right,0.98758787,0.0099679725,0.008265936
1722,2157_left,0.9434621,0.048395865,0.010608694
1723,2157_right,0.97582257,0.01959082,0.009757362
1724,2159_left,0.98759127,0.0099648535,0.008266386
1725,2159_right,0.0252776,0.03879346,0.9532535
1726,2161_left,0.9875894,0.009966255,0.008266804
1727,2161_right,0.98759115,0.009964891,0.008266381
1728,2163_left,0.38785368,0.6247545,0.019436225
1729,2163_right,0.9854635,0.01184281,0.008399773
1730,2164_left,0.9804442,0.017154973,0.0074150315
1731,2164_right,0.9874943,0.010049745,0.008272881
1732,2168_left,0.9103886,0.08483649,0.008832177
1733,2168_right,0.90825427,0.07682016,0.013941131
1734,2169_left,0.024780955,0.03923508,0.9540168
1735,2169_right,0.024601018,0.045721192,0.9491044
1736,2174_left,0.043580163,0.9501051,0.050761074
1737,2174_right,0.044048637,0.9491667,0.050861023
1738,2179_left,0.70181566,0.085097894,0.102728866
1739,2179_right,0.97185564,0.022025382,0.012246033
1740,2180_left,0.024750039,0.042252038,0.95122004
1741,2180_right,0.025818206,0.043461047,0.9473872
1742,2181_left,0.5298912,0.20034395,0.16065253
1743,2181_right,0.048118345,0.41071865,0.56184644
1744,2182_left,0.98759127,0.009964863,0.008266386
1745,2182_right,0.98758954,0.009965988,0.008266644
1746,2185_left,0.98691946,0.010444775,0.008575771
1747,2185_right,0.98745406,0.010069651,0.008299931
1748,2188_left,0.030749694,0.5909982,0.45742923
1749,2188_right,0.02596295,0.16830426,0.8703813
1750,2190_left,0.98758847,0.009967366,0.008266331
1751,2190_right,0.98758507,0.009970542,0.008266249
1752,2191_left,0.6775124,0.30638373,0.009568392
1753,2191_right,0.98758787,0.009967775,0.008265619
1754,2192_left,0.106114164,0.7935236,0.09069816
1755,2192_right,0.4347968,0.39388394,0.07087735
1756,2194_left,0.02466235,0.03908182,0.9542519
1757,2194_right,0.035403237,0.5034446,0.4977717
1758,2199_left,0.18688492,0.8097971,0.047352534
1759,2199_right,0.9673336,0.021731447,0.021521186
1760,2200_left,0.08190449,0.911425,0.04389517
1761,2200_right,0.7589123,0.24860542,0.010189101
1762,2203_left,0.87447464,0.08393749,0.029908903
1763,2203_right,0.9875873,0.009967949,0.008267496
1764,2204_left,0.024715139,0.040297505,0.95323944
1765,2204_right,0.026120491,0.06477637,0.92649144
1766,2205_left,0.9875886,0.009967351,0.008265943
1767,2205_right,0.9874499,0.0100637395,0.008326627
1768,2217_left,0.3398957,0.6641987,0.020283334
1769,2217_right,0.9873046,0.010231933,0.008243899
1770,2218_left,0.94525546,0.042611063,0.013767619
1771,2218_right,0.033439815,0.09743868,0.89446455
1772,2222_left,0.04954257,0.8024285,0.14516959
1773,2222_right,0.44552705,0.52527696,0.03270783
1774,2223_left,0.051160235,0.9434507,0.046568632
1775,2223_right,0.046407834,0.9469958,0.050882712
1776,2226_left,0.9875761,0.0099724345,0.008270823
1777,2226_right,0.98757523,0.009978369,0.008266929
1778,2227_left,0.9875668,0.009988053,0.008263438
1779,2227_right,0.67525446,0.32456964,0.015812892
1780,2228_left,0.025946472,0.039761238,0.95131695
1781,2228_right,0.7916271,0.029575419,0.16933882
1782,2229_left,0.29805744,0.6811129,0.042408206
1783,2229_right,0.94855106,0.04911178,0.0073656547
1784,2230_left,0.039933547,0.88332623,0.09412977
1785,2230_right,0.04084975,0.92432415,0.071241
1786,2231_left,0.10104214,0.88166696,0.05265027
1787,2231_right,0.3460314,0.6187035,0.036402
1788,2232_left,0.98743016,0.010065089,0.008352622
1789,2232_right,0.98714036,0.010337159,0.008341042
1790,2233_left,0.0437324,0.94987947,0.050773162
1791,2233_right,0.97686607,0.018148268,0.009722607
1792,2236_left,0.043632444,0.93224967,0.06541411
1793,2236_right,0.06366935,0.88863283,0.075271204
1794,2239_left,0.9875901,0.009965845,0.008266487
1795,2239_right,0.98349285,0.012824039,0.009642551
1796,2243_left,0.9693559,0.026681647,0.008750996
1797,2243_right,0.058017217,0.93098205,0.05342814
1798,2246_left,0.07793204,0.9160031,0.039808292
1799,2246_right,0.98750246,0.009926113,0.0083283875
1800,2247_left,0.98759127,0.0099648535,0.008266386
1801,2247_right,0.98759127,0.0099648535,0.008266386
1802,2248_left,0.05827636,0.9311332,0.050915584
1803,2248_right,0.06725907,0.8654637,0.08967881
1804,2249_left,0.987591,0.009965017,0.008266374
1805,2249_right,0.98758996,0.009965996,0.008266222
1806,2252_left,0.9875909,0.009964684,0.008266581
1807,2252_right,0.9875908,0.009964585,0.008266683
1808,2256_left,0.17896457,0.80533254,0.029229514
1809,2256_right,0.41510484,0.5748634,0.015804509
1810,2257_left,0.050189942,0.92714906,0.059462372
1811,2257_right,0.95481247,0.03482385,0.016164653
1812,2258_left,0.024723098,0.03900313,0.9542007
1813,2258_right,0.031535033,0.80218637,0.22538611
1814,2261_left,0.9875815,0.00997212,0.008270092
1815,2261_right,0.98759127,0.009964863,0.008266381
1816,2262_left,0.04052009,0.26109236,0.6563127
1817,2262_right,0.12726872,0.8339963,0.051869705
1818,2264_left,0.054306466,0.9394971,0.042720366
1819,2264_right,0.16744839,0.81083953,0.029374799
1820,2270_left,0.04021275,0.8746624,0.106408924
1821,2270_right,0.029799856,0.19482061,0.7685778
1822,2272_left,0.9875907,0.009964538,0.008266765
1823,2272_right,0.98758626,0.009968453,0.008267304
1824,2273_left,0.070192546,0.91922224,0.04283596
1825,2273_right,0.86698467,0.12095318,0.014370051
1826,2274_left,0.027252998,0.6353427,0.3824496
1827,2274_right,0.98759055,0.009965239,0.008266498
1828,2275_left,0.9828362,0.014620313,0.0074229357
1829,2275_right,0.56696963,0.40024084,0.018378584
1830,2284_left,0.9652505,0.02844233,0.011371627
1831,2284_right,0.96791995,0.02571897,0.011428689
1832,2285_left,0.987591,0.009964769,0.008266495
1833,2285_right,0.9875896,0.009965879,0.008266468
1834,2286_left,0.14247617,0.778441,0.09858297
1835,2286_right,0.03477969,0.641285,0.3555464
1836,2288_left,0.98758346,0.009971362,0.008267097
1837,2288_right,0.9875907,0.009965037,0.008266589
1838,2290_left,0.9607377,0.03402145,0.009739217
1839,2290_right,0.085547484,0.9160859,0.034996603
1840,2294_left,0.40766284,0.56349474,0.036314756
1841,2294_right,0.33187345,0.63334846,0.036777575
1842,2296_left,0.09604087,0.20392369,0.56026083
1843,2296_right,0.1690481,0.7344618,0.06979265
1844,2297_left,0.73659456,0.20320366,0.022075562
1845,2297_right,0.072077416,0.9070398,0.056249127
1846,2302_left,0.046076406,0.94139236,0.05612272
1847,2302_right,0.34123498,0.6284839,0.026783485
1848,2303_left,0.9875707,0.009979895,0.008273464
1849,2303_right,0.9874791,0.010051956,0.0082926685
1850,2305_left,0.98735875,0.010167235,0.0082862675
1851,2305_right,0.98759127,0.009964858,0.008266386
1852,2307_left,0.9875901,0.009965305,0.008267069
1853,2307_right,0.9875772,0.009963278,0.008277601
1854,2315_left,0.102607176,0.8898911,0.030377073
1855,2315_right,0.97872204,0.016977955,0.009910815
1856,2318_left,0.98756844,0.009989572,0.00825344
1857,2318_right,0.98758954,0.00996586,0.00826671
1858,2320_left,0.026661895,0.22892626,0.754312
1859,2320_right,0.06111296,0.912777,0.05795111
1860,2322_left,0.043129645,0.95035124,0.051056072
1861,2322_right,0.9875436,0.01000483,0.008272439
1862,2323_left,0.037378393,0.7245795,0.30768803
1863,2323_right,0.07497085,0.91612375,0.040881764
1864,2329_left,0.07304278,0.89762634,0.05803996
1865,2329_right,0.0447273,0.86548173,0.12199292
1866,2332_left,0.9685112,0.026144192,0.009456243
1867,2332_right,0.5289276,0.3817496,0.031932417
1868,2334_left,0.9875896,0.009966401,0.008266284
1869,2334_right,0.987455,0.010096037,0.008244983
1870,2336_left,0.98759127,0.009964849,0.008266389
1871,2336_right,0.98759127,0.009964849,0.008266389
1872,2337_left,0.8317935,0.15262398,0.0101129925
1873,2337_right,0.9873976,0.010005902,0.008356256
1874,2338_left,0.044729766,0.9482686,0.050898373
1875,2338_right,0.028540105,0.7630408,0.2096978
1876,2339_left,0.048932064,0.93515515,0.055328794
1877,2339_right,0.98751765,0.010012186,0.008284837
1878,2341_left,0.024643902,0.039222095,0.95412296
1879,2341_right,0.04628552,0.94374406,0.05208216
1880,2343_left,0.9843709,0.013039224,0.007841983
1881,2343_right,0.9815621,0.0145039745,0.009758514
1882,2350_left,0.9874434,0.010083649,0.00829541
1883,2350_right,0.94810826,0.043048978,0.0100016
1884,2351_left,0.9753656,0.023281978,0.0058462266
1885,2351_right,0.052634988,0.9399176,0.04802093
1886,2353_left,0.043877162,0.9496129,0.05106101
1887,2353_right,0.04504135,0.84012836,0.10916614
1888,2354_left,0.20249152,0.73348784,0.025541123
1889,2354_right,0.98738736,0.010033278,0.008342939
1890,2355_left,0.18925108,0.78947026,0.026660524
1891,2355_right,0.9875729,0.009973522,0.00827438
1892,2356_left,0.02541876,0.17169037,0.8718555
1893,2356_right,0.10821568,0.867315,0.05185728
1894,2357_left,0.024662899,0.038964536,0.95438045
1895,2357_right,0.02493593,0.051364884,0.9430078
1896,2358_left,0.9830725,0.014070916,0.008452757
1897,2358_right,0.8668614,0.14646594,0.005917458
1898,2359_left,0.9856963,0.011214361,0.009403431
1899,2359_right,0.977518,0.017329725,0.011780773
1900,2361_left,0.89012355,0.09445888,0.015733108
1901,2361_right,0.08414278,0.8733871,0.07506813
1902,2362_left,0.09005323,0.8950367,0.043845627
1903,2362_right,0.9875907,0.00996515,0.008266624
1904,2363_left,0.061674498,0.9313109,0.04406189
1905,2363_right,0.8645684,0.12902075,0.00879049
1906,2368_left,0.44058815,0.5401406,0.019664204
1907,2368_right,0.06290268,0.92484665,0.052917548
1908,2369_left,0.98758495,0.009969238,0.008266334
1909,2369_right,0.98757917,0.009977266,0.008262727
1910,2372_left,0.026357379,0.056689873,0.93286836
1911,2372_right,0.03175624,0.14268647,0.8316383
1912,2378_left,0.98759115,0.009964915,0.00826635
1913,2378_right,0.98759127,0.0099648535,0.008266386
1914,2379_left,0.05624538,0.9093976,0.0717598
1915,2379_right,0.04069785,0.90103674,0.099100545
1916,2382_left,0.1484815,0.8356692,0.027318005
1917,2382_right,0.20608911,0.7812388,0.019208567
1918,2384_left,0.98712385,0.010206694,0.008486363
1919,2384_right,0.090789676,0.89265126,0.045410216
1920,2389_left,0.040699914,0.93951994,0.0605694
1921,2389_right,0.04327706,0.95006466,0.05118085
1922,2399_left,0.045890905,0.937002,0.05781966
1923,2399_right,0.9875823,0.009972006,0.008267699
1924,2401_left,0.043755814,0.9492096,0.051058035
1925,2401_right,0.04258483,0.94687957,0.05396039
1926,2404_left,0.987588,0.009966006,0.008268145
1927,2404_right,0.98759115,0.009964872,0.008266405
1928,2405_left,0.05432421,0.9395918,0.04459
1929,2405_right,0.045478225,0.94835836,0.049146496
1930,2407_left,0.024836134,0.03886445,0.954032
1931,2407_right,0.03627014,0.24821481,0.7560219
1932,2408_left,0.028910527,0.8280746,0.18563107
1933,2408_right,0.038129397,0.88295496,0.12548864
1934,2413_left,0.29940158,0.6839851,0.022480357
1935,2413_right,0.65555465,0.2768464,0.017298335
1936,2418_left,0.042032547,0.94818115,0.05408091
1937,2418_right,0.9790071,0.016925067,0.009737723
1938,2421_left,0.023326227,0.053750318,0.94403636
1939,2421_right,0.12106603,0.78612316,0.07063747
1940,2423_left,0.044746432,0.9486769,0.050330885
1941,2423_right,0.041721977,0.94697696,0.055476326
1942,2424_left,0.96703255,0.028565355,0.0096729435
1943,2424_right,0.9306396,0.061401803,0.011326311
1944,2425_left,0.0246594,0.038941007,0.95440346
1945,2425_right,0.031553824,0.881565,0.13859248
1946,2430_left,0.5917365,0.3297907,0.03793323
1947,2430_right,0.9065023,0.058332823,0.030204656
1948,2432_left,0.9872586,0.010261544,0.008279351
1949,2432_right,0.9870521,0.010443622,0.008285288
1950,2433_left,0.9875842,0.009971309,0.008264619
1951,2433_right,0.98759127,0.0099648535,0.008266386
1952,2435_left,0.9875873,0.009968797,0.008265154
1953,2435_right,0.04755853,0.9431973,0.052604362
1954,2436_left,0.041328855,0.9324391,0.06869474
1955,2436_right,0.66109157,0.2879311,0.033303127
1956,2437_left,0.036527634,0.88905865,0.11464633
1957,2437_right,0.027349623,0.06363769,0.9300122
1958,2439_left,0.050002627,0.93542176,0.055336244
1959,2439_right,0.96601784,0.028632179,0.010917707
1960,2441_left,0.9875729,0.00997428,0.008272365
1961,2441_right,0.8766934,0.10189571,0.01584041
1962,2443_left,0.98750275,0.0100366175,0.00827926
1963,2443_right,0.9875843,0.009970962,0.008266796
1964,2447_left,0.024715142,0.039351568,0.9539372
1965,2447_right,0.024671113,0.03901996,0.954321
1966,2448_left,0.9875043,0.010031994,0.0082772095
1967,2448_right,0.9875886,0.0099673895,0.008266026
1968,2450_left,0.9875799,0.009975405,0.008263977
1969,2450_right,0.70378596,0.2536881,0.012326733
1970,2451_left,0.98384964,0.012885952,0.008924466
1971,2451_right,0.9806748,0.016473884,0.0069986004
1972,2453_left,0.6292892,0.27051744,0.04836275
1973,2453_right,0.98759127,0.009964849,0.008266397
1974,2458_left,0.04329069,0.9503193,0.050964594
1975,2458_right,0.98377997,0.013553036,0.008131082
1976,2462_left,0.98759127,0.0099648535,0.008266386
1977,2462_right,0.98759127,0.009964863,0.008266386
1978,2465_left,0.024687538,0.042177193,0.9508873
1979,2465_right,0.84966916,0.145114,0.011784515
1980,2468_left,0.9872377,0.0102540925,0.008342348
1981,2468_right,0.98751163,0.010027094,0.008290587
1982,2470_left,0.987445,0.01009801,0.008260074
1983,2470_right,0.9845451,0.012630508,0.008409839
1984,2479_left,0.16950065,0.75250566,0.08043284
1985,2479_right,0.982227,0.013548415,0.010235846
1986,2483_left,0.9875908,0.0099653285,0.008266245
1987,2483_right,0.98758125,0.009969375,0.008270405
1988,2488_left,0.8167138,0.17314842,0.007725512
1989,2488_right,0.98759127,0.00996484,0.008266397
1990,2489_left,0.046428215,0.8653038,0.12374498
1991,2489_right,0.039038613,0.5877398,0.3427518
1992,2491_left,0.024659837,0.03893385,0.9544089
1993,2491_right,0.024662253,0.038930427,0.9544066
1994,2495_left,0.04802005,0.9440851,0.050217044
1995,2495_right,0.12037861,0.8679613,0.030443558
1996,2496_left,0.06975723,0.9183786,0.047725145
1997,2496_right,0.044761255,0.94791245,0.050589785
1998,2497_left,0.048309118,0.14476049,0.81881624
1999,2497_right,0.024612144,0.039915398,0.95345646
2000,2500_left,0.08634607,0.90760577,0.040179756
2001,2500_right,0.041858595,0.8554517,0.1475869
2002,2502_left,0.066460386,0.85885435,0.09183323
2003,2502_right,0.9874879,0.010051523,0.008280772
2004,2503_left,0.056958776,0.9145336,0.06671984
2005,2503_right,0.98759115,0.009964895,0.008266386
2006,2505_left,0.08369732,0.9059658,0.04670037
2007,2505_right,0.44633397,0.5681563,0.010833512
2008,2508_left,0.04707659,0.8171511,0.15921032
2009,2508_right,0.040774077,0.68437135,0.21903524
2010,2515_left,0.024642205,0.040417094,0.95281285
2011,2515_right,0.017850101,0.25680962,0.801001
2012,2516_left,0.024687514,0.038904697,0.95437664
2013,2516_right,0.042338047,0.94725597,0.054120883
2014,2517_left,0.9875311,0.010009289,0.008289317
2015,2517_right,0.987591,0.009964826,0.008266471
2016,2521_left,0.024840908,0.03971063,0.9534947
2017,2521_right,0.024690356,0.039572563,0.95383847
2018,2525_left,0.9782869,0.016670464,0.009881773
2019,2525_right,0.75043845,0.20695196,0.016332122
2020,2528_left,0.9874746,0.01006373,0.008279989
2021,2528_right,0.9875908,0.009965291,0.008266334
2022,2529_left,0.9825981,0.013098623,0.00912134
2023,2529_right,0.42756426,0.53078336,0.018904634
2024,2530_left,0.8056371,0.15888442,0.0098206615
2025,2530_right,0.3372271,0.62476367,0.028540924
2026,2531_left,0.02468158,0.03893238,0.9543661
2027,2531_right,0.024756026,0.03883919,0.95423865
2028,2532_left,0.044893168,0.9468717,0.050267037
2029,2532_right,0.044473246,0.93645954,0.0621796
2030,2533_left,0.04372652,0.94963163,0.051038124
2031,2533_right,0.9823589,0.014568292,0.008691592
2032,2534_left,0.9780245,0.018314028,0.009105149
2033,2534_right,0.5452342,0.42382032,0.01625759
2034,2535_left,0.985631,0.011757303,0.008296116
2035,2535_right,0.95806396,0.032906603,0.01224387
2036,2536_left,0.9872743,0.010266562,0.008232889
2037,2536_right,0.9875415,0.010011713,0.008264091
2038,2537_left,0.052344583,0.56166846,0.39200532
2039,2537_right,0.97720575,0.017517613,0.010687282
2040,2539_left,0.047775295,0.92722434,0.06039071
2041,2539_right,0.42124224,0.5390416,0.019532032
2042,2541_left,0.026157476,0.050964303,0.9397191
2043,2541_right,0.02471981,0.040567715,0.9525899
2044,2544_left,0.039653283,0.9047762,0.092974775
2045,2544_right,0.0247794,0.03940148,0.9538529
2046,2545_left,0.02470587,0.04740365,0.946716
2047,2545_right,0.037078388,0.84559566,0.16391425
2048,2548_left,0.987591,0.009964858,0.008266495
2049,2548_right,0.98756766,0.009971163,0.00827861
2050,2549_left,0.7969118,0.15130843,0.027260339
2051,2549_right,0.97109544,0.023717897,0.010010229
2052,2550_left,0.047049947,0.9410396,0.05458033
2053,2550_right,0.9847718,0.012300479,0.008688368
2054,2551_left,0.9853894,0.011744169,0.008854274
2055,2551_right,0.98759115,0.009964849,0.008266413
2056,2553_left,0.024566013,0.040258527,0.95298517
2057,2553_right,0.9858871,0.011536444,0.008126976
2058,2554_left,0.024678469,0.039036628,0.9542609
2059,2554_right,0.024462892,0.040322755,0.9531389
2060,2556_left,0.024661357,0.039033443,0.9543254
2061,2556_right,0.024661362,0.038955126,0.95439273
2062,2558_left,0.04329554,0.9443013,0.054498326
2063,2558_right,0.9872935,0.010188462,0.00837743
2064,2561_left,0.9875164,0.010032254,0.008268665
2065,2561_right,0.78636754,0.16893893,0.02563444
2066,2562_left,0.04689657,0.94785887,0.048428673
2067,2562_right,0.13105437,0.88773495,0.027960321
2068,2564_left,0.03463762,0.9258745,0.08003875
2069,2564_right,0.03712395,0.9217901,0.08010901
2070,2566_left,0.02534953,0.051624052,0.9396027
2071,2566_right,0.025109518,0.043726042,0.94861424
2072,2576_left,0.026783783,0.07814131,0.9115911
2073,2576_right,0.035137143,0.79849225,0.2058638
2074,2577_left,0.98756135,0.009986907,0.008266041
2075,2577_right,0.98759127,0.009964858,0.008266389
2076,2578_left,0.81260675,0.15539502,0.015373055
2077,2578_right,0.25483638,0.7089001,0.030194445
2078,2582_left,0.98706216,0.010400704,0.008344529
2079,2582_right,0.9875908,0.009965216,0.008266265
2080,2588_left,0.34953475,0.66900575,0.017513528
2081,2588_right,0.98671687,0.01068005,0.008440669
2082,2589_left,0.96641344,0.02780351,0.010273372
2083,2589_right,0.93951046,0.059237514,0.006828901
2084,2593_left,0.98707527,0.010343317,0.008469964
2085,2593_right,0.9843657,0.012591297,0.008984032
2086,2597_left,0.024670446,0.039003603,0.95432407
2087,2597_right,0.024912393,0.042223834,0.95054907
2088,2598_left,0.90921867,0.09278234,0.0077629643
2089,2598_right,0.81271946,0.15998015,0.021560563
2090,2599_left,0.04783569,0.9445863,0.050440148
2091,2599_right,0.38315526,0.60182,0.024321249
2092,2604_left,0.98755604,0.009957066,0.008288035
2093,2604_right,0.028999059,0.31609336,0.6433955
2094,2605_left,0.03956691,0.93762887,0.066929184
2095,2605_right,0.86066884,0.12793024,0.015086905
2096,2606_left,0.987479,0.010064784,0.008269728
2097,2606_right,0.9875864,0.009967055,0.008267722
2098,2607_left,0.98759055,0.009965413,0.008266444
2099,2607_right,0.98759115,0.00996484,0.008266444
2100,2610_left,0.024900025,0.041287784,0.952256
2101,2610_right,0.029118016,0.16695641,0.81935716
2102,2613_left,0.987591,0.009964834,0.008266456
2103,2613_right,0.98759115,0.009964962,0.008266381
2104,2622_left,0.98756635,0.009986662,0.008264736
2105,2622_right,0.024717066,0.039249167,0.9540138
2106,2623_left,0.8448622,0.17732745,0.006294431
2107,2623_right,0.9212633,0.06603716,0.014861101
2108,2628_left,0.028921796,0.17394258,0.788587
2109,2628_right,0.04079594,0.92036825,0.07375807
2110,2629_left,0.055951428,0.8825701,0.09419208
2111,2629_right,0.032581035,0.44021294,0.51544464
2112,2630_left,0.66348994,0.31411305,0.011016859
2113,2630_right,0.9816991,0.0149659915,0.008756287
2114,2631_left,0.049508497,0.9205644,0.07086184
2115,2631_right,0.055497814,0.9315565,0.05098293
2116,2633_left,0.987591,0.009964801,0.008266491
2117,2633_right,0.987591,0.009964962,0.008266378
2118,2635_left,0.9588493,0.034538403,0.00991513
2119,2635_right,0.059917986,0.89103615,0.06830623
2120,2640_left,0.9875852,0.009970397,0.008265424
2121,2640_right,0.98759115,0.009964877,0.008266386
2122,2641_left,0.47672594,0.479398,0.034664143
2123,2641_right,0.9872764,0.010228225,0.008328438
2124,2642_left,0.9301611,0.06604432,0.00837921
2125,2642_right,0.8882728,0.093756855,0.011428737
2126,2643_left,0.03716875,0.9316978,0.07644146
2127,2643_right,0.9875871,0.009962219,0.008269447
2128,2646_left,0.10733637,0.85714877,0.045376223
2129,2646_right,0.04386034,0.94338894,0.054742925
2130,2648_left,0.14911148,0.8188539,0.043887306
2131,2648_right,0.74238026,0.24212398,0.014703883
2132,2650_left,0.98759115,0.009964815,0.0082664285
2133,2650_right,0.9874605,0.010078216,0.008277988
2134,2652_left,0.9875908,0.00996484,0.008266663
2135,2652_right,0.9875894,0.009965658,0.008267281
2136,2655_left,0.024671355,0.03908418,0.95427316
2137,2655_right,0.9522731,0.034217265,0.017087841
2138,2656_left,0.2531116,0.6530188,0.052586205
2139,2656_right,0.3021412,0.5984812,0.06195124
2140,2660_left,0.9875634,0.00997639,0.008279072
2141,2660_right,0.058188315,0.9226782,0.05272907
2142,2662_left,0.03357406,0.7365026,0.2023933
2143,2662_right,0.18533243,0.75861293,0.048219383
2144,2664_left,0.02466829,0.0389447,0.95438737
2145,2664_right,0.024685448,0.039020542,0.95431495
2146,2666_left,0.03891867,0.9260647,0.07874333
2147,2666_right,0.98605967,0.011230902,0.008331459
2148,2668_left,0.02492727,0.045460634,0.9480444
2149,2668_right,0.024636343,0.039246406,0.95419025
2150,2669_left,0.98759127,0.0099648675,0.008266386
2151,2669_right,0.98753846,0.010004276,0.008276129
2152,2670_left,0.1711626,0.8304545,0.037338883
2153,2670_right,0.21347548,0.76987547,0.02766117
2154,2675_left,0.70472974,0.21465808,0.03016741
2155,2675_right,0.8019652,0.1549427,0.024471287
2156,2676_left,0.98759127,0.009964858,0.008266393
2157,2676_right,0.9875909,0.009964834,0.008266562
2158,2677_left,0.98759127,0.009964858,0.008266389
2159,2677_right,0.98758066,0.0099728685,0.0082664015
2160,2678_left,0.571511,0.38887343,0.024852542
2161,2678_right,0.45808747,0.51388353,0.026092075
2162,2683_left,0.9875893,0.009966523,0.008266519
2163,2683_right,0.98712254,0.010361646,0.00833421
2164,2684_left,0.9875901,0.009966044,0.008265952
2165,2684_right,0.98756987,0.009981331,0.008273245
2166,2687_left,0.0437191,0.9341553,0.060973816
2167,2687_right,0.04417813,0.9431377,0.0549568
2168,2689_left,0.98416555,0.0132171055,0.00810671
2169,2689_right,0.902572,0.09294988,0.00863394
2170,2691_left,0.7073377,0.272443,0.0084349075
2171,2691_right,0.93725806,0.05027963,0.012620527
2172,2693_left,0.057795525,0.93582636,0.04485924
2173,2693_right,0.98407274,0.013033365,0.0085278
2174,2695_left,0.037362766,0.59722507,0.39554802
2175,2695_right,0.038766135,0.9136724,0.09188856
2176,2697_left,0.074836686,0.91448766,0.042074155
2177,2697_right,0.048570648,0.9414736,0.053246986
2178,2701_left,0.045317333,0.93027335,0.061916955
2179,2701_right,0.040519293,0.9388392,0.061503116
2180,2702_left,0.84084547,0.14600334,0.01023797
2181,2702_right,0.043457966,0.9502675,0.050833065
2182,2703_left,0.1464304,0.8315488,0.031352628
2183,2703_right,0.060249243,0.7689067,0.17800082
2184,2705_left,0.8631884,0.11295091,0.0072051985
2185,2705_right,0.9379995,0.05192195,0.0063749687
2186,2706_left,0.18105517,0.8171231,0.032424644
2187,2706_right,0.87061745,0.103868954,0.0129820695
2188,2710_left,0.04227459,0.94929224,0.052921277
2189,2710_right,0.043966707,0.94838935,0.05176412
2190,2712_left,0.98642135,0.010886835,0.00853352
2191,2712_right,0.98077065,0.0150767565,0.009961651
2192,2714_left,0.042638995,0.9316084,0.06603978
2193,2714_right,0.0252779,0.47956496,0.5986619
2194,2721_left,0.04203259,0.9466288,0.05469301
2195,2721_right,0.035546042,0.4274997,0.49082986
2196,2724_left,0.98759127,0.0099648535,0.008266386
2197,2724_right,0.98239696,0.014239237,0.009084767
2198,2726_left,0.041943092,0.94609755,0.054620177
2199,2726_right,0.043079533,0.94919646,0.05205792
2200,2728_left,0.97477156,0.017890867,0.011918234
2201,2728_right,0.08197408,0.8140031,0.123457015
2202,2729_left,0.934205,0.059301488,0.010046278
2203,2729_right,0.053607237,0.9368782,0.049999844
2204,2731_left,0.35230935,0.20206186,0.20776376
2205,2731_right,0.95533115,0.03658859,0.011323422
2206,2734_left,0.025201926,0.5543153,0.4721652
2207,2734_right,0.02392281,0.0629685,0.9367306
2208,2735_left,0.024943316,0.041220866,0.9519006
2209,2735_right,0.024879899,0.04356518,0.94994897
2210,2736_left,0.028197993,0.225221,0.7616032
2211,2736_right,0.5923401,0.39468488,0.029537156
2212,2743_left,0.19746782,0.7908436,0.024314145
2213,2743_right,0.98706365,0.010435086,0.008283638
2214,2744_left,0.034020018,0.7328627,0.28796935
2215,2744_right,0.024752656,0.039970987,0.9535156
2216,2749_left,0.9875826,0.009973009,0.008265201
2217,2749_right,0.98759115,0.00996491,0.008266413
2218,2754_left,0.98639154,0.010679073,0.008600109
2219,2754_right,0.98758674,0.009967502,0.00826809
2220,2755_left,0.98758847,0.009966646,0.008267485
2221,2755_right,0.98719984,0.010255695,0.0084330775
2222,2756_left,0.025202863,0.25703004,0.7915956
2223,2756_right,0.04325334,0.94637835,0.05408633
2224,2758_left,0.027098598,0.20130007,0.7774787
2225,2758_right,0.09994623,0.8566556,0.06839413
2226,2765_left,0.8914689,0.0878328,0.016771503
2227,2765_right,0.058753755,0.93206096,0.045251507
2228,2767_left,0.024674172,0.038976498,0.95432776
2229,2767_right,0.04383859,0.9499504,0.050520714
2230,2768_left,0.1200742,0.8680426,0.03321569
2231,2768_right,0.060940776,0.9320724,0.04146917
2232,2774_left,0.65114665,0.3561425,0.014004804
2233,2774_right,0.024686826,0.0393808,0.95398843
2234,2776_left,0.95559824,0.036367625,0.009461381
2235,2776_right,0.9875901,0.00996586,0.008266213
2236,2778_left,0.98758847,0.009964585,0.00826802
2237,2778_right,0.98758894,0.009965856,0.008267273
2238,2780_left,0.9871409,0.010440454,0.0080614155
2239,2780_right,0.9875745,0.009977539,0.008267973
2240,2785_left,0.08487669,0.9019029,0.03933508
2241,2785_right,0.043472927,0.950016,0.050977327
2242,2791_left,0.98557276,0.011205513,0.009174667
2243,2791_right,0.1458732,0.6918329,0.11570652
2244,2793_left,0.6163341,0.2860137,0.034047347
2245,2793_right,0.08115741,0.85102934,0.05410233
2246,2794_left,0.98747826,0.01006632,0.008268684
2247,2794_right,0.9875888,0.009966557,0.008266847
2248,2795_left,0.98643386,0.011019399,0.008232745
2249,2795_right,0.040024962,0.9421644,0.060334988
2250,2796_left,0.032842446,0.07056084,0.9190921
2251,2796_right,0.034255777,0.03804092,0.9394408
2252,2798_left,0.987076,0.010422085,0.008263884
2253,2798_right,0.90461683,0.038201187,0.03835045
2254,2801_left,0.05024694,0.04809268,0.9055995
2255,2801_right,0.056446206,0.037865333,0.89258355
2256,2802_left,0.98759127,0.0099648535,0.008266386
2257,2802_right,0.98759115,0.009964962,0.00826635
2258,2804_left,0.044495594,0.9487246,0.05059096
2259,2804_right,0.024993993,0.043180548,0.9495396
2260,2806_left,0.819613,0.14999267,0.025169142
2261,2806_right,0.039284714,0.8637852,0.10528354
2262,2807_left,0.90039235,0.081548,0.011261995
2263,2807_right,0.98759055,0.009965362,0.008266413
2264,2810_left,0.024728285,0.03904069,0.9541476
2265,2810_right,0.024672065,0.039022077,0.95431674
2266,2812_left,0.027700955,0.13405506,0.8481602
2267,2812_right,0.041083243,0.7695102,0.1999495
2268,2813_left,0.19966401,0.7872113,0.023505807
2269,2813_right,0.12197945,0.8577178,0.03467035
2270,2814_left,0.26237312,0.678193,0.03574831
2271,2814_right,0.11884787,0.8284024,0.057663538
2272,2815_left,0.16833487,0.8212847,0.024169613
2273,2815_right,0.9324342,0.07272263,0.004009
2274,2817_left,0.041943703,0.9050674,0.0805396
2275,2817_right,0.04791351,0.9455089,0.048832677
2276,2818_left,0.045531392,0.9472514,0.05078707
2277,2818_right,0.0431808,0.95021605,0.05114451
2278,2820_left,0.9871536,0.010298614,0.008339957
2279,2820_right,0.9739784,0.021141874,0.010630908
2280,2823_left,0.04612896,0.9338169,0.05857497
2281,2823_right,0.04331881,0.7667959,0.19613719
2282,2824_left,0.042164817,0.81747246,0.16812295
2283,2824_right,0.057287533,0.89236563,0.084713124
2284,2826_left,0.025070837,0.040299006,0.952348
2285,2826_right,0.98759055,0.009965503,0.008266229
2286,2829_left,0.9487168,0.04311787,0.0113069555
2287,2829_right,0.98380476,0.013654498,0.007863996
2288,2830_left,0.98755264,0.0100005325,0.008265549
2289,2830_right,0.024704868,0.041819297,0.9511342
2290,2831_left,0.97798866,0.01827822,0.008994218
2291,2831_right,0.025060447,0.042896822,0.9492249
2292,2838_left,0.98758984,0.009965922,0.00826655
2293,2838_right,0.98752403,0.010027269,0.008262454
2294,2839_left,0.046792503,0.946698,0.048403807
2295,2839_right,0.9870838,0.01035689,0.008425876
2296,2840_left,0.04301431,0.9229806,0.07351143
2297,2840_right,0.031317357,0.79526156,0.21892297
2298,2842_left,0.044074286,0.949607,0.050646752
2299,2842_right,0.04215953,0.94739634,0.05411134
2300,2844_left,0.051962297,0.7676199,0.13869286
2301,2844_right,0.04031763,0.9250966,0.06981019
2302,2846_left,0.9875844,0.00996961,0.008268611
2303,2846_right,0.98742825,0.010074362,0.008296806
2304,2847_left,0.027672343,0.066025294,0.9230204
2305,2847_right,0.04934582,0.941317,0.051125724
2306,2848_left,0.04560333,0.94577736,0.052484527
2307,2848_right,0.25408766,0.7011113,0.031008422
2308,2851_left,0.044788685,0.94911855,0.04935354
2309,2851_right,0.44417542,0.5160631,0.029222386
2310,2853_left,0.9855041,0.011763471,0.008479239
2311,2853_right,0.98737293,0.010095555,0.008341381
2312,2857_left,0.025120236,0.0507162,0.94106245
2313,2857_right,0.024679594,0.038913928,0.9543824
2314,2858_left,0.031340625,0.47968063,0.52548856
2315,2858_right,0.9869459,0.010476103,0.0083241
2316,2859_left,0.6431615,0.3234138,0.013951092
2317,2859_right,0.2667631,0.74463004,0.022981813
2318,2860_left,0.4662178,0.5212212,0.018812673
2319,2860_right,0.043864943,0.9498761,0.05050731
2320,2862_left,0.22603436,0.75600535,0.022646872
2321,2862_right,0.0429523,0.7965249,0.14398779
2322,2865_left,0.03577182,0.45735455,0.43965238
2323,2865_right,0.98757124,0.009976254,0.008269212
2324,2869_left,0.06483187,0.9225703,0.046250217
2325,2869_right,0.24207518,0.74234295,0.023058115
2326,2872_left,0.98759127,0.009964844,0.008266397
2327,2872_right,0.98759127,0.00996484,0.0082664015
2328,2874_left,0.043441355,0.79717976,0.13251986
2329,2874_right,0.34202814,0.5435759,0.029260203
2330,2877_left,0.987591,0.009965028,0.0082664015
2331,2877_right,0.9875907,0.009965008,0.008266542
2332,2879_left,0.024836577,0.04467574,0.9498046
2333,2879_right,0.042750835,0.9357564,0.06399656
2334,2880_left,0.042171896,0.8089873,0.14608677
2335,2880_right,0.05692816,0.93087363,0.05233231
2336,2881_left,0.024789155,0.0393502,0.9538255
2337,2881_right,0.024659205,0.038948413,0.9543962
2338,2886_left,0.53520703,0.47322908,0.017209366
2339,2886_right,0.9549479,0.036535613,0.012515745
2340,2887_left,0.98759127,0.0099648535,0.008266386
2341,2887_right,0.98759127,0.0099648535,0.008266386
2342,2888_left,0.027885862,0.0612638,0.92850643
2343,2888_right,0.9875908,0.009965216,0.008266327
2344,2889_left,0.075491175,0.9235243,0.03947594
2345,2889_right,0.97177124,0.026027266,0.006535236
2346,2893_left,0.048881873,0.94383264,0.048457664
2347,2893_right,0.049290173,0.9418405,0.05075848
2348,2895_left,0.8174971,0.14748116,0.016617503
2349,2895_right,0.9539047,0.03820439,0.011776095
2350,2897_left,0.04585219,0.9475492,0.05037284
2351,2897_right,0.93221503,0.05563914,0.013842099
2352,2901_left,0.04456095,0.82683074,0.12320714
2353,2901_right,0.9875822,0.009972708,0.008267312
2354,2903_left,0.024655486,0.038937207,0.9544139
2355,2903_right,0.024687584,0.043703884,0.9506159
2356,2905_left,0.98759127,0.0099648535,0.008266386
2357,2905_right,0.98759115,0.009964778,0.008266456
2358,2908_left,0.9875678,0.009985418,0.008267289
2359,2908_right,0.987591,0.009964923,0.008266425
2360,2910_left,0.046282124,0.8323711,0.13430887
2361,2910_right,0.5134194,0.41369444,0.03970409
2362,2911_left,0.16303052,0.82080746,0.026986966
2363,2911_right,0.04642224,0.9448003,0.052209854
2364,2916_left,0.7462767,0.2266115,0.022131639
2365,2916_right,0.91270244,0.07781255,0.012712124
2366,2918_left,0.046051037,0.9320804,0.062072635
2367,2918_right,0.04705741,0.94683576,0.047707856
2368,2923_left,0.9875902,0.009965733,0.008266108
2369,2923_right,0.9875907,0.009964821,0.008266702
2370,2933_left,0.98727757,0.0102432445,0.008274039
2371,2933_right,0.9873444,0.010172797,0.008299217
2372,2946_left,0.043341752,0.94816905,0.052388813
2373,2946_right,0.05015345,0.89644617,0.075478025
2374,2947_left,0.024621733,0.04047791,0.95282626
2375,2947_right,0.05691942,0.9385799,0.045270115
2376,2949_left,0.97697324,0.020670349,0.007615813
2377,2949_right,0.9865123,0.010880193,0.008558428
2378,2952_left,0.046125874,0.9462624,0.05052611
2379,2952_right,0.0785664,0.9140336,0.03793899
2380,2953_left,0.7451798,0.26157004,0.011381549
2381,2953_right,0.3290744,0.59921044,0.037057754
2382,2954_left,0.06881499,0.880354,0.07272174
2383,2954_right,0.11897269,0.86007553,0.03933897
2384,2956_left,0.9864564,0.010892398,0.008494744
2385,2956_right,0.9806892,0.015674673,0.009255307
2386,2957_left,0.05716127,0.7073379,0.23706372
2387,2957_right,0.55435014,0.42645296,0.012852575
2388,2961_left,0.9642112,0.030209893,0.010608013
2389,2961_right,0.05335338,0.9247782,0.05815092
2390,2962_left,0.04144079,0.9411731,0.06095056
2391,2962_right,0.024668148,0.056055255,0.935782
2392,2963_left,0.04220953,0.8690491,0.10192295
2393,2963_right,0.031465534,0.793892,0.23551793
2394,2964_left,0.045274977,0.94746107,0.051198967
2395,2964_right,0.04493009,0.9485359,0.050628394
2396,2965_left,0.98758394,0.009966759,0.008270174
2397,2965_right,0.98759115,0.0099649,0.008266386
2398,2966_left,0.046767306,0.9398296,0.05577837
2399,2966_right,0.04788085,0.9441742,0.050636597
2400,2969_left,0.047235675,0.9323139,0.05920042
2401,2969_right,0.8835188,0.10122116,0.010586624
2402,2970_left,0.07514745,0.91921467,0.044771615
2403,2970_right,0.074694075,0.916861,0.045116123
2404,2972_left,0.9875909,0.0099650975,0.008266441
2405,2972_right,0.57625145,0.28948507,0.08382764
2406,2973_left,0.8995135,0.09226613,0.012191497
2407,2973_right,0.042924352,0.9495686,0.051892955
2408,2976_left,0.053804927,0.688267,0.18072748
2409,2976_right,0.022865504,0.3396527,0.6437967
2410,2978_left,0.9875508,0.010004877,0.0082576135
2411,2978_right,0.79404503,0.21748835,0.009869217
2412,2980_left,0.024817782,0.039503176,0.953593
2413,2980_right,0.98759127,0.0099648675,0.008266381
2414,2982_left,0.98759127,0.0099648535,0.008266386
2415,2982_right,0.9875772,0.009976658,0.008267613
2416,2984_left,0.98759127,0.0099648535,0.008266386
2417,2984_right,0.98759127,0.009964858,0.008266381
2418,2986_left,0.02465484,0.03893926,0.9544141
2419,2986_right,0.052360836,0.93747437,0.050909497
2420,2990_left,0.030824617,0.5120713,0.4598358
2421,2990_right,0.042775724,0.78027904,0.14397496
2422,2992_left,0.044032335,0.9486729,0.051302023
2423,2992_right,0.08770629,0.8652665,0.071666695
2424,2996_left,0.98434573,0.012982474,0.008275909
2425,2996_right,0.23589863,0.7151835,0.04945949
2426,2997_left,0.057527717,0.92575675,0.05451391
2427,2997_right,0.07596256,0.90749943,0.051065546
2428,2999_left,0.0627397,0.861569,0.079039395
2429,2999_right,0.050426796,0.9425574,0.048150886
2430,3000_left,0.9875823,0.009968415,0.008270839
2431,3000_right,0.9869415,0.009977219,0.008639819
2432,3001_left,0.9796936,0.009272226,0.015417696
2433,3001_right,0.98759127,0.0099648535,0.008266386
2434,3011_left,0.024690304,0.039050996,0.95418364
2435,3011_right,0.022429435,0.27544284,0.7176663
2436,3017_left,0.98758984,0.009966114,0.008266339
2437,3017_right,0.038508683,0.811076,0.19630362
2438,3018_left,0.13039808,0.81302184,0.06093236
2439,3018_right,0.50685483,0.48528862,0.014243399
2440,3020_left,0.089126915,0.9023862,0.03706546
2441,3020_right,0.34364796,0.66534114,0.016120518
2442,3021_left,0.9854683,0.011905,0.008182517
2443,3021_right,0.9702243,0.025049148,0.009772236
2444,3022_left,0.98759127,0.009964863,0.008266381
2445,3022_right,0.9875901,0.009965874,0.008266381
2446,3023_left,0.17697874,0.80447036,0.026771728
2447,3023_right,0.98693836,0.010478807,0.008398816
2448,3026_left,0.9875888,0.009966749,0.008266558
2449,3026_right,0.9875874,0.009966848,0.008267551
2450,3029_left,0.024690144,0.038918816,0.9543494
2451,3029_right,0.024669105,0.038950983,0.9543559
2452,3031_left,0.04378096,0.94319147,0.05559262
2453,3031_right,0.045487087,0.94022083,0.05577875
2454,3034_left,0.044598825,0.8063279,0.16756067
2455,3034_right,0.08039942,0.89590925,0.052355535
2456,3040_left,0.030242244,0.16493645,0.8136373
2457,3040_right,0.034786046,0.39353865,0.61959004
2458,3043_left,0.02468925,0.03894006,0.9543408
2459,3043_right,0.02553818,0.042629953,0.9497897
2460,3053_left,0.987591,0.00996498,0.008266342
2461,3053_right,0.98759055,0.00996491,0.008266636
2462,3058_left,0.04361644,0.94801295,0.052277993
2463,3058_right,0.031449754,0.52718616,0.4263024
2464,3059_left,0.058340468,0.9334452,0.045375954
2465,3059_right,0.030228786,0.07978783,0.90556145
2466,3060_left,0.98759115,0.0099648535,0.008266409
2467,3060_right,0.987591,0.00996484,0.008266456
2468,3061_left,0.987591,0.009964792,0.008266487
2469,3061_right,0.98758847,0.0099672945,0.008266425
2470,3062_left,0.024847753,0.039474744,0.9534194
2471,3062_right,0.024668176,0.038939275,0.95438313
2472,3064_left,0.041915566,0.9390547,0.0615412
2473,3064_right,0.047565844,0.93021333,0.061020464
2474,3065_left,0.98680866,0.0105716055,0.008335932
2475,3065_right,0.98752826,0.010018398,0.008265799
2476,3067_left,0.047218546,0.94378424,0.051594134
2477,3067_right,0.98759127,0.0099648535,0.008266386
2478,3070_left,0.029664155,0.26019442,0.78183603
2479,3070_right,0.03335293,0.7628326,0.24023482
2480,3072_left,0.9875871,0.009968688,0.008266108
2481,3072_right,0.98759127,0.0099648535,0.008266386
2482,3074_left,0.06758729,0.9233804,0.042694785
2483,3074_right,0.0680122,0.9232764,0.044091508
2484,3076_left,0.9644088,0.032006327,0.0082439035
2485,3076_right,0.8147525,0.16409904,0.019263651
2486,3078_left,0.02575055,0.039217718,0.95228565
2487,3078_right,0.58166736,0.098091386,0.10950627
2488,3080_left,0.04536984,0.8722775,0.09390566
2489,3080_right,0.77216685,0.19661197,0.012794409
2490,3082_left,0.026093662,0.15443489,0.8310734
2491,3082_right,0.045219794,0.94817066,0.050430506
2492,3088_left,0.023828369,0.39126918,0.5789483
2493,3088_right,0.0249257,0.040872972,0.95189995
2494,3089_left,0.024645235,0.039084937,0.95429975
2495,3089_right,0.04861205,0.94244045,0.051858358
2496,3094_left,0.98759127,0.0099648535,0.008266386
2497,3094_right,0.98759127,0.0099648535,0.008266386
2498,3096_left,0.9874938,0.010049977,0.008249554
2499,3096_right,0.9716609,0.022727571,0.010789854
2500,3100_left,0.043125495,0.9422642,0.05829343
2501,3100_right,0.043314002,0.9495179,0.051606618
2502,3101_left,0.041826002,0.9355291,0.06489156
2503,3101_right,0.04586805,0.9472288,0.05033184
2504,3103_left,0.04395316,0.94746387,0.052605238
2505,3103_right,0.04527036,0.9485426,0.049838148
2506,3104_left,0.9705385,0.025339177,0.0076012104
2507,3104_right,0.23889963,0.66280675,0.06063672
2508,3106_left,0.3417509,0.6423603,0.04484429
2509,3106_right,0.046678,0.933557,0.059340242
2510,3112_left,0.9875907,0.009964623,0.008266811
2511,3112_right,0.9874127,0.010041465,0.008319322
2512,3114_left,0.98705983,0.009799036,0.008709766
2513,3114_right,0.16582546,0.8349513,0.042744335
2514,3116_left,0.9589703,0.035844218,0.009937657
2515,3116_right,0.95554423,0.033143535,0.015140608
2516,3121_left,0.9861623,0.010940986,0.008926284
2517,3121_right,0.06637581,0.9272584,0.040722784
2518,3123_left,0.79726195,0.19512153,0.012934644
2519,3123_right,0.04439199,0.94919163,0.050532535
2520,3124_left,0.98117733,0.016807768,0.00638325
2521,3124_right,0.98722106,0.01030333,0.008251189
2522,3130_left,0.083781004,0.8986472,0.05882453
2523,3130_right,0.102297574,0.8601555,0.07141885
2524,3135_left,0.98757964,0.00997567,0.008266174
2525,3135_right,0.987558,0.009995954,0.008265662
2526,3139_left,0.06926101,0.91567063,0.04420824
2527,3139_right,0.10814236,0.83516335,0.051870316
2528,3141_left,0.9875558,0.009983476,0.008281058
2529,3141_right,0.051935975,0.934696,0.05399243
2530,3142_left,0.98759055,0.009965395,0.008266397
2531,3142_right,0.98739314,0.010133276,0.008289132
2532,3144_left,0.8106494,0.18031988,0.012660944
2533,3144_right,0.04359879,0.948776,0.051653735
2534,3146_left,0.9869646,0.01049724,0.008330632
2535,3146_right,0.76772434,0.20373154,0.021035785
2536,3148_left,0.97367156,0.021678172,0.009941238
2537,3148_right,0.9773781,0.018366681,0.009774863
2538,3149_left,0.9874056,0.010122119,0.008281312
2539,3149_right,0.9727078,0.024903378,0.006586311
2540,3159_left,0.98701406,0.009929835,0.008679801
2541,3159_right,0.03358084,0.39237538,0.54038024
2542,3160_left,0.98758835,0.009967211,0.008266835
2543,3160_right,0.9875679,0.009977464,0.008281316
2544,3163_left,0.9875907,0.009965493,0.008266065
2545,3163_right,0.9875907,0.0099647315,0.008266686
2546,3166_left,0.0772257,0.8893497,0.06963016
2547,3166_right,0.97741973,0.018526139,0.009545174
2548,3167_left,0.98759115,0.009964877,0.008266417
2549,3167_right,0.98758894,0.009964416,0.008267578
2550,3170_left,0.4254148,0.51239634,0.02701024
2551,3170_right,0.84979755,0.11950349,0.017878873
2552,3174_left,0.98754674,0.010004858,0.0082634855
2553,3174_right,0.98709756,0.0103955325,0.008270741
2554,3177_left,0.042046607,0.94246346,0.05711416
2555,3177_right,0.054806765,0.93318677,0.05206208
2556,3185_left,0.039400637,0.04504028,0.9240875
2557,3185_right,0.066863716,0.029658124,0.889972
2558,3189_left,0.8483944,0.13955313,0.016071975
2559,3189_right,0.037691124,0.7225669,0.3051011
2560,3192_left,0.9871176,0.010316909,0.0082823895
2561,3192_right,0.06858292,0.92226815,0.04415997
2562,3194_left,0.024668423,0.038925912,0.9543967
2563,3194_right,0.042978264,0.9409479,0.05754824
2564,3196_left,0.98759127,0.0099648535,0.008266386
2565,3196_right,0.98759115,0.009964811,0.008266432
2566,3197_left,0.033856384,0.3979762,0.5106927
2567,3197_right,0.082543954,0.886602,0.05247981
2568,3202_left,0.13772883,0.8601933,0.029170377
2569,3202_right,0.43185833,0.5402497,0.027558267
2570,3204_left,0.052920703,0.93424666,0.052662686
2571,3204_right,0.92656714,0.057814103,0.01767854
2572,3211_left,0.9873324,0.010154247,0.008304108
2573,3211_right,0.10523819,0.8785854,0.03701697
2574,3212_left,0.024666071,0.03892775,0.9543991
2575,3212_right,0.018967386,0.14104156,0.86072916
2576,3213_left,0.027611606,0.19112241,0.78818685
2577,3213_right,0.024722483,0.038887862,0.9543219
2578,3216_left,0.06258105,0.9258207,0.046943653
2579,3216_right,0.040317535,0.8493948,0.14850216
2580,3220_left,0.026205512,0.07718835,0.9203324
2581,3220_right,0.027008323,0.05674994,0.93539196
2582,3224_left,0.03415012,0.892645,0.12497511
2583,3224_right,0.025339847,0.06761549,0.9308601
2584,3227_left,0.9875909,0.009964684,0.008266592
2585,3227_right,0.98759115,0.009964778,0.008266468
2586,3228_left,0.6922963,0.24620602,0.018754423
2587,3228_right,0.4715296,0.37305856,0.06444807
2588,3232_left,0.041905522,0.9480596,0.053381108
2589,3232_right,0.039762627,0.9356574,0.06676526
2590,3237_left,0.46433565,0.50333554,0.016733747
2591,3237_right,0.038182776,0.7314099,0.22454798
2592,3241_left,0.26085058,0.28322557,0.24671593
2593,3241_right,0.07022843,0.909645,0.051222153
2594,3249_left,0.044486176,0.94871914,0.050684433
2595,3249_right,0.13413231,0.846887,0.037631683
2596,3250_left,0.98758847,0.009967314,0.008265803
2597,3250_right,0.9858509,0.01110837,0.00885815
2598,3251_left,0.19491042,0.7634866,0.038682062
2599,3251_right,0.2655961,0.69674385,0.02507569
2600,3265_left,0.07222448,0.9131012,0.0444642
2601,3265_right,0.4057014,0.52605546,0.038883816
2602,3266_left,0.024891343,0.044554535,0.948783
2603,3266_right,0.96611786,0.02059776,0.012882053
2604,3267_left,0.02081874,0.113913916,0.9109968
2605,3267_right,0.024956767,0.03961074,0.95314056
2606,3271_left,0.025473954,0.55014896,0.4171685
2607,3271_right,0.027722007,0.072438486,0.9104789
2608,3273_left,0.036229987,0.83778465,0.17629452
2609,3273_right,0.030933978,0.88220316,0.1451484
2610,3275_left,0.025561176,0.051099405,0.94154686
2611,3275_right,0.024433577,0.042592447,0.95164347
2612,3276_left,0.45658022,0.54585725,0.013639324
2613,3276_right,0.5693248,0.3980825,0.02681267
2614,3280_left,0.027791737,0.42341003,0.5472362
2615,3280_right,0.04296043,0.9448084,0.05539613
2616,3283_left,0.0981021,0.32205215,0.4095173
2617,3283_right,0.05083635,0.60543257,0.35524398
2618,3284_left,0.8628264,0.12180776,0.017075095
2619,3284_right,0.024708329,0.039415322,0.9539796
2620,3286_left,0.98752314,0.009947768,0.008309372
2621,3286_right,0.98758984,0.009964444,0.008267226
2622,3287_left,0.021160176,0.49870607,0.52556396
2623,3287_right,0.029042285,0.71648824,0.24947841
2624,3290_left,0.0325428,0.86070806,0.16288008
2625,3290_right,0.024705576,0.039415125,0.95385826
2626,3295_left,0.9874233,0.010074867,0.008297808
2627,3295_right,0.9875907,0.009965244,0.008266393
2628,3296_left,0.9792845,0.016399724,0.008233146
2629,3296_right,0.32653782,0.63363844,0.020487588
2630,3298_left,0.024674047,0.038934674,0.9543777
2631,3298_right,0.02984416,0.08881449,0.9119622
2632,3300_left,0.025968643,0.13099785,0.88916785
2633,3300_right,0.9870036,0.010505258,0.008250689
2634,3301_left,0.02398363,0.11735838,0.8835921
2635,3301_right,0.051330667,0.9394808,0.052798185
2636,3303_left,0.023773842,0.046348184,0.9475335
2637,3303_right,0.024620563,0.040248606,0.95288277
2638,3305_left,0.024668807,0.03894022,0.95438284
2639,3305_right,0.026439,0.054087985,0.9345316
2640,3306_left,0.93312085,0.053079877,0.016846359
2641,3306_right,0.98759115,0.0099648675,0.008266397
2642,3307_left,0.024399515,0.0532304,0.9401158
2643,3307_right,0.04474565,0.94417375,0.05419702
2644,3308_left,0.062441226,0.6326134,0.27429044
2645,3308_right,0.077798754,0.9158882,0.040208306
2646,3312_left,0.037734967,0.90025115,0.10371037
2647,3312_right,0.046804756,0.9215931,0.0734066
2648,3317_left,0.082106896,0.8179048,0.11501247
2649,3317_right,0.19300878,0.7850573,0.039098352
2650,3319_left,0.046202492,0.9460561,0.050012372
2651,3319_right,0.79760015,0.19898824,0.014800405
2652,3320_left,0.0630298,0.93085766,0.039432984
2653,3320_right,0.04322949,0.9495728,0.05170954
2654,3321_left,0.9794098,0.016070964,0.010215243
2655,3321_right,0.9735893,0.019923806,0.011361114
2656,3324_left,0.48296443,0.5072329,0.01845664
2657,3324_right,0.107421815,0.8617296,0.053385276
2658,3325_left,0.98758125,0.009968166,0.008269248
2659,3325_right,0.9875536,0.009945796,0.008292351
2660,3326_left,0.024541413,0.040854666,0.95282626
2661,3326_right,0.04795622,0.9449843,0.049057707
2662,3327_left,0.5033628,0.37097996,0.049262162
2663,3327_right,0.064701505,0.8513619,0.10489122
2664,3329_left,0.04380124,0.9464633,0.052881997
2665,3329_right,0.05732334,0.9327499,0.048993144
2666,3331_left,0.07598741,0.8735932,0.07369756
2667,3331_right,0.036327604,0.59935623,0.3313393
2668,3332_left,0.9875185,0.010015452,0.008281246
2669,3332_right,0.9874703,0.010045367,0.008282839
2670,3333_left,0.98757577,0.0099693285,0.0082733305
2671,3333_right,0.9872957,0.010157195,0.008382732
2672,3334_left,0.9875886,0.00996642,0.0082674995
2673,3334_right,0.9828153,0.013972316,0.008841561
2674,3335_left,0.98759115,0.009964778,0.008266464
2675,3335_right,0.98758286,0.009959623,0.0082725175
2676,3337_left,0.07033301,0.91871184,0.044041548
2677,3337_right,0.46268314,0.49505126,0.02000942
2678,3339_left,0.024118068,0.119042054,0.87645924
2679,3339_right,0.6438049,0.15554793,0.10300804
2680,3341_left,0.024682233,0.038932424,0.9543421
2681,3341_right,0.033981968,0.86439776,0.14001408
2682,3343_left,0.02673921,0.33668035,0.66504997
2683,3343_right,0.8692496,0.10937378,0.0066682994
2684,3344_left,0.049257208,0.93931216,0.05208727
2685,3344_right,0.13545513,0.82823,0.06907802
2686,3345_left,0.17839296,0.7781706,0.04246645
2687,3345_right,0.94426334,0.04685179,0.013292368
2688,3346_left,0.9875866,0.009966684,0.008268266
2689,3346_right,0.98759115,0.009964943,0.008266397
2690,3347_left,0.1843106,0.80859494,0.0373371
2691,3347_right,0.05753476,0.9360302,0.04194516
2692,3348_left,0.98759115,0.009964811,0.008266436
2693,3348_right,0.9875586,0.009942331,0.008291187
2694,3355_left,0.030163825,0.67670965,0.2682146
2695,3355_right,0.5228577,0.39171404,0.028477047
2696,3356_left,0.9875345,0.010016265,0.008261903
2697,3356_right,0.9823874,0.013881502,0.009559923
2698,3358_left,0.6410431,0.35079795,0.01977705
2699,3358_right,0.5040421,0.4652346,0.024682155
2700,3359_left,0.9585414,0.026347902,0.018372046
2701,3359_right,0.98728704,0.010237643,0.008273472
2702,3365_left,0.024766883,0.039712194,0.9531868
2703,3365_right,0.024708599,0.038922783,0.9543164
2704,3370_left,0.029345123,0.69064736,0.28101355
2705,3370_right,0.039804064,0.9078123,0.091638274
2706,3371_left,0.024676798,0.038943753,0.95435035
2707,3371_right,0.9762921,0.017195975,0.013483191
2708,3372_left,0.98758197,0.009970759,0.00826965
2709,3372_right,0.9875908,0.00996522,0.008266323
2710,3375_left,0.9866512,0.010776955,0.008365231
2711,3375_right,0.98759127,0.009964849,0.008266386
2712,3376_left,0.042057164,0.9424843,0.058771435
2713,3376_right,0.31547508,0.048455566,0.57181764
2714,3378_left,0.98759127,0.0099648535,0.008266386
2715,3378_right,0.98759127,0.0099648535,0.008266386
2716,3379_left,0.02719706,0.6258437,0.32607645
2717,3379_right,0.024690913,0.03924703,0.9539948
2718,3381_left,0.9809482,0.016479293,0.0076483414
2719,3381_right,0.30475867,0.66778654,0.042872258
2720,3382_left,0.024686787,0.039044913,0.95426255
2721,3382_right,0.024663635,0.03893012,0.9544048
2722,3385_left,0.07741103,0.92059356,0.04277121
2723,3385_right,0.05364787,0.938299,0.0465659
2724,3387_left,0.024666099,0.038978007,0.95436406
2725,3387_right,0.043228228,0.9406106,0.057597578
2726,3391_left,0.98759115,0.009964895,0.008266358
2727,3391_right,0.074443154,0.69998634,0.18808968
2728,3393_left,0.069770336,0.925174,0.040261686
2729,3393_right,0.7111879,0.27495146,0.016583199
2730,3395_left,0.04796787,0.9359522,0.058369078
2731,3395_right,0.44204527,0.5564583,0.019550277
2732,3397_left,0.025273958,0.056442756,0.93487364
2733,3397_right,0.024730055,0.04492712,0.9478325
2734,3400_left,0.986172,0.011237692,0.0082149245
2735,3400_right,0.9810994,0.016133819,0.007589378
2736,3401_left,0.025084196,0.038555108,0.9536134
2737,3401_right,0.98628354,0.010123194,0.009184442
2738,3405_left,0.024662178,0.038960606,0.9543823
2739,3405_right,0.10102196,0.89187026,0.039996285
2740,3406_left,0.046722602,0.8524488,0.12491729
2741,3406_right,0.92107785,0.06864662,0.01391538
2742,3408_left,0.97606933,0.020576416,0.008733178
2743,3408_right,0.98756915,0.009983598,0.008269326
2744,3412_left,0.06771501,0.7745069,0.17071623
2745,3412_right,0.31754956,0.64953625,0.048935838
2746,3413_left,0.039307214,0.91975975,0.08151465
2747,3413_right,0.060442474,0.9328447,0.043012887
2748,3415_left,0.024655588,0.038938858,0.9544129
2749,3415_right,0.024656467,0.038937297,0.9544117
2750,3416_left,0.9717416,0.02499651,0.0074516837
2751,3416_right,0.9864101,0.010983005,0.008372473
2752,3417_left,0.98759127,0.0099648535,0.008266386
2753,3417_right,0.98759127,0.0099648535,0.008266386
2754,3418_left,0.04321697,0.95010895,0.0511605
2755,3418_right,0.046965398,0.94665456,0.049306355
2756,3419_left,0.98711175,0.010312027,0.008391663
2757,3419_right,0.98611605,0.011229784,0.008366548
2758,3420_left,0.045048054,0.9484092,0.050163243
2759,3420_right,0.046226088,0.9367574,0.057278972
2760,3422_left,0.06758639,0.92177784,0.045861244
2761,3422_right,0.16972391,0.80052197,0.032925237
2762,3423_left,0.024781698,0.039734036,0.9532848
2763,3423_right,0.9808077,0.015153163,0.009910801
2764,3429_left,0.024689019,0.039331105,0.9539341
2765,3429_right,0.9855076,0.01193133,0.00814066
2766,3432_left,0.7981848,0.1549915,0.017852701
2767,3432_right,0.9869687,0.010022054,0.008612062
2768,3434_left,0.9875894,0.009966053,0.008266699
2769,3434_right,0.9875646,0.0099827405,0.008277874
2770,3439_left,0.056273587,0.93989426,0.043470822
2771,3439_right,0.02475111,0.039324414,0.95393795
2772,3440_left,0.024706915,0.039190948,0.9540303
2773,3440_right,0.024790896,0.039297886,0.95381355
2774,3444_left,0.9842791,0.012775289,0.008015424
2775,3444_right,0.8567429,0.11212015,0.022496657
2776,3446_left,0.050290957,0.9283459,0.06097783
2777,3446_right,0.050640345,0.94073486,0.04980846
2778,3447_left,0.04013186,0.7855591,0.14519042
2779,3447_right,0.041220047,0.92746556,0.074203834
2780,3449_left,0.075208664,0.918944,0.03604202
2781,3449_right,0.94654787,0.046101283,0.011248474
2782,3451_left,0.97675395,0.018449256,0.00990639
2783,3451_right,0.98721826,0.010268471,0.008283164
2784,3453_left,0.68307984,0.28681466,0.022011304
2785,3453_right,0.9787835,0.016778897,0.010119434
2786,3454_left,0.9190103,0.061663616,0.011622861
2787,3454_right,0.9814864,0.014128238,0.009531989
2788,3459_left,0.9875907,0.009965352,0.008266342
2789,3459_right,0.04981808,0.9405368,0.051989555
2790,3461_left,0.98112625,0.014044314,0.010161204
2791,3461_right,0.98727334,0.010258305,0.008245412
2792,3462_left,0.10720856,0.9008497,0.03421843
2793,3462_right,0.98759127,0.009964858,0.008266386
2794,3464_left,0.056164894,0.9376173,0.044263374
2795,3464_right,0.98759115,0.009964952,0.008266374
2796,3468_left,0.024429273,0.053455792,0.9386624
2797,3468_right,0.027449455,0.10480898,0.9019225
2798,3469_left,0.024737788,0.038996976,0.9541424
2799,3469_right,0.9875907,0.009964821,0.008266686
2800,3472_left,0.9875551,0.010001005,0.008252134
2801,3472_right,0.98759115,0.0099648535,0.0082664015
2802,3473_left,0.024696462,0.039097887,0.95422083
2803,3473_right,0.04353056,0.94955456,0.051321544
2804,3478_left,0.98759127,0.009964858,0.008266386
2805,3478_right,0.98759127,0.009964849,0.008266393
2806,3479_left,0.9875897,0.009965273,0.008267046
2807,3479_right,0.98759115,0.009964863,0.0082664015
2808,3485_left,0.046658453,0.9457133,0.050561395
2809,3485_right,0.056749545,0.92490846,0.060540996
2810,3491_left,0.98650557,0.010535303,0.008724257
2811,3491_right,0.65145755,0.056421556,0.18487965
2812,3496_left,0.024775648,0.03923507,0.9539808
2813,3496_right,0.0297149,0.6273324,0.3418291
2814,3501_left,0.028725512,0.5029968,0.44950745
2815,3501_right,0.0422023,0.82894063,0.11977358
2816,3506_left,0.9875909,0.009964971,0.008266491
2817,3506_right,0.98741955,0.010104323,0.008300805
2818,3508_left,0.043663517,0.9461402,0.0534539
2819,3508_right,0.045628596,0.9469636,0.050840817
2820,3509_left,0.53130466,0.44728804,0.011592504
2821,3509_right,0.987591,0.009964783,0.008266519
2822,3511_left,0.02754842,0.053744458,0.9359504
2823,3511_right,0.02465923,0.038962312,0.9543872
2824,3513_left,0.9835411,0.013220146,0.008764933
2825,3513_right,0.9228448,0.06194667,0.013691809
2826,3515_left,0.05307621,0.94044495,0.04767089
2827,3515_right,0.046982326,0.94618815,0.049927752
2828,3518_left,0.042927686,0.8973853,0.09166678
2829,3518_right,0.033437353,0.1634309,0.8181306
2830,3519_left,0.98759115,0.009964821,0.0082664285
2831,3519_right,0.07791678,0.0736404,0.79925805
2832,3520_left,0.1985838,0.78535813,0.023698064
2833,3520_right,0.84179646,0.15080933,0.0054001166
2834,3523_left,0.98380417,0.013613349,0.007982982
2835,3523_right,0.9751756,0.022373963,0.007506893
2836,3525_left,0.024665412,0.03895955,0.9543725
2837,3525_right,0.058568005,0.92818016,0.05316913
2838,3526_left,0.6436328,0.3328545,0.01600636
2839,3526_right,0.043009285,0.9485335,0.052866142
2840,3527_left,0.044730008,0.8728101,0.09741404
2841,3527_right,0.9831014,0.014334834,0.007698863
2842,3530_left,0.025704265,0.043236088,0.94898695
2843,3530_right,0.024758719,0.039340828,0.9538637
2844,3531_left,0.9875765,0.009973348,0.0082760425
2845,3531_right,0.98759043,0.009964764,0.008266913
2846,3533_left,0.9826633,0.014067919,0.00904854
2847,3533_right,0.049528312,0.9404291,0.053429224
2848,3541_left,0.89226156,0.08118225,0.012214004
2849,3541_right,0.98617387,0.011034522,0.008717728
2850,3542_left,0.040966153,0.8515011,0.10851166
2851,3542_right,0.040615015,0.9394006,0.05999391
2852,3543_left,0.9791318,0.017605353,0.00837568
2853,3543_right,0.58878773,0.36117262,0.03594609
2854,3553_left,0.023444746,0.40011218,0.5724514
2855,3553_right,0.04380697,0.94898546,0.05124941
2856,3554_left,0.02465705,0.038950343,0.9543988
2857,3554_right,0.024839777,0.039268825,0.95370305
2858,3557_left,0.02317539,0.04476847,0.9515473
2859,3557_right,0.06272313,0.9304698,0.045181595
2860,3558_left,0.04400239,0.9495599,0.05067879
2861,3558_right,0.044140086,0.94695044,0.052254114
2862,3560_left,0.9871744,0.010164743,0.008517405
2863,3560_right,0.9845621,0.010507071,0.010499742
2864,3562_left,0.024731124,0.03916949,0.95410323
2865,3562_right,0.28952965,0.66365314,0.03539596
2866,3563_left,0.03761157,0.921854,0.08129257
2867,3563_right,0.046634603,0.92178375,0.066038765
2868,3564_left,0.037430517,0.9279139,0.0696872
2869,3564_right,0.024651565,0.039116826,0.9542749
2870,3567_left,0.9875896,0.009964962,0.00826705
2871,3567_right,0.987591,0.009964962,0.0082664015
2872,3569_left,0.9285699,0.05466094,0.012641211
2873,3569_right,0.5701312,0.41355118,0.012559224
2874,3570_left,0.024654917,0.03893894,0.95441455
2875,3570_right,0.024657486,0.0389396,0.9544093
2876,3572_left,0.024643488,0.04079565,0.95272726
2877,3572_right,0.019292139,0.46658704,0.6287123
2878,3575_left,0.042868696,0.94056135,0.05802305
2879,3575_right,0.04481211,0.9485146,0.05035589
2880,3578_left,0.047826167,0.9130374,0.0806668
2881,3578_right,0.48271814,0.36173722,0.07653953
2882,3579_left,0.4589241,0.52601695,0.029284552
2883,3579_right,0.98442125,0.012753772,0.008510277
2884,3580_left,0.09452712,0.8500942,0.09830323
2885,3580_right,0.04368348,0.9499465,0.050763026
2886,3581_left,0.98757684,0.009976174,0.008270596
2887,3581_right,0.98759127,0.0099648535,0.008266386
2888,3585_left,0.9875907,0.009965413,0.00826621
2889,3585_right,0.98758894,0.009967088,0.00826608
2890,3587_left,0.024702342,0.039044052,0.9542279
2891,3587_right,0.024253033,0.0431513,0.9500624
2892,3592_left,0.027543422,0.29029387,0.67483586
2893,3592_right,0.02773198,0.19334549,0.7817249
2894,3593_left,0.9798083,0.016157307,0.00948928
2895,3593_right,0.98754907,0.010006001,0.008259399
2896,3595_left,0.046348143,0.9369879,0.057431567
2897,3595_right,0.040886834,0.93983865,0.061657075
2898,3598_left,0.06686094,0.92318934,0.049399536
2899,3598_right,0.077075325,0.90114933,0.056783248
2900,3600_left,0.98759127,0.00996484,0.008266397
2901,3600_right,0.9875908,0.009964613,0.008266683
2902,3601_left,0.25209966,0.74658626,0.021061372
2903,3601_right,0.07638267,0.9118198,0.042259835
2904,3605_left,0.9875892,0.009965112,0.008267441
2905,3605_right,0.98756987,0.009978881,0.008269791
2906,3606_left,0.88095754,0.10126811,0.012539783
2907,3606_right,0.9645216,0.033551157,0.0070270277
2908,3607_left,0.98758894,0.009966627,0.008266941
2909,3607_right,0.9875907,0.009965432,0.008266288
2910,3608_left,0.04357759,0.94990915,0.05091155
2911,3608_right,0.02489741,0.23696697,0.819163
2912,3610_left,0.98759127,0.009964844,0.008266393
2913,3610_right,0.98759127,0.009964849,0.008266389
2914,3611_left,0.025248457,0.07391499,0.9134341
2915,3611_right,0.024915103,0.03981331,0.9526301
2916,3612_left,0.050979953,0.94146717,0.048865777
2917,3612_right,0.046052616,0.94315624,0.054317888
2918,3614_left,0.043640174,0.9494866,0.051328905
2919,3614_right,0.05075046,0.93469757,0.056985114
2920,3615_left,0.02548836,0.74697995,0.28832206
2921,3615_right,0.02405778,0.042731635,0.9511082
2922,3619_left,0.9390743,0.046048857,0.020408172
2923,3619_right,0.8343227,0.034999065,0.14904656
2924,3621_left,0.024670724,0.03898529,0.9543445
2925,3621_right,0.025051571,0.040022254,0.9525707
2926,3622_left,0.38553578,0.62303925,0.022063838
2927,3622_right,0.98686403,0.010616619,0.008286483
2928,3623_left,0.067990094,0.9223656,0.046947706
2929,3623_right,0.66343606,0.31612834,0.00964128
2930,3634_left,0.07523132,0.9084839,0.05328873
2931,3634_right,0.98759115,0.009964887,0.008266389
2932,3636_left,0.024221716,0.07475459,0.9170257
2933,3636_right,0.040732767,0.8973428,0.10292004
2934,3639_left,0.02454373,0.039769724,0.95353264
2935,3639_right,0.036633622,0.91052246,0.08371912
2936,3640_left,0.98754543,0.009987323,0.008278786
2937,3640_right,0.98757917,0.00997316,0.008268133
2938,3641_left,0.050694715,0.9419709,0.047790613
2939,3641_right,0.045107897,0.94820935,0.05019831
2940,3643_left,0.027218176,0.040801056,0.94868976
2941,3643_right,0.1159019,0.42603558,0.3387095
2942,3646_left,0.047010086,0.94234806,0.052647203
2943,3646_right,0.032474883,0.20604952,0.81894994
2944,3648_left,0.9875448,0.010001595,0.008275565
2945,3648_right,0.9837002,0.013327694,0.008526398
2946,3650_left,0.044408176,0.9483267,0.051414605
2947,3650_right,0.042726096,0.9089974,0.07936167
2948,3651_left,0.0247212,0.03888824,0.95429415
2949,3651_right,0.02287023,0.16668317,0.8622582
2950,3652_left,0.025609195,0.08111051,0.9088869
2951,3652_right,0.8258515,0.15280876,0.018575603
2952,3653_left,0.9875908,0.009964703,0.008266694
2953,3653_right,0.98758954,0.009963955,0.00826764
2954,3654_left,0.10476675,0.8863692,0.044592172
2955,3654_right,0.023985466,0.15753753,0.8690657
2956,3655_left,0.98759115,0.0099649,0.008266381
2957,3655_right,0.98759043,0.009965592,0.008266292
2958,3657_left,0.024710735,0.03892629,0.9543046
2959,3657_right,0.024924256,0.03982549,0.9531336
2960,3660_left,0.047247373,0.94533515,0.05003895
2961,3660_right,0.04695398,0.9402143,0.054812748
2962,3661_left,0.0952577,0.89371115,0.037012126
2963,3661_right,0.09333276,0.8986424,0.035713103
2964,3662_left,0.98741317,0.010143187,0.008206184
2965,3662_right,0.65202016,0.3118504,0.013633859
2966,3671_left,0.98759127,0.009964849,0.008266389
2967,3671_right,0.98759115,0.009964821,0.008266441
2968,3673_left,0.04355199,0.9490801,0.051873557
2969,3673_right,0.048421267,0.9446352,0.049677733
2970,3677_left,0.984835,0.011532486,0.00918049
2971,3677_right,0.9849353,0.012645431,0.007869284
2972,3682_left,0.047215078,0.945624,0.0493573
2973,3682_right,0.6964225,0.28571108,0.023184428
2974,3687_left,0.024742737,0.041291013,0.9521242
2975,3687_right,0.024710879,0.040110245,0.95321375
2976,3688_left,0.97624534,0.019884296,0.009204107
2977,3688_right,0.39060485,0.5908084,0.030987425
2978,3692_left,0.045099117,0.9463695,0.05147373
2979,3692_right,0.12956685,0.85205,0.033579987
2980,3693_left,0.84043014,0.15268053,0.00990307
2981,3693_right,0.9596944,0.034252163,0.00713407
2982,3695_left,0.044613507,0.9163622,0.07421769
2983,3695_right,0.040184245,0.9208522,0.07507257
2984,3697_left,0.7969346,0.16969782,0.014645615
2985,3697_right,0.8694827,0.09879929,0.022941612
2986,3698_left,0.045144163,0.94801,0.050765075
2987,3698_right,0.98759127,0.0099648535,0.008266386
2988,3699_left,0.20640557,0.8036448,0.030454766
2989,3699_right,0.9875908,0.0099646365,0.008266659
2990,3700_left,0.030149223,0.78227973,0.24856758
2991,3700_right,0.90543723,0.09119858,0.009673254
2992,3703_left,0.98759127,0.0099648535,0.008266386
2993,3703_right,0.98734367,0.010165215,0.008310369
2994,3706_left,0.14338663,0.8301881,0.038026564
2995,3706_right,0.23909599,0.7435177,0.01980969
2996,3708_left,0.9838897,0.0129437,0.008868388
2997,3708_right,0.98759055,0.009965262,0.008266495
2998,3710_left,0.060021125,0.8288225,0.09655773
2999,3710_right,0.9351296,0.043468956,0.03910844
3000,3712_left,0.024469145,0.04204699,0.9513323
3001,3712_right,0.026233269,0.05081836,0.94055176
3002,3721_left,0.109235734,0.87974244,0.036237553
3003,3721_right,0.041862193,0.9003065,0.10064479
3004,3722_left,0.037180733,0.80647993,0.14070313
3005,3722_right,0.025450444,0.20056169,0.7842424
3006,3723_left,0.9748106,0.022591075,0.0061886865
3007,3723_right,0.9686105,0.02255675,0.013740343
3008,3726_left,0.034916073,0.9109801,0.10229244
3009,3726_right,0.044854328,0.94630396,0.05210672
3010,3727_left,0.04786996,0.9446571,0.04867218
3011,3727_right,0.9875894,0.009964242,0.008267503
3012,3738_left,0.024700457,0.03904933,0.9542483
3013,3738_right,0.04910257,0.94144434,0.051446896
3014,3740_left,0.045779806,0.92614496,0.069776975
3015,3740_right,0.044780616,0.94879085,0.05022041
3016,3741_left,0.024531234,0.047153275,0.94749564
3017,3741_right,0.18033792,0.7389428,0.04584245
3018,3742_left,0.042108312,0.9145725,0.08313015
3019,3742_right,0.034156736,0.90375227,0.10686551
3020,3743_left,0.98759115,0.009964934,0.008266381
3021,3743_right,0.9875634,0.00997697,0.008277146
3022,3744_left,0.024673644,0.03904457,0.9542902
3023,3744_right,0.025527876,0.06726416,0.9256915
3024,3748_left,0.03456756,0.87506104,0.13636333
3025,3748_right,0.71408707,0.22636382,0.025555106
3026,3749_left,0.17947592,0.8222206,0.024243275
3027,3749_right,0.05980338,0.9179026,0.059727922
3028,3750_left,0.024680156,0.039166026,0.95418006
3029,3750_right,0.024737446,0.039111055,0.9540266
3030,3752_left,0.9872033,0.0102972435,0.008311301
3031,3752_right,0.25049827,0.6648382,0.060738523
3032,3754_left,0.98757243,0.009977699,0.008271246
3033,3754_right,0.9875887,0.00996341,0.008268177
3034,3755_left,0.055220947,0.93618137,0.050168015
3035,3755_right,0.98432434,0.013042967,0.008145936
3036,3757_left,0.048154756,0.9454952,0.04756661
3037,3757_right,0.043243278,0.9149283,0.07373534
3038,3758_left,0.9855818,0.011795693,0.008036426
3039,3758_right,0.9620741,0.030842923,0.011433447
3040,3759_left,0.05118875,0.9406322,0.049442705
3041,3759_right,0.05377596,0.93859535,0.047298852
3042,3762_left,0.044143386,0.9466667,0.05302021
3043,3762_right,0.12046422,0.86565113,0.041154847
3044,3766_left,0.9875377,0.010005486,0.008278289
3045,3766_right,0.98363125,0.009663844,0.010691014
3046,3767_left,0.043652564,0.9500072,0.050786473
3047,3767_right,0.04123689,0.9394909,0.06265964
3048,3769_left,0.0741543,0.9171159,0.039595548
3049,3769_right,0.04528048,0.947545,0.05054208
3050,3773_left,0.9857573,0.011577482,0.00802188
3051,3773_right,0.980956,0.014724643,0.009895928
3052,3774_left,0.024670446,0.03900448,0.9543137
3053,3774_right,0.22079384,0.7369006,0.03209256
3054,3778_left,0.98758984,0.009965817,0.008266456
3055,3778_right,0.9875832,0.009961631,0.008271649
3056,3779_left,0.06827683,0.92286426,0.040757503
3057,3779_right,0.0848059,0.9064523,0.038149007
3058,3780_left,0.024657806,0.03914042,0.9542238
3059,3780_right,0.026670882,0.10132317,0.88696235
3060,3782_left,0.052134164,0.91152024,0.07436193
3061,3782_right,0.98759115,0.009964971,0.008266362
3062,3783_left,0.024662385,0.038977303,0.954351
3063,3783_right,0.024659809,0.038932815,0.95440847
3064,3786_left,0.789217,0.17443326,0.019168785
3065,3786_right,0.9831315,0.013693973,0.008823707
3066,3795_left,0.98759115,0.009964905,0.00826635
3067,3795_right,0.98759127,0.009964887,0.008266366
3068,3797_left,0.024665132,0.03897986,0.95436174
3069,3797_right,0.04359426,0.9473667,0.05345571
3070,3798_left,0.038987905,0.8872652,0.11754282
3071,3798_right,0.044014115,0.9311315,0.06177522
3072,3799_left,0.04927507,0.90121776,0.07781866
3073,3799_right,0.04132642,0.91610086,0.079265326
3074,3802_left,0.987219,0.010273023,0.008294661
3075,3802_right,0.024689524,0.043140158,0.94902474
3076,3806_left,0.98708296,0.010459487,0.008148279
3077,3806_right,0.9875715,0.009982953,0.008262977
3078,3808_left,0.04596234,0.9018806,0.09142202
3079,3808_right,0.03493856,0.6872589,0.24304363
3080,3812_left,0.026048888,0.049780734,0.9416942
3081,3812_right,0.06834572,0.923913,0.043703035
3082,3818_left,0.024715573,0.03999086,0.9531363
3083,3818_right,0.024772286,0.053635936,0.93827164
3084,3823_left,0.05529437,0.15133604,0.76489234
3085,3823_right,0.03171694,0.045359816,0.9362689
3086,3824_left,0.0248704,0.039579153,0.95362705
3087,3824_right,0.024667982,0.038980734,0.9543599
3088,3825_left,0.98759127,0.009964858,0.008266386
3089,3825_right,0.98759055,0.009965013,0.008266553
3090,3829_left,0.024698947,0.038901553,0.95434225
3091,3829_right,0.04273979,0.94433093,0.057333905
3092,3830_left,0.9867721,0.0099038,0.008735989
3093,3830_right,0.030346174,0.8787427,0.14083713
3094,3831_left,0.04748349,0.9459932,0.048793823
3095,3831_right,0.40371576,0.59219617,0.017475195
3096,3832_left,0.0246818,0.039036952,0.9542902
3097,3832_right,0.039070807,0.9251248,0.0741445
3098,3838_left,0.03729574,0.87482077,0.13074258
3099,3838_right,0.024413174,0.040995277,0.9527572
3100,3844_left,0.070112385,0.92264277,0.037760098
3101,3844_right,0.8129869,0.17048778,0.0141109135
3102,3846_left,0.038904227,0.9258888,0.07038721
3103,3846_right,0.04887604,0.90486306,0.08238038
3104,3848_left,0.21431549,0.76629746,0.040066518
3105,3848_right,0.03822403,0.83498603,0.17041829
3106,3851_left,0.025186673,0.041547615,0.9513396
3107,3851_right,0.024655147,0.03893742,0.9544152
3108,3852_left,0.024628272,0.040081277,0.9534687
3109,3852_right,0.053318065,0.91256565,0.071240135
3110,3856_left,0.47864524,0.4325048,0.04056779
3111,3856_right,0.043251663,0.9426467,0.057681724
3112,3857_left,0.06651003,0.8746591,0.07087385
3113,3857_right,0.054313336,0.93439347,0.052342076
3114,3858_left,0.98759115,0.009964787,0.008266498
3115,3858_right,0.98759127,0.0099648535,0.008266386
3116,3861_left,0.98516196,0.011805486,0.008872734
3117,3861_right,0.96650344,0.026800456,0.011657674
3118,3862_left,0.039272334,0.92444456,0.07093109
3119,3862_right,0.04759804,0.92115617,0.06681262
3120,3865_left,0.05701125,0.934623,0.046648704
3121,3865_right,0.92376965,0.07000896,0.005874674
3122,3866_left,0.98758405,0.009971334,0.008266186
3123,3866_right,0.9875823,0.009972365,0.008267613
3124,3868_left,0.58856887,0.39127672,0.0132965585
3125,3868_right,0.05249795,0.9406145,0.046874497
3126,3871_left,0.025039613,0.061199054,0.9296031
3127,3871_right,0.17178473,0.8051365,0.031050613
3128,3872_left,0.98759127,0.0099648675,0.008266378
3129,3872_right,0.9875882,0.009967225,0.008267128
3130,3873_left,0.023320634,0.10940843,0.8831032
3131,3873_right,0.04582243,0.94510424,0.052002456
3132,3877_left,0.11587586,0.876326,0.031348962
3133,3877_right,0.9864753,0.010953449,0.0083283875
3134,3880_left,0.9304267,0.059200384,0.011410478
3135,3880_right,0.5248267,0.4697953,0.020588296
3136,3884_left,0.03020751,0.7574275,0.25578466
3137,3884_right,0.026055556,0.470797,0.50993145
3138,3888_left,0.06850677,0.9089075,0.055016737
3139,3888_right,0.94037765,0.050483946,0.009718324
3140,3889_left,0.9867675,0.0108058825,0.007968819
3141,3889_right,0.98758405,0.00997235,0.008263082
3142,3892_left,0.1679684,0.8115984,0.03536828
3143,3892_right,0.27826422,0.6848048,0.047088273
3144,3893_left,0.9279718,0.061805293,0.009522513
3145,3893_right,0.9873231,0.0102370875,0.0081599755
3146,3894_left,0.8855143,0.10911043,0.011363765
3147,3894_right,0.9875897,0.009965686,0.008266616
3148,3895_left,0.9875882,0.009964943,0.008267965
3149,3895_right,0.98759115,0.009964834,0.008266413
3150,3896_left,0.044733066,0.9488028,0.050397456
3151,3896_right,0.044245407,0.9494215,0.05041738
3152,3897_left,0.98759127,0.009964849,0.008266386
3153,3897_right,0.9875909,0.009964792,0.008266542
3154,3898_left,0.054465484,0.6322963,0.3343416
3155,3898_right,0.985352,0.011769621,0.008674571
3156,3907_left,0.9774982,0.01721523,0.011616239
3157,3907_right,0.96053857,0.0170884,0.022129638
3158,3908_left,0.98738223,0.010117328,0.008281053
3159,3908_right,0.045765378,0.947619,0.05014264
3160,3909_left,0.2236963,0.7794048,0.026139637
3161,3909_right,0.98727524,0.010183073,0.008391762
3162,3910_left,0.030952895,0.7408059,0.2620633
3163,3910_right,0.024745453,0.09002481,0.9102337
3164,3914_left,0.047104068,0.94663703,0.0497073
3165,3914_right,0.048073143,0.9465271,0.04785032
3166,3918_left,0.026682118,0.07451374,0.91256326
3167,3918_right,0.035993755,0.89397985,0.09449639
3168,3924_left,0.06685667,0.9044562,0.05789912
3169,3924_right,0.119771525,0.72781426,0.114497684
3170,3926_left,0.03381338,0.27981845,0.71030533
3171,3926_right,0.027020996,0.3140331,0.6890513
3172,3930_left,0.024271557,0.04522356,0.9499809
3173,3930_right,0.02464546,0.03949019,0.95395285
3174,3932_left,0.043439,0.9494308,0.05149802
3175,3932_right,0.06265237,0.9311336,0.043183617
3176,3933_left,0.02466241,0.03895334,0.95437676
3177,3933_right,0.024434466,0.04379881,0.94927883
3178,3936_left,0.037122414,0.76335394,0.25481915
3179,3936_right,0.074445605,0.87937057,0.06886372
3180,3937_left,0.72326434,0.26517785,0.021100456
3181,3937_right,0.6128864,0.39781722,0.019328222
3182,3938_left,0.044027902,0.94950825,0.050649256
3183,3938_right,0.025020089,0.039453164,0.95282584
3184,3940_left,0.041430656,0.82544315,0.1309547
3185,3940_right,0.0245806,0.039546702,0.95388013
3186,3948_left,0.98759127,0.0099648535,0.008266386
3187,3948_right,0.9781358,0.018203007,0.009188457
3188,3957_left,0.9873087,0.010148051,0.008348303
3189,3957_right,0.9852384,0.011786221,0.008840304
3190,3960_left,0.046144594,0.9471352,0.049631875
3191,3960_right,0.044366077,0.87804407,0.117958255
3192,3967_left,0.033065308,0.86631286,0.1384576
3193,3967_right,0.024805127,0.040213294,0.95323825
3194,3970_left,0.042049143,0.94192225,0.05934113
3195,3970_right,0.0783998,0.912399,0.042945947
3196,3973_left,0.98759115,0.00996483,0.008266417
3197,3973_right,0.98759127,0.0099648535,0.008266386
3198,3977_left,0.13801865,0.8600005,0.037791815
3199,3977_right,0.19997501,0.78671414,0.041852478
3200,3981_left,0.052254517,0.93963915,0.048167393
3201,3981_right,0.21213455,0.7901751,0.026184516
3202,3983_left,0.98758763,0.009967775,0.008266886
3203,3983_right,0.98758847,0.009967526,0.008265377
3204,3984_left,0.9519813,0.041362252,0.010994101
3205,3984_right,0.8209271,0.17715386,0.012741577
3206,3986_left,0.024654545,0.038937815,0.9544155
3207,3986_right,0.024656195,0.03893644,0.9544131
3208,3988_left,0.98759115,0.009964887,0.008266378
3209,3988_right,0.987548,0.009950587,0.008299637
3210,3989_left,0.08301298,0.47562212,0.2342432
3211,3989_right,0.98759127,0.0099648535,0.008266386
3212,3992_left,0.04644008,0.02460035,0.912647
3213,3992_right,0.0333758,0.03668852,0.9389192
3214,3993_left,0.02468135,0.039048392,0.95427763
3215,3993_right,0.025531696,0.048435573,0.943513
3216,3994_left,0.98448825,0.012295649,0.009046424
3217,3994_right,0.5446615,0.2626814,0.06707004
3218,3995_left,0.04475785,0.94369894,0.053887337
3219,3995_right,0.59613824,0.3980004,0.021073634
3220,4001_left,0.031483237,0.91625184,0.09683462
3221,4001_right,0.91175926,0.061091628,0.024173617
3222,4002_left,0.04478118,0.9491524,0.049763437
3223,4002_right,0.08694003,0.91047454,0.041512616
3224,4003_left,0.9875909,0.009964698,0.008266585
3225,4003_right,0.987591,0.00996498,0.008266436
3226,4005_left,0.024673615,0.038919285,0.95439184
3227,4005_right,0.024911877,0.03920226,0.95376444
3228,4009_left,0.9875907,0.009965211,0.00826648
3229,4009_right,0.987581,0.009959887,0.008273476
3230,4021_left,0.9875808,0.009959731,0.008273746
3231,4021_right,0.56650186,0.0152105335,0.2701078
3232,4025_left,0.98162365,0.013868121,0.01025
3233,4025_right,0.98748636,0.009996851,0.008318406
3234,4034_left,0.98276895,0.013907198,0.009057515
3235,4034_right,0.7975363,0.1817184,0.019130236
3236,4035_left,0.033810295,0.9159864,0.09918621
3237,4035_right,0.06647382,0.9288395,0.042137798
3238,4036_left,0.0758344,0.91486156,0.0430101
3239,4036_right,0.98759115,0.0099648675,0.008266471
3240,4041_left,0.98759127,0.009964849,0.008266389
3241,4041_right,0.9875909,0.009964604,0.008266628
3242,4043_left,0.025017017,0.038904477,0.95359385
3243,4043_right,0.024664344,0.03893733,0.9543967
3244,4046_left,0.427395,0.57011026,0.024638124
3245,4046_right,0.75163,0.21121712,0.025223061
3246,4048_left,0.15962556,0.82515675,0.033595156
3247,4048_right,0.04496695,0.94762194,0.05146705
3248,4049_left,0.024653943,0.039457064,0.95382404
3249,4049_right,0.026164742,0.11482483,0.8723846
3250,4053_left,0.038337573,0.93356407,0.06945622
3251,4053_right,0.04170305,0.9384117,0.063116565
3252,4058_left,0.98756975,0.009980352,0.008267789
3253,4058_right,0.9875865,0.009968034,0.008266339
3254,4060_left,0.98759115,0.009964834,0.008266413
3255,4060_right,0.98759127,0.009964863,0.008266381
3256,4062_left,0.023346316,0.050260518,0.94731075
3257,4062_right,0.037159655,0.8884296,0.10355008
3258,4064_left,0.9856208,0.011824018,0.008101348
3259,4064_right,0.9875894,0.009966599,0.008266268
3260,4065_left,0.052839566,0.9304883,0.055584412
3261,4065_right,0.051450178,0.92874336,0.058451794
3262,4066_left,0.043931164,0.19393185,0.7635197
3263,4066_right,0.7465456,0.14141037,0.0397965
3264,4069_left,0.04324242,0.94890493,0.051920574
3265,4069_right,0.04121297,0.9461926,0.05639963
3266,4070_left,0.98759115,0.00996484,0.008266413
3267,4070_right,0.98759115,0.009964792,0.008266441
3268,4071_left,0.9860619,0.009338087,0.009373665
3269,4071_right,0.15929888,0.09992305,0.56154555
3270,4077_left,0.04339858,0.94976217,0.05119579
3271,4077_right,0.044162143,0.9454426,0.053821225
3272,4078_left,0.98759115,0.00996484,0.008266417
3273,4078_right,0.98759115,0.009964934,0.008266413
3274,4080_left,0.98740655,0.010131239,0.008269255
3275,4080_right,0.0787507,0.9012929,0.048942097
3276,4082_left,0.0325107,0.45570874,0.5602333
3277,4082_right,0.016413545,0.28033876,0.75358623
3278,4085_left,0.9875909,0.009964703,0.008266663
3279,4085_right,0.98604935,0.011470241,0.008140672
3280,4086_left,0.023184787,0.114740245,0.8762495
3281,4086_right,0.024655158,0.038946327,0.9544062
3282,4090_left,0.9875907,0.009965225,0.00826653
3283,4090_right,0.0445029,0.9487128,0.050686453
3284,4092_left,0.042006254,0.94206995,0.05722638
3285,4092_right,0.04943385,0.9423148,0.049173422
3286,4095_left,0.9875496,0.009988813,0.008276723
3287,4095_right,0.055968612,0.20625108,0.714618
3288,4098_left,0.035301898,0.92441565,0.08706061
3289,4098_right,0.08078122,0.90401953,0.05607379
3290,4113_left,0.94109625,0.053273622,0.008196402
3291,4113_right,0.9875617,0.009986931,0.008267668
3292,4116_left,0.98757577,0.009980107,0.008262727
3293,4116_right,0.98759127,0.009964849,0.008266386
3294,4121_left,0.95986205,0.03647009,0.00864113
3295,4121_right,0.061790723,0.93022335,0.04460113
3296,4122_left,0.031262875,0.7659739,0.2118568
3297,4122_right,0.046641726,0.8888368,0.08373153
3298,4123_left,0.9862911,0.011040356,0.008459198
3299,4123_right,0.0256254,0.14069672,0.8376561
3300,4125_left,0.9867207,0.010657573,0.008478017
3301,4125_right,0.2539236,0.010189953,0.5909336
3302,4127_left,0.9875892,0.009963851,0.008268222
3303,4127_right,0.9875909,0.009964721,0.0082666045
3304,4129_left,0.92966294,0.061818033,0.009985545
3305,4129_right,0.9875172,0.010018299,0.00827643
3306,4130_left,0.9874808,0.01004642,0.008265345
3307,4130_right,0.9855779,0.011510265,0.008911295
3308,4132_left,0.0457286,0.94252074,0.05327105
3309,4132_right,0.096828654,0.8915547,0.044400025
3310,4133_left,0.9875707,0.009983142,0.008266799
3311,4133_right,0.98759115,0.00996491,0.008266409
3312,4134_left,0.097155206,0.8814721,0.04605625
3313,4134_right,0.07093568,0.90634197,0.058523808
3314,4135_left,0.040824257,0.9411603,0.058971327
3315,4135_right,0.056112796,0.9361725,0.049517404
3316,4139_left,0.58186764,0.3962675,0.009920089
3317,4139_right,0.96037275,0.03958324,0.0060390728
3318,4140_left,0.9861604,0.01092292,0.00848327
3319,4140_right,0.98759115,0.009964863,0.008266417
3320,4148_left,0.04238418,0.9208417,0.06997072
3321,4148_right,0.3249437,0.6317622,0.028518353
3322,4149_left,0.02488086,0.43242502,0.5354234
3323,4149_right,0.04687863,0.9460719,0.04764418
3324,4155_left,0.029245269,0.13758181,0.8530555
3325,4155_right,0.044120543,0.8526549,0.1368879
3326,4157_left,0.025124302,0.11675241,0.89803195
3327,4157_right,0.044265736,0.9492656,0.050516047
3328,4158_left,0.98758954,0.009965907,0.008267062
3329,4158_right,0.9849031,0.0122122625,0.008588826
3330,4160_left,0.5690433,0.38566518,0.016875708
3331,4160_right,0.96131283,0.034294184,0.008389239
3332,4161_left,0.042841606,0.94968504,0.052041497
3333,4161_right,0.043798774,0.9502023,0.05042343
3334,4162_left,0.024896298,0.040927965,0.9520742
3335,4162_right,0.024678024,0.03899678,0.9543341
3336,4163_left,0.20682539,0.79534614,0.041279234
3337,4163_right,0.04208078,0.9205502,0.080033556
3338,4165_left,0.98395663,0.013328792,0.008302097
3339,4165_right,0.05115901,0.94120026,0.05016915
3340,4167_left,0.024646126,0.041184984,0.95256454
3341,4167_right,0.023613187,0.065425314,0.9297693
3342,4175_left,0.6668691,0.31366742,0.019924024
3343,4175_right,0.84070116,0.17308886,0.006751094
3344,4178_left,0.02466236,0.038938224,0.9544013
3345,4178_right,0.024558632,0.039902654,0.95372367
3346,4181_left,0.023807097,0.2388836,0.74671066
3347,4181_right,0.029783543,0.7174827,0.29126492
3348,4182_left,0.987591,0.009965084,0.008266261
3349,4182_right,0.987586,0.009963452,0.008270839
3350,4184_left,0.82098967,0.15700163,0.017946417
3351,4184_right,0.9185142,0.043795977,0.024272641
3352,4186_left,0.98758566,0.009968133,0.008267633
3353,4186_right,0.9875244,0.009998291,0.008291304
3354,4190_left,0.9790012,0.013525734,0.013151493
3355,4190_right,0.2268389,0.0894479,0.60516936
3356,4191_left,0.03781195,0.49246943,0.48187244
3357,4191_right,0.045074392,0.94275576,0.054878846
3358,4194_left,0.98621494,0.009139554,0.009302267
3359,4194_right,0.9874105,0.009981299,0.008377173
3360,4195_left,0.9825456,0.014355344,0.008500759
3361,4195_right,0.055550627,0.9397978,0.04363451
3362,4196_left,0.08957638,0.89775324,0.038672186
3363,4196_right,0.9584458,0.034062047,0.012254076
3364,4197_left,0.024751939,0.040304605,0.9527835
3365,4197_right,0.024684267,0.03898458,0.95430607
3366,4199_left,0.9875803,0.009974384,0.008264181
3367,4199_right,0.98759127,0.009964849,0.008266397
3368,4200_left,0.9185656,0.06786254,0.01260859
3369,4200_right,0.32014322,0.65577877,0.019852139
3370,4202_left,0.045983024,0.9475881,0.049445078
3371,4202_right,0.08072857,0.9168898,0.04090539
3372,4203_left,0.25498432,0.7260635,0.017582681
3373,4203_right,0.31043264,0.67776793,0.016007494
3374,4204_left,0.15568733,0.8331749,0.027215032
3375,4204_right,0.48251522,0.484906,0.034807026
3376,4206_left,0.6573558,0.33777118,0.009368118
3377,4206_right,0.05743008,0.93502027,0.04536245
3378,4212_left,0.22289678,0.76311755,0.026525255
3379,4212_right,0.78962576,0.21364562,0.013329613
3380,4214_left,0.98759127,0.0099648535,0.008266386
3381,4214_right,0.9871387,0.0096493885,0.008610389
3382,4216_left,0.026763767,0.07439932,0.9138655
3383,4216_right,0.024555115,0.040526554,0.95276046
3384,4217_left,0.057149056,0.93320334,0.04978926
3385,4217_right,0.04267018,0.94425124,0.055323135
3386,4223_left,0.7145717,0.28786463,0.01155003
3387,4223_right,0.06549256,0.038962945,0.86181253
3388,4227_left,0.054081593,0.93630415,0.050479967
3389,4227_right,0.044339426,0.946262,0.052386533
3390,4230_left,0.044096913,0.9467867,0.05266946
3391,4230_right,0.048843734,0.93610245,0.05436462
3392,4232_left,0.98759127,0.0099648535,0.008266386
3393,4232_right,0.98759115,0.009964826,0.008266413
3394,4233_left,0.9875766,0.009964251,0.008274923
3395,4233_right,0.030096358,0.7876927,0.20893516
3396,4237_left,0.03719024,0.7010315,0.22062474
3397,4237_right,0.026200205,0.055607095,0.93527114
3398,4242_left,0.944809,0.043042388,0.014215462
3399,4242_right,0.98730403,0.009896555,0.008449749
3400,4244_left,0.9386273,0.055619203,0.006754046
3401,4244_right,0.7407446,0.312628,0.0043910355
3402,4249_left,0.909048,0.015428723,0.044271972
3403,4249_right,0.80689734,0.038053155,0.06334102
3404,4252_left,0.02467187,0.039752465,0.9534974
3405,4252_right,0.121635236,0.86727697,0.046148982
3406,4253_left,0.04607053,0.940822,0.054741073
3407,4253_right,0.1312584,0.86128366,0.038005672
3408,4255_left,0.98759043,0.009965573,0.008266362
3409,4255_right,0.98377764,0.012782087,0.009388199
3410,4257_left,0.98759115,0.009964943,0.008266366
3411,4257_right,0.98759127,0.009964849,0.008266386
3412,4258_left,0.024641195,0.03901047,0.9543675
3413,4258_right,0.039739996,0.7907613,0.1529024
3414,4261_left,0.9875301,0.010017509,0.008271876
3415,4261_right,0.98757786,0.009975302,0.008266276
3416,4266_left,0.98759115,0.009964783,0.008266459
3417,4266_right,0.9875679,0.009961989,0.008280917
3418,4269_left,0.082870774,0.79180205,0.12645295
3419,4269_right,0.8018259,0.19115426,0.012878489
3420,4270_left,0.040315077,0.9405803,0.06284886
3421,4270_right,0.08713108,0.90750206,0.03386715
3422,4274_left,0.034900796,0.033633363,0.9417685
3423,4274_right,0.02815184,0.54559976,0.4293087
3424,4275_left,0.043329988,0.9498689,0.051290907
3425,4275_right,0.042234335,0.94542086,0.055427868
3426,4276_left,0.044046268,0.9396937,0.05778806
3427,4276_right,0.04546912,0.85016036,0.105693094
3428,4282_left,0.5978588,0.40716693,0.021300618
3429,4282_right,0.04362987,0.9499976,0.0508297
3430,4285_left,0.9873481,0.010165746,0.00826077
3431,4285_right,0.98564225,0.011348171,0.008638283
3432,4289_left,0.04685885,0.93491113,0.058747888
3433,4289_right,0.7768236,0.20175993,0.015529287
3434,4290_left,0.5635652,0.19189619,0.13578834
3435,4290_right,0.9757916,0.01874686,0.011058614
3436,4294_left,0.98759127,0.009964849,0.008266393
3437,4294_right,0.98759043,0.00996539,0.008266537
3438,4299_left,0.98758715,0.0099680675,0.008265705
3439,4299_right,0.98758775,0.009967667,0.008266792
3440,4300_left,0.39039487,0.6317419,0.015448699
3441,4300_right,0.032625154,0.06613493,0.91748023
3442,4301_left,0.058903567,0.9287886,0.05407686
3443,4301_right,0.18290287,0.79556245,0.03289217
3444,4302_left,0.98671573,0.010645934,0.008484959
3445,4302_right,0.9875909,0.009965112,0.00826642
3446,4304_left,0.751324,0.25420433,0.01277497
3447,4304_right,0.24731995,0.72657734,0.02742189
3448,4306_left,0.95738167,0.032687876,0.015379581
3449,4306_right,0.9875897,0.009965262,0.008266956
3450,4307_left,0.024653696,0.039363123,0.9539791
3451,4307_right,0.02454655,0.040807642,0.952463
3452,4311_left,0.98758,0.009974888,0.008265772
3453,4311_right,0.9875108,0.009919929,0.008324316
3454,4312_left,0.028007042,0.13135791,0.853879
3455,4312_right,0.02465564,0.038956624,0.9543946
3456,4314_left,0.047651753,0.9456574,0.048889652
3457,4314_right,0.024677891,0.040554002,0.95296836
3458,4317_left,0.061484046,0.92684937,0.048085716
3459,4317_right,0.054455284,0.9333456,0.052708976
3460,4318_left,0.987483,0.010055478,0.008280862
3461,4318_right,0.04649029,0.9376148,0.058083214
3462,4322_left,0.024851393,0.039149195,0.9537808
3463,4322_right,0.024660377,0.03893188,0.95440584
3464,4323_left,0.987331,0.010159108,0.008341902
3465,4323_right,0.98748744,0.010041489,0.008296242
3466,4324_left,0.98759115,0.009964895,0.008266362
3467,4324_right,0.98759115,0.009964895,0.008266358
3468,4326_left,0.98759115,0.009964773,0.00826648
3469,4326_right,0.9870754,0.010446836,0.008233835
3470,4327_left,0.024678871,0.040570516,0.95303994
3471,4327_right,0.024772596,0.039399076,0.95392656
3472,4329_left,0.9875907,0.009965338,0.00826635
3473,4329_right,0.9875865,0.009963762,0.008269009
3474,4335_left,0.024652293,0.039045557,0.95429975
3475,4335_right,0.024770178,0.039563287,0.9537488
3476,4349_left,0.029002275,0.0633459,0.923736
3477,4349_right,0.043320123,0.9497963,0.051418882
3478,4351_left,0.045887623,0.08068113,0.86059564
3479,4351_right,0.1581348,0.579576,0.15433645
3480,4352_left,0.16278878,0.07686428,0.56713414
3481,4352_right,0.031464327,0.052824445,0.92662036
3482,4354_left,0.059771776,0.6011667,0.31728444
3483,4354_right,0.058959972,0.8747575,0.09793574
3484,4357_left,0.98747754,0.00998819,0.008323328
3485,4357_right,0.98117024,0.014579694,0.009372482
3486,4358_left,0.04415669,0.94929814,0.050676405
3487,4358_right,0.95676225,0.03576789,0.011626417
3488,4362_left,0.98758626,0.009967889,0.008269795
3489,4362_right,0.9859321,0.011015498,0.009348416
3490,4364_left,0.14115731,0.8425455,0.031125464
3491,4364_right,0.05122006,0.93926114,0.050489776
3492,4366_left,0.04175436,0.6909191,0.22625332
3493,4366_right,0.025316237,0.20548803,0.8279119
3494,4367_left,0.03947825,0.87366647,0.09878894
3495,4367_right,0.96218157,0.031655107,0.010109719
3496,4370_left,0.04138485,0.88978857,0.095671475
3497,4370_right,0.026418515,0.1124629,0.89715093
3498,4374_left,0.9875909,0.00996491,0.008266565
3499,4374_right,0.9875907,0.009964858,0.008266699
3500,4375_left,0.043860264,0.9450401,0.054410677
3501,4375_right,0.04663808,0.9452093,0.050952557
3502,4376_left,0.04041413,0.937384,0.06341347
3503,4376_right,0.21984921,0.77046245,0.048821095
3504,4380_left,0.10089971,0.8637421,0.054597948
3505,4380_right,0.27461413,0.6717948,0.034631047
3506,4381_left,0.023461565,0.05609518,0.9431362
3507,4381_right,0.02454243,0.34611452,0.6804076
3508,4383_left,0.023655897,0.59385306,0.42840055
3509,4383_right,0.024668336,0.038982913,0.9543584
3510,4385_left,0.030701606,0.1815071,0.7751759
3511,4385_right,0.8807749,0.11085338,0.010323767
3512,4390_left,0.91082174,0.0738363,0.01130445
3513,4390_right,0.055232942,0.92356163,0.061045934
3514,4391_left,0.025240935,0.041808985,0.9507334
3515,4391_right,0.024788527,0.04366706,0.94978917
3516,4394_left,0.044084966,0.947945,0.052097227
3517,4394_right,0.25218984,0.75487834,0.034986407
3518,4395_left,0.02446334,0.0407524,0.9532027
3519,4395_right,0.05255129,0.9398286,0.046736326
3520,4398_left,0.038636703,0.9318263,0.07433226
3521,4398_right,0.0369782,0.91913825,0.09029991
3522,4399_left,0.042802986,0.9415888,0.05696915
3523,4399_right,0.048854545,0.87577,0.1049735
3524,4400_left,0.7911958,0.18298018,0.024521297
3525,4400_right,0.98736376,0.010121503,0.008329194
3526,4403_left,0.024675611,0.039155252,0.9541641
3527,4403_right,0.024715396,0.05328673,0.9401276
3528,4404_left,0.51837844,0.34092012,0.04959291
3529,4404_right,0.9875754,0.009964496,0.008273898
3530,4409_left,0.044788163,0.94883937,0.0500826
3531,4409_right,0.98758334,0.009969394,0.00826875
3532,4416_left,0.02525635,0.039894726,0.9528464
3533,4416_right,0.98207134,0.015074532,0.0083709685
3534,4418_left,0.5114389,0.47161433,0.013656918
3535,4418_right,0.9120963,0.07129916,0.014678296
3536,4419_left,0.42189512,0.56749415,0.015573403
3537,4419_right,0.040603135,0.93347734,0.06779507
3538,4421_left,0.04651755,0.9446602,0.052313913
3539,4421_right,0.1045581,0.8710473,0.04583928
3540,4424_left,0.024738882,0.03934575,0.9538506
3541,4424_right,0.045877084,0.9476591,0.049416356
3542,4434_left,0.03692622,0.714073,0.20324945
3543,4434_right,0.024991909,0.043475244,0.94953316
3544,4436_left,0.9344992,0.053854894,0.011691962
3545,4436_right,0.98392695,0.013058249,0.008502173
3546,4437_left,0.04334017,0.9450879,0.054503288
3547,4437_right,0.18741852,0.15795927,0.52544844
3548,4443_left,0.024642657,0.039839666,0.9535671
3549,4443_right,0.025031867,0.039850723,0.9523437
3550,4444_left,0.03674608,0.7673863,0.17986885
3551,4444_right,0.048478734,0.9454442,0.047933117
3552,4448_left,0.029426487,0.0793789,0.90810627
3553,4448_right,0.059152506,0.89436394,0.076522425
3554,4450_left,0.028608313,0.16633789,0.79873127
3555,4450_right,0.043991137,0.9483115,0.052043706
3556,4452_left,0.98563683,0.01070765,0.009485243
3557,4452_right,0.7116804,0.2660956,0.012053939
3558,4460_left,0.987591,0.00996467,0.008266577
3559,4460_right,0.98758984,0.009965649,0.008266636
3560,4462_left,0.026187494,0.17360416,0.80991495
3561,4462_right,0.4315815,0.51982176,0.036784094
3562,4464_left,0.030786056,0.83375454,0.1533478
3563,4464_right,0.04154263,0.9155824,0.07402933
3564,4466_left,0.024659434,0.03893651,0.95440805
3565,4466_right,0.04120185,0.94146824,0.058016047
3566,4470_left,0.97234017,0.023418505,0.008335104
3567,4470_right,0.8640706,0.09929135,0.026084017
3568,4471_left,0.10307136,0.88584983,0.0333934
3569,4471_right,0.04466929,0.9477216,0.05103318
3570,4472_left,0.024289882,0.06320677,0.93767077
3571,4472_right,0.02439939,0.16449171,0.8614608
3572,4475_left,0.17585036,0.8136095,0.02502509
3573,4475_right,0.97951597,0.016388414,0.009741651
3574,4478_left,0.06834263,0.90132165,0.06810624
3575,4478_right,0.12858458,0.7949105,0.08015487
3576,4479_left,0.039935835,0.77050316,0.20977184
3577,4479_right,0.065234266,0.9215602,0.04665619
3578,4482_left,0.043584894,0.88242203,0.1082213
3579,4482_right,0.08111886,0.2805804,0.49225998
3580,4484_left,0.967067,0.027917594,0.009673834
3581,4484_right,0.98757404,0.009974827,0.008270025
3582,4485_left,0.043779045,0.94135314,0.056456264
3583,4485_right,0.04202756,0.90925044,0.086490534
3584,4488_left,0.9875893,0.009966514,0.008266565
3585,4488_right,0.9875866,0.009968679,0.008266553
3586,4490_left,0.98725253,0.01021859,0.008279981
3587,4490_right,0.98758453,0.00997082,0.008265717
3588,4491_left,0.04787233,0.9450707,0.048892315
3589,4491_right,0.41587797,0.5978032,0.013082865
3590,4495_left,0.04962705,0.9433344,0.048298974
3591,4495_right,0.072716214,0.92181796,0.039205547
3592,4496_left,0.033017766,0.80829155,0.19337344
3593,4496_right,0.04171776,0.82012916,0.12574679
3594,4497_left,0.8304691,0.12752731,0.018948877
3595,4497_right,0.9818649,0.015390871,0.0072176903
3596,4498_left,0.048693478,0.92230636,0.06671028
3597,4498_right,0.26122278,0.4684851,0.11218933
3598,4499_left,0.020438183,0.08720747,0.91093904
3599,4499_right,0.038406115,0.931562,0.06678091
3600,4506_left,0.024669152,0.03935229,0.9539145
3601,4506_right,0.1118343,0.64924604,0.17070906
3602,4508_left,0.97370595,0.0222225,0.009532457
3603,4508_right,0.9693675,0.024986941,0.011381726
3604,4513_left,0.021810533,0.050817594,0.9487643
3605,4513_right,0.034528706,0.7409591,0.20347838
3606,4514_left,0.987586,0.009961236,0.008270323
3607,4514_right,0.987573,0.009965211,0.008276899
3608,4518_left,0.9875707,0.009985083,0.008263493
3609,4518_right,0.9773741,0.019436853,0.008559322
3610,4519_left,0.9875903,0.009965037,0.008266823
3611,4519_right,0.98757464,0.009965395,0.008276058
3612,4523_left,0.049091097,0.94420373,0.04801439
3613,4523_right,0.04741646,0.9405564,0.05450157
3614,4524_left,0.1075415,0.8893959,0.04031303
3615,4524_right,0.8543124,0.13520217,0.013731817
3616,4526_left,0.98759115,0.009964895,0.008266389
3617,4526_right,0.024766428,0.039250497,0.9537729
3618,4527_left,0.98759127,0.0099648535,0.008266386
3619,4527_right,0.9875909,0.009964717,0.008266616
3620,4531_left,0.49307024,0.43251628,0.021145238
3621,4531_right,0.6805745,0.22471574,0.024082776
3622,4532_left,0.9870553,0.010420772,0.008331905
3623,4532_right,0.4991679,0.49766645,0.019635644
3624,4533_left,0.9875907,0.009965028,0.008266683
3625,4533_right,0.9875909,0.009965164,0.00826637
3626,4534_left,0.9800996,0.01712891,0.007780367
3627,4534_right,0.9871486,0.010313473,0.008393668
3628,4535_left,0.02459345,0.05422515,0.9373272
3629,4535_right,0.029117854,0.14083397,0.8439601
3630,4538_left,0.98653746,0.010931279,0.008034127
3631,4538_right,0.98758465,0.009969888,0.008266014
3632,4544_left,0.9875854,0.009969426,0.008267101
3633,4544_right,0.9873607,0.010138314,0.008325323
3634,4545_left,0.9875821,0.009965455,0.0082706865
3635,4545_right,0.98756546,0.009990566,0.008260476
3636,4548_left,0.9875909,0.00996483,0.008266659
3637,4548_right,0.9875909,0.009964806,0.008266581
3638,4550_left,0.044114996,0.9020396,0.09053187
3639,4550_right,0.07679715,0.9104256,0.041890353
3640,4551_left,0.7182663,0.18673025,0.031503193
3641,4551_right,0.025151966,0.041703362,0.9510525
3642,4555_left,0.24382715,0.7576256,0.02030164
3643,4555_right,0.98702747,0.010411374,0.008378975
3644,4558_left,0.024666859,0.03901982,0.95429826
3645,4558_right,0.024694428,0.0393133,0.9540112
3646,4559_left,0.024657281,0.038949948,0.954402
3647,4559_right,0.024656478,0.03894157,0.95440996
3648,4561_left,0.024679812,0.03897141,0.9543128
3649,4561_right,0.02449379,0.040932823,0.95238924
3650,4563_left,0.034004297,0.7677962,0.22891054
3651,4563_right,0.045280553,0.92711705,0.06926073
3652,4567_left,0.04377168,0.9483147,0.05213513
3653,4567_right,0.063517354,0.92716914,0.049199313
3654,4568_left,0.024655811,0.03894099,0.95441073
3655,4568_right,0.024654415,0.038939755,0.95441467
3656,4569_left,0.52243143,0.40675992,0.035057284
3657,4569_right,0.02454381,0.039855286,0.95349765
3658,4570_left,0.045025945,0.9381838,0.057821468
3659,4570_right,0.048399173,0.9357037,0.05680896
3660,4571_left,0.04324372,0.95006216,0.0511254
3661,4571_right,0.9875721,0.009980347,0.008267695
3662,4581_left,0.9875804,0.009972365,0.008270988
3663,4581_right,0.93617004,0.049776625,0.01737809
3664,4582_left,0.14740932,0.84347504,0.03176649
3665,4582_right,0.9873761,0.010112038,0.0083852615
3666,4583_left,0.024674503,0.038921278,0.9543892
3667,4583_right,0.024673002,0.038921818,0.9543924
3668,4584_left,0.039897423,0.8617455,0.13548258
3669,4584_right,0.02700504,0.06302214,0.9333075
3670,4593_left,0.024655033,0.038948502,0.95440257
3671,4593_right,0.024663009,0.039047204,0.95428294
3672,4594_left,0.98759127,0.0099648535,0.008266386
3673,4594_right,0.759676,0.21682166,0.010073017
3674,4595_left,0.6068472,0.4086625,0.010320864
3675,4595_right,0.07021726,0.91840184,0.04454001
3676,4599_left,0.041446175,0.7911939,0.13854042
3677,4599_right,0.2249831,0.7372707,0.04663617
3678,4601_left,0.02465926,0.0389407,0.9543999
3679,4601_right,0.024660043,0.03894251,0.9543988
3680,4602_left,0.98719376,0.010356607,0.008188634
3681,4602_right,0.9875525,0.009993232,0.00827443
3682,4604_left,0.02469536,0.03903003,0.9542454
3683,4604_right,0.9875509,0.010004659,0.008257782
3684,4609_left,0.024725178,0.038945004,0.9542812
3685,4609_right,0.032957554,0.59958947,0.41396034
3686,4614_left,0.51923895,0.4211069,0.02941103
3687,4614_right,0.34731334,0.6223435,0.02351035
3688,4615_left,0.052477624,0.9371122,0.05216959
3689,4615_right,0.50958633,0.49628147,0.019832432
3690,4620_left,0.025567334,0.046493594,0.9455752
3691,4620_right,0.7894036,0.19916552,0.015342143
3692,4624_left,0.16606347,0.8294223,0.023762003
3693,4624_right,0.98663586,0.010803508,0.008196949
3694,4626_left,0.98755705,0.009997219,0.008263904
3695,4626_right,0.95099497,0.015617376,0.024678227
3696,4629_left,0.024903037,0.03947509,0.95343345
3697,4629_right,0.024710959,0.039064113,0.9542109
3698,4631_left,0.044067577,0.94921565,0.05101314
3699,4631_right,0.0409478,0.9435874,0.057077866
3700,4632_left,0.025116045,0.04055732,0.95226413
3701,4632_right,0.9817661,0.013900411,0.009191852
3702,4633_left,0.9875558,0.009992878,0.008271754
3703,4633_right,0.9875886,0.009966684,0.008266964
3704,4641_left,0.98754066,0.010000296,0.008290445
3705,4641_right,0.9875793,0.009973819,0.008270229
3706,4642_left,0.5032909,0.49390417,0.015544685
3707,4642_right,0.9775031,0.017711991,0.011002409
3708,4649_left,0.98411983,0.012486641,0.009403763
3709,4649_right,0.9606108,0.03103602,0.013956714
3710,4652_left,0.9387794,0.048581824,0.01608547
3711,4652_right,0.97001994,0.023891188,0.01185349
3712,4657_left,0.9036592,0.0857503,0.012173507
3713,4657_right,0.97307974,0.021976357,0.010321283
3714,4658_left,0.98710674,0.010040124,0.008511348
3715,4658_right,0.9874693,0.010053893,0.0082814135
3716,4659_left,0.043708578,0.94887036,0.05152693
3717,4659_right,0.046585362,0.9465613,0.04944443
3718,4665_left,0.98758954,0.009966289,0.008266546
3719,4665_right,0.9875901,0.009965988,0.008266268
3720,4672_left,0.9875908,0.009964679,0.00826664
3721,4672_right,0.9873412,0.01021358,0.008230308
3722,4674_left,0.024660159,0.03895461,0.9543934
3723,4674_right,0.024655938,0.03895046,0.9544016
3724,4676_left,0.08149186,0.90792936,0.04758815
3725,4676_right,0.048390914,0.92099947,0.06646353
3726,4685_left,0.97405475,0.019379998,0.012327824
3727,4685_right,0.93250626,0.050683703,0.010563843
3728,4687_left,0.029052546,0.1542418,0.81963414
3729,4687_right,0.041223753,0.28962168,0.6282684
3730,4688_left,0.026485624,0.052585807,0.93775177
3731,4688_right,0.024798563,0.040252127,0.95266706
3732,4689_left,0.5664842,0.3816694,0.050562494
3733,4689_right,0.04427204,0.947536,0.052385397
3734,4690_left,0.053452224,0.92638713,0.058579285
3735,4690_right,0.04937278,0.9403719,0.052260704
3736,4693_left,0.549559,0.43506888,0.021565141
3737,4693_right,0.98415595,0.012793193,0.00881185
3738,4694_left,0.044181064,0.9493246,0.050659414
3739,4694_right,0.963434,0.031262707,0.0070271874
3740,4695_left,0.103049725,0.88400704,0.03876348
3741,4695_right,0.19645947,0.8008895,0.02007645
3742,4696_left,0.06974621,0.87015975,0.08382432
3743,4696_right,0.059107512,0.9176102,0.059015483
3744,4697_left,0.98759055,0.009964755,0.00826671
3745,4697_right,0.9875765,0.009956925,0.008276837
3746,4698_left,0.420313,0.5712535,0.021949923
3747,4698_right,0.46852896,0.45709324,0.057947665
3748,4702_left,0.9861713,0.011193695,0.008411955
3749,4702_right,0.9875503,0.009997384,0.008276739
3750,4703_left,0.5439846,0.43900466,0.014486441
3751,4703_right,0.034182277,0.7379942,0.20043762
3752,4710_left,0.026038293,0.09678894,0.8923153
3753,4710_right,0.04318823,0.94917333,0.052156907
3754,4711_left,0.02465505,0.03894065,0.95441324
3755,4711_right,0.98750174,0.010032326,0.008295143
3756,4713_left,0.671161,0.11646393,0.079542086
3757,4713_right,0.2820469,0.46663854,0.11023484
3758,4714_left,0.07132124,0.92018765,0.04530683
3759,4714_right,0.98758835,0.009965573,0.008267355
3760,4716_left,0.9875909,0.00996513,0.008266288
3761,4716_right,0.98727953,0.010191516,0.008359956
3762,4721_left,0.037897762,0.58098537,0.3542357
3763,4721_right,0.033589862,0.3174241,0.6932724
3764,4722_left,0.04712013,0.9295498,0.061285798
3765,4722_right,0.98757684,0.009977855,0.008266178
3766,4723_left,0.07125538,0.9207816,0.04086816
3767,4723_right,0.9875702,0.009984956,0.008259778
3768,4724_left,0.5632585,0.31893477,0.037688173
3769,4724_right,0.9858154,0.011409919,0.008578519
3770,4727_left,0.9875804,0.009967695,0.008274575
3771,4727_right,0.98759127,0.0099648535,0.008266386
3772,4731_left,0.044978004,0.9256143,0.06340387
3773,4731_right,0.06096991,0.88515556,0.08630663
3774,4732_left,0.98759055,0.009965291,0.008266386
3775,4732_right,0.98759115,0.00996483,0.00826642
3776,4734_left,0.9874605,0.0100638205,0.008302136
3777,4734_right,0.97276455,0.02036432,0.012395605
3778,4735_left,0.9875909,0.00996467,0.00826664
3779,4735_right,0.987588,0.009965164,0.008267785
3780,4738_left,0.038564105,0.92066413,0.084616475
3781,4738_right,0.987575,0.00998193,0.008258883
3782,4739_left,0.98759127,0.00996484,0.008266409
3783,4739_right,0.98757195,0.009980555,0.008268122
3784,4740_left,0.28742495,0.7312039,0.024554703
3785,4740_right,0.8543406,0.14395201,0.0102055855
3786,4741_left,0.9866238,0.010729857,0.008538036
3787,4741_right,0.9870892,0.010398191,0.008308986
3788,4750_left,0.91787577,0.067963965,0.012467153
3789,4750_right,0.4808961,0.48340002,0.0381055
3790,4754_left,0.98759127,0.0099648535,0.008266386
3791,4754_right,0.98758507,0.009962408,0.008270421
3792,4755_left,0.7856944,0.1997757,0.012464999
3793,4755_right,0.1849889,0.7796583,0.03687625
3794,4757_left,0.04681316,0.9469321,0.048913293
3795,4757_right,0.041479416,0.81930065,0.18486683
3796,4764_left,0.024665274,0.03893528,0.95439273
3797,4764_right,0.06477235,0.9337915,0.04165829
3798,4765_left,0.24654996,0.7641255,0.030146828
3799,4765_right,0.9875732,0.00997688,0.008272091
3800,4766_left,0.02479055,0.03886885,0.954154
3801,4766_right,0.024722409,0.038910404,0.9542787
3802,4769_left,0.9510488,0.03998726,0.012046064
3803,4769_right,0.045902684,0.9375601,0.056977503
3804,4771_left,0.9869185,0.010494077,0.0084229
3805,4771_right,0.9185887,0.06761484,0.01410369
3806,4773_left,0.030233994,0.13849483,0.83656645
3807,4773_right,0.024655778,0.038937133,0.9544139
3808,4776_left,0.9222061,0.047721762,0.022205349
3809,4776_right,0.9875443,0.010007219,0.00826714
3810,4779_left,0.07807063,0.87394226,0.05242781
3811,4779_right,0.03985069,0.2949989,0.6375766
3812,4780_left,0.040215757,0.9285494,0.07520487
3813,4780_right,0.042432163,0.9441047,0.05610747
3814,4781_left,0.9875897,0.009964167,0.00826764
3815,4781_right,0.98759115,0.00996483,0.008266417
3816,4784_left,0.04234083,0.89767635,0.082882516
3817,4784_right,0.98759115,0.009964773,0.008266471
3818,4788_left,0.7789603,0.21296522,0.015500301
3819,4788_right,0.057629526,0.9343822,0.046526242
3820,4793_left,0.043230586,0.9477445,0.052758444
3821,4793_right,0.24270187,0.74867815,0.03559072
3822,4795_left,0.03629802,0.6835451,0.26990154
3823,4795_right,0.024656672,0.03893926,0.95440996
3824,4798_left,0.05603181,0.9374439,0.048857026
3825,4798_right,0.071094655,0.91983247,0.049145784
3826,4799_left,0.20261213,0.77602786,0.02495183
3827,4799_right,0.04620974,0.8011889,0.1640672
3828,4800_left,0.98758245,0.009972854,0.008265964
3829,4800_right,0.2999471,0.52213275,0.05317309
3830,4802_left,0.98611474,0.011311008,0.008298926
3831,4802_right,0.98759127,0.0099648535,0.008266386
3832,4804_left,0.987502,0.010048564,0.008262224
3833,4804_right,0.9872514,0.010299387,0.0082225315
3834,4805_left,0.024253339,0.19032538,0.8322631
3835,4805_right,0.046852898,0.9446824,0.050531007
3836,4807_left,0.1112218,0.8784552,0.031219572
3837,4807_right,0.044466957,0.94430405,0.05406645
3838,4810_left,0.024676139,0.03905216,0.95425344
3839,4810_right,0.030323831,0.6581169,0.31370565
3840,4811_left,0.13989042,0.8468295,0.032744057
3841,4811_right,0.98639905,0.010861903,0.008794837
3842,4818_left,0.98759127,0.009964849,0.008266389
3843,4818_right,0.98759055,0.009964491,0.008266831
3844,4821_left,0.024727697,0.038897898,0.95430213
3845,4821_right,0.063983224,0.7715428,0.15247144
3846,4824_left,0.7902942,0.17695697,0.010788669
3847,4824_right,0.98752475,0.010024184,0.008268094
3848,4827_left,0.033497743,0.9055161,0.11097141
3849,4827_right,0.024509916,0.043867443,0.94920534
3850,4829_left,0.11694457,0.87062365,0.03354624
3851,4829_right,0.057398137,0.8968042,0.07198526
3852,4830_left,0.9513797,0.03371382,0.01755872
3853,4830_right,0.39389312,0.5673743,0.02617416
3854,4831_left,0.02476515,0.039698664,0.9534857
3855,4831_right,0.024661547,0.03893139,0.9544014
3856,4838_left,0.03910054,0.6791137,0.26649067
3857,4838_right,0.03569953,0.7135668,0.23818535
3858,4839_left,0.024657452,0.038935494,0.95440966
3859,4839_right,0.029498301,0.49003005,0.44883224
3860,4840_left,0.98758614,0.009969262,0.008265338
3861,4840_right,0.9867098,0.010547533,0.008376872
3862,4842_left,0.9874035,0.009946153,0.008413403
3863,4842_right,0.98758465,0.009967347,0.008267828
3864,4843_left,0.987591,0.00996507,0.008266292
3865,4843_right,0.98759127,0.0099648535,0.008266386
3866,4844_left,0.11588199,0.8567414,0.05344283
3867,4844_right,0.07416488,0.9070184,0.055180863
3868,4847_left,0.98759115,0.009964971,0.008266374
3869,4847_right,0.9875908,0.009965258,0.0082663
3870,4850_left,0.98758984,0.009965771,0.008266792
3871,4850_right,0.9875864,0.009968749,0.008267378
3872,4851_left,0.065041184,0.9214306,0.052816767
3873,4851_right,0.18599328,0.80769944,0.026607491
3874,4852_left,0.8849213,0.13366811,0.005072316
3875,4852_right,0.987575,0.0099728685,0.008271782
3876,4856_left,0.025773995,0.04617697,0.94641095
3877,4856_right,0.04265156,0.9080808,0.085416
3878,4857_left,0.9875217,0.010021368,0.008277283
3879,4857_right,0.976447,0.018712593,0.01050559
3880,4861_left,0.98759115,0.009964801,0.008266441
3881,4861_right,0.9875896,0.009965187,0.008267046
3882,4864_left,0.98759127,0.009964849,0.008266389
3883,4864_right,0.98759127,0.0099648535,0.008266386
3884,4869_left,0.037134066,0.90625566,0.098022565
3885,4869_right,0.02018446,0.5921125,0.45962438
3886,4876_left,0.045491,0.9406766,0.05559525
3887,4876_right,0.0442817,0.934793,0.06060994
3888,4878_left,0.98484623,0.012291087,0.0082032
3889,4878_right,0.9851081,0.011859634,0.008402474
3890,4884_left,0.98152465,0.014160805,0.010397269
3891,4884_right,0.98759115,0.00996483,0.008266409
3892,4885_left,0.020858083,0.3182215,0.75419647
3893,4885_right,0.037864085,0.82180214,0.18855524
3894,4886_left,0.054186154,0.5833929,0.3353213
3895,4886_right,0.11883059,0.8694687,0.02957002
3896,4887_left,0.02451288,0.043461673,0.95062006
3897,4887_right,0.024668556,0.0389928,0.9543255
3898,4892_left,0.98211426,0.014321459,0.009666071
3899,4892_right,0.98606396,0.011278514,0.008251357
3900,4899_left,0.97784984,0.019213546,0.008204655
3901,4899_right,0.98686326,0.010672017,0.008078906
3902,4901_left,0.044025593,0.9338902,0.059577283
3903,4901_right,0.15211137,0.80040145,0.059011962
3904,4902_left,0.043173365,0.9054418,0.078307085
3905,4902_right,0.045751695,0.9352213,0.0601525
3906,4903_left,0.9732723,0.021660384,0.010818229
3907,4903_right,0.98759115,0.00996498,0.00826637
3908,4904_left,0.043596193,0.94480807,0.05611936
3909,4904_right,0.98579025,0.011610323,0.008256228
3910,4909_left,0.024708575,0.039170414,0.9541339
3911,4909_right,0.029039165,0.12881905,0.85513836
3912,4911_left,0.98759127,0.0099648535,0.008266386
3913,4911_right,0.98759127,0.009964834,0.008266405
3914,4914_left,0.050388627,0.94211364,0.04917871
3915,4914_right,0.443958,0.51123154,0.019216312
3916,4915_left,0.98759127,0.0099648535,0.008266386
3917,4915_right,0.98759115,0.009964938,0.008266397
3918,4916_left,0.3060304,0.66443557,0.020304069
3919,4916_right,0.9768769,0.017041115,0.009263457
3920,4917_left,0.98759127,0.0099648535,0.008266386
3921,4917_right,0.98759127,0.009964849,0.008266386
3922,4919_left,0.9790962,0.016809769,0.010427993
3923,4919_right,0.94897115,0.044971745,0.009622885
3924,4922_left,0.04779543,0.9091155,0.07079534
3925,4922_right,0.07274633,0.9102293,0.048599895
3926,4928_left,0.07705165,0.913713,0.03738773
3927,4928_right,0.70167905,0.24868363,0.013313762
3928,4930_left,0.053437855,0.61103755,0.2709253
3929,4930_right,0.025454145,0.046976775,0.9448529
3930,4931_left,0.024706712,0.038971998,0.95428705
3931,4931_right,0.02459424,0.039580803,0.953656
3932,4933_left,0.9124645,0.06916356,0.016070519
3933,4933_right,0.025248773,0.040031467,0.95207435
3934,4936_left,0.45053905,0.46382788,0.05118013
3935,4936_right,0.9875897,0.009965893,0.008267073
3936,4937_left,0.98759127,0.0099648535,0.008266386
3937,4937_right,0.987591,0.009965084,0.008266342
3938,4939_left,0.9832339,0.013614258,0.008977712
3939,4939_right,0.98155415,0.014567204,0.010104662
3940,4941_left,0.03566776,0.8094154,0.17601842
3941,4941_right,0.024669541,0.03894638,0.9543826
3942,4946_left,0.04190359,0.8701556,0.10338579
3943,4946_right,0.040008385,0.8589902,0.13385
3944,4951_left,0.9875825,0.009973556,0.008265057
3945,4951_right,0.98755556,0.009965066,0.008290227
3946,4953_left,0.096813455,0.87111723,0.06286684
3947,4953_right,0.21202394,0.7092834,0.06294673
3948,4954_left,0.17572322,0.8031216,0.03191009
3949,4954_right,0.98755115,0.009956916,0.008291281
3950,4955_left,0.02593852,0.18189858,0.79313636
3951,4955_right,0.03754075,0.83120716,0.13507512
3952,4959_left,0.9875853,0.009970185,0.008266245
3953,4959_right,0.9872821,0.010251214,0.008262254
3954,4965_left,0.025027988,0.040536713,0.9521555
3955,4965_right,0.024921488,0.039154444,0.9537335
3956,4967_left,0.042181913,0.9158041,0.07719039
3957,4967_right,0.024004025,0.044754364,0.9503618
3958,4969_left,0.029767377,0.36289534,0.5540573
3959,4969_right,0.042328883,0.8220257,0.12162406
3960,4970_left,0.025110267,0.5425102,0.49191162
3961,4970_right,0.025110103,0.044323064,0.9470549
3962,4972_left,0.97681946,0.019875605,0.008641825
3963,4972_right,0.043647658,0.94982594,0.050986875
3964,4973_left,0.03264787,0.0883167,0.87173975
3965,4973_right,0.020818856,0.082729146,0.91564524
3966,4980_left,0.037346072,0.9024443,0.09109341
3967,4980_right,0.04336751,0.94006836,0.05759957
3968,4984_left,0.9825183,0.013769841,0.009587346
3969,4984_right,0.98550147,0.011938016,0.007950678
3970,4985_left,0.9819952,0.015264023,0.0077228774
3971,4985_right,0.9851243,0.012250671,0.008254901
3972,4987_left,0.98759115,0.009964905,0.008266386
3973,4987_right,0.9875515,0.010003106,0.008260996
3974,4990_left,0.0426219,0.9429144,0.058006458
3975,4990_right,0.03131679,0.8933766,0.1239815
3976,4992_left,0.040661618,0.9407742,0.062112264
3977,4992_right,0.0397297,0.9336871,0.070675164
3978,4997_left,0.07288676,0.91619647,0.04312166
3979,4997_right,0.33760017,0.63646615,0.02790276
3980,4998_left,0.9874455,0.010100632,0.008246258
3981,4998_right,0.42161632,0.5807166,0.019427348
3982,4999_left,0.037362467,0.84742695,0.12166008
3983,4999_right,0.0294594,0.7697641,0.19867378
3984,5004_left,0.024666168,0.038949966,0.95438075
3985,5004_right,0.024037417,0.045265846,0.95017505
3986,5007_left,0.9875759,0.009975622,0.008268497
3987,5007_right,0.953046,0.040101945,0.01102062
3988,5008_left,0.102307975,0.87076205,0.050818454
3989,5008_right,0.04280881,0.9471243,0.05366644
3990,5009_left,0.9875871,0.009964058,0.008268923
3991,5009_right,0.9875873,0.009964726,0.008268305
3992,5010_left,0.9325143,0.0635462,0.0076750247
3993,5010_right,0.96048486,0.031045668,0.012431018
3994,5013_left,0.75994456,0.25765508,0.0072584916
3995,5013_right,0.9875717,0.009981048,0.008266389
3996,5014_left,0.9476685,0.050305717,0.0074074795
3997,5014_right,0.98759115,0.009964915,0.00826637
3998,5015_left,0.9875887,0.009965691,0.008267691
3999,5015_right,0.98759115,0.009964834,0.008266444
4000,5018_left,0.8297853,0.14593251,0.014441233
4001,5018_right,0.9499158,0.040506754,0.014468718
4002,5019_left,0.02468041,0.038916558,0.9543837
4003,5019_right,0.024674281,0.039159287,0.95415616
4004,5021_left,0.3007625,0.63209987,0.035547618
4005,5021_right,0.04250123,0.93188876,0.06390773
4006,5023_left,0.04479947,0.9485984,0.050464198
4007,5023_right,0.98282826,0.0135470135,0.009263355
4008,5024_left,0.046102572,0.94749284,0.04934801
4009,5024_right,0.044679638,0.9381795,0.057707027
4010,5029_left,0.9862744,0.011168543,0.008194182
4011,5029_right,0.79218006,0.02626974,0.20339759
4012,5032_left,0.98759115,0.009964895,0.008266374
4013,5032_right,0.98759127,0.009964849,0.008266389
4014,5033_left,0.02637703,0.22239363,0.794402
4015,5033_right,0.043133553,0.94972557,0.051528282
4016,5035_left,0.06856152,0.8993298,0.059003726
4017,5035_right,0.056243468,0.9294236,0.052473146
4018,5039_left,0.06492317,0.9263837,0.04723527
4019,5039_right,0.04403878,0.9458104,0.05289805
4020,5041_left,0.09141992,0.90185386,0.037265953
4021,5041_right,0.9874587,0.010092697,0.008254315
4022,5042_left,0.9617444,0.02925239,0.01271996
4023,5042_right,0.9662318,0.025948582,0.012391853
4024,5044_left,0.9862018,0.011166137,0.008349412
4025,5044_right,0.46299592,0.52557343,0.016056191
4026,5045_left,0.026334848,0.04973616,0.9411956
4027,5045_right,0.56281567,0.13511546,0.16968322
4028,5047_left,0.9875897,0.009966261,0.008265858
4029,5047_right,0.987478,0.0100882435,0.008214031
4030,5049_left,0.9868766,0.0105216475,0.008484541
4031,5049_right,0.9874916,0.010045922,0.008281019
4032,5052_left,0.044161882,0.9496684,0.050199814
4033,5052_right,0.045198426,0.94798476,0.05057417
4034,5054_left,0.04038493,0.86866575,0.12864889
4035,5054_right,0.83569026,0.094803356,0.045939323
4036,5058_left,0.096293725,0.8987195,0.03784578
4037,5058_right,0.97720224,0.017741658,0.009583018
4038,5059_left,0.98759115,0.009964895,0.008266417
4039,5059_right,0.98759127,0.009964849,0.008266389
4040,5061_left,0.9874334,0.010074805,0.008329005
4041,5061_right,0.986782,0.010509367,0.008590545
4042,5062_left,0.045060065,0.9476455,0.051026322
4043,5062_right,0.9363315,0.0583621,0.009399674
4044,5063_left,0.98501956,0.012164853,0.008529143
4045,5063_right,0.9875301,0.009923269,0.008311839
4046,5065_left,0.057268173,0.9374023,0.047435742
4047,5065_right,0.023101404,0.09405864,0.9013198
4048,5066_left,0.98758996,0.009965705,0.008266738
4049,5066_right,0.7670854,0.20920269,0.0077114487
4050,5067_left,0.024658024,0.038940452,0.95440745
4051,5067_right,0.024655307,0.038937714,0.9544144
4052,5070_left,0.987415,0.009922941,0.0084114345
4053,5070_right,0.9875488,0.009982996,0.008286303
4054,5071_left,0.02490688,0.040211655,0.952832
4055,5071_right,0.3642709,0.45157504,0.07714655
4056,5073_left,0.8967109,0.08477959,0.018402632
4057,5073_right,0.91796666,0.06779971,0.01645922
4058,5075_left,0.041354593,0.8949184,0.10324604
4059,5075_right,0.98740745,0.010120996,0.00828188
4060,5082_left,0.9720429,0.02212479,0.010981187
4061,5082_right,0.05580735,0.9235043,0.06410193
4062,5083_left,0.9849749,0.01170323,0.008850864
4063,5083_right,0.98736995,0.010168069,0.008263403
4064,5084_left,0.02494389,0.041920796,0.95042676
4065,5084_right,0.043662004,0.9462621,0.053808555
4066,5086_left,0.106478296,0.75978,0.105381
4067,5086_right,0.121745065,0.7350004,0.103604145
4068,5088_left,0.76426286,0.2024132,0.025242977
4069,5088_right,0.04071226,0.9269858,0.072183914
4070,5089_left,0.98759127,0.0099648535,0.008266386
4071,5089_right,0.9875901,0.009964138,0.008267226
4072,5090_left,0.04858308,0.94485044,0.047870874
4073,5090_right,0.07054292,0.9239421,0.035508256
4074,5092_left,0.40965804,0.55986524,0.03669818
4075,5092_right,0.57858276,0.3649711,0.017240273
4076,5095_left,0.043264292,0.9488882,0.05219169
4077,5095_right,0.11189511,0.8814552,0.029335346
4078,5096_left,0.038444206,0.91762626,0.07637678
4079,5096_right,0.039282598,0.7913135,0.14698681
4080,5100_left,0.03759954,0.93154526,0.06801288
4081,5100_right,0.9365729,0.061301593,0.008358564
4082,5101_left,0.90356976,0.0864865,0.01255129
4083,5101_right,0.30682632,0.6531712,0.0319328
4084,5105_left,0.051687885,0.9334069,0.053808674
4085,5105_right,0.05616377,0.8924821,0.08134256
4086,5106_left,0.03587217,0.8561216,0.12026372
4087,5106_right,0.039435603,0.74913055,0.17584777
4088,5108_left,0.025045011,0.04071092,0.9522477
4089,5108_right,0.028291637,0.42197415,0.5332825
4090,5110_left,0.049757663,0.9294154,0.055350535
4091,5110_right,0.98758954,0.009965216,0.008267175
4092,5112_left,0.98758984,0.009963917,0.008267391
4093,5112_right,0.9875565,0.009995959,0.00826685
4094,5117_left,0.042749546,0.94868803,0.052897353
4095,5117_right,0.02649821,0.11516507,0.8720372
4096,5118_left,0.04344113,0.94687456,0.053803965
4097,5118_right,0.054341607,0.924233,0.056164216
4098,5128_left,0.0246365,0.03916861,0.9541671
4099,5128_right,0.055258814,0.9384337,0.045029227
4100,5131_left,0.024675027,0.03903761,0.95427793
4101,5131_right,0.05893635,0.7815139,0.15437154
4102,5134_left,0.98756975,0.009981096,0.008274317
4103,5134_right,0.9875802,0.009973941,0.008268559
4104,5137_left,0.9874992,0.010046898,0.008271394
4105,5137_right,0.9872399,0.0102654435,0.008317202
4106,5139_left,0.05625077,0.9332282,0.049818665
4107,5139_right,0.05441789,0.9372168,0.048484016
4108,5140_left,0.038148537,0.8140743,0.14114162
4109,5140_right,0.113701634,0.81077015,0.09106896
4110,5141_left,0.41328132,0.5622448,0.01700572
4111,5141_right,0.24745618,0.7387159,0.020264363
4112,5144_left,0.9337061,0.04826284,0.011597673
4113,5144_right,0.8067475,0.14837946,0.016347036
4114,5145_left,0.02421757,0.056469526,0.9421093
4115,5145_right,0.026187982,0.3911233,0.69977593
4116,5146_left,0.49722493,0.53118163,0.0200769
4117,5146_right,0.24889994,0.6817126,0.06647186
4118,5147_left,0.024667637,0.038953062,0.95438176
4119,5147_right,0.042656247,0.91657,0.084205195
4120,5149_left,0.98714775,0.010360816,0.008285797
4121,5149_right,0.98750603,0.009989869,0.008309195
4122,5153_left,0.02578581,0.07812908,0.9193005
4123,5153_right,0.026326144,0.173482,0.86823624
4124,5154_left,0.040909465,0.8636254,0.11303001
4125,5154_right,0.06338438,0.90065354,0.05849283
4126,5155_left,0.9875529,0.009983674,0.008281864
4127,5155_right,0.9875902,0.009964308,0.008267097
4128,5156_left,0.0246788,0.03895475,0.95434994
4129,5156_right,0.024622666,0.03927624,0.95407814
4130,5171_left,0.9841807,0.012514619,0.009164867
4131,5171_right,0.025320577,0.044789094,0.9478406
4132,5177_left,0.07757352,0.91608906,0.038340814
4133,5177_right,0.98688424,0.010626054,0.008247139
4134,5178_left,0.024655549,0.03893882,0.95441246
4135,5178_right,0.024656018,0.03893806,0.9544126
4136,5180_left,0.6126623,0.30592096,0.017443474
4137,5180_right,0.044125553,0.9439762,0.05451005
4138,5183_left,0.98759115,0.009964811,0.008266425
4139,5183_right,0.9875897,0.009964214,0.008267378
4140,5185_left,0.024663795,0.038929474,0.95440316
4141,5185_right,0.024698716,0.03903035,0.9542356
4142,5186_left,0.044247158,0.9464075,0.052211385
4143,5186_right,0.071633995,0.92188656,0.04343374
4144,5192_left,0.97898716,0.018295268,0.007896828
4145,5192_right,0.18119404,0.79809713,0.036515955
4146,5194_left,0.057565156,0.9142929,0.068488106
4147,5194_right,0.087849244,0.8983094,0.043036897
4148,5196_left,0.02467047,0.03916896,0.9542163
4149,5196_right,0.024658639,0.038946074,0.95440054
4150,5198_left,0.98291355,0.013454116,0.009489944
4151,5198_right,0.069898024,0.7112211,0.18564413
4152,5200_left,0.9456507,0.043904137,0.013774206
4153,5200_right,0.9647289,0.03141929,0.008610951
4154,5201_left,0.043276217,0.9480411,0.05246959
4155,5201_right,0.04299195,0.944085,0.05521431
4156,5203_left,0.987568,0.009981284,0.008274427
4157,5203_right,0.9812398,0.013869197,0.011928773
4158,5205_left,0.14907503,0.81686705,0.05614943
4159,5205_right,0.9451533,0.041961662,0.017266614
4160,5209_left,0.07251396,0.9126951,0.04730358
4161,5209_right,0.1919521,0.7964102,0.03320266
4162,5212_left,0.9869468,0.009773903,0.00867289
4163,5212_right,0.987591,0.009964778,0.008266491
4164,5213_left,0.054768506,0.92545193,0.05914146
4165,5213_right,0.04629433,0.93610185,0.058714714
4166,5215_left,0.046501987,0.91821384,0.07326525
4167,5215_right,0.041718353,0.8421716,0.12879117
4168,5219_left,0.9538792,0.03905112,0.0114060305
4169,5219_right,0.9255526,0.05938101,0.018184474
4170,5220_left,0.07524628,0.91506195,0.04150459
4171,5220_right,0.0457292,0.94764346,0.05018042
4172,5227_left,0.57525223,0.050246224,0.26645368
4173,5227_right,0.7174115,0.08293973,0.08167577
4174,5233_left,0.9875777,0.009975787,0.008269654
4175,5233_right,0.9875902,0.009965112,0.008266905
4176,5237_left,0.07082929,0.89170694,0.06401516
4177,5237_right,0.30023497,0.6314058,0.038181268
4178,5240_left,0.03272313,0.90803134,0.1102295
4179,5240_right,0.025166428,0.09572726,0.9016635
4180,5241_left,0.96606576,0.028522184,0.010224905
4181,5241_right,0.9809518,0.015755711,0.008806467
4182,5243_left,0.09896821,0.87034863,0.06268007
4183,5243_right,0.08042958,0.88067085,0.06670134
4184,5245_left,0.34127566,0.6906596,0.016182072
4185,5245_right,0.987591,0.009964769,0.008266534
4186,5250_left,0.025689004,0.044821866,0.9473822
4187,5250_right,0.025271421,0.042309217,0.9505277
4188,5255_left,0.98756856,0.009985772,0.008265002
4189,5255_right,0.98728347,0.010241006,0.008249554
4190,5257_left,0.042863064,0.94882977,0.052535035
4191,5257_right,0.044485375,0.9472393,0.05194212
4192,5258_left,0.024656272,0.038959607,0.95439553
4193,5258_right,0.02465431,0.03893981,0.9544153
4194,5259_left,0.98759115,0.009964948,0.0082663465
4195,5259_right,0.98759127,0.0099648535,0.008266386
4196,5260_left,0.57199013,0.43588272,0.014703226
4197,5260_right,0.11093239,0.88252896,0.031859092
4198,5267_left,0.043938715,0.94895256,0.05118833
4199,5267_right,0.038115665,0.8271088,0.14399026
4200,5274_left,0.041470945,0.774618,0.15314738
4201,5274_right,0.021660365,0.08269814,0.9152077
4202,5275_left,0.044490483,0.92127746,0.068655334
4203,5275_right,0.024660297,0.043129805,0.9511887
4204,5276_left,0.9872966,0.010197324,0.008312794
4205,5276_right,0.9760593,0.019219846,0.010144628
4206,5283_left,0.02479869,0.039685853,0.95350194
4207,5283_right,0.024678044,0.03898216,0.9543305
4208,5284_left,0.98759127,0.0099648535,0.008266386
4209,5284_right,0.98759127,0.009964858,0.008266393
4210,5285_left,0.98759127,0.0099648535,0.008266389
4211,5285_right,0.98756427,0.0099611515,0.008282718
4212,5288_left,0.038807113,0.85969394,0.14173208
4213,5288_right,0.98706216,0.01034296,0.008450168
4214,5291_left,0.042271703,0.9064578,0.08661237
4215,5291_right,0.039071828,0.89675206,0.10820041
4216,5293_left,0.987591,0.009964962,0.008266358
4217,5293_right,0.98759127,0.009964849,0.008266386
4218,5295_left,0.024968669,0.039655015,0.9532139
4219,5295_right,0.025234314,0.040174056,0.95233124
4220,5296_left,0.9875909,0.009964787,0.008266569
4221,5296_right,0.036063366,0.09573003,0.8884659
4222,5298_left,0.04222821,0.8696976,0.12087694
4223,5298_right,0.09423239,0.903938,0.03687806
4224,5303_left,0.03068644,0.19901453,0.7744112
4225,5303_right,0.030786056,0.14145598,0.84337234
4226,5304_left,0.04548558,0.9478714,0.050084487
4227,5304_right,0.9864442,0.010834881,0.008664236
4228,5305_left,0.02734869,0.11938872,0.85836524
4229,5305_right,0.9350572,0.05468787,0.012305602
4230,5308_left,0.04119195,0.83219236,0.12907544
4231,5308_right,0.025672043,0.04011711,0.9517641
4232,5309_left,0.9846,0.012531278,0.008122473
4233,5309_right,0.98700804,0.010372243,0.008458039
4234,5315_left,0.98759127,0.00996484,0.008266413
4235,5315_right,0.9875787,0.00996634,0.008274301
4236,5316_left,0.98589116,0.011245817,0.008863334
4237,5316_right,0.9797091,0.015409597,0.011807221
4238,5318_left,0.9874342,0.01010592,0.008268653
4239,5318_right,0.9864222,0.0107059125,0.008826623
4240,5319_left,0.98759127,0.009964849,0.008266386
4241,5319_right,0.98758984,0.009965066,0.0082668625
4242,5324_left,0.98759115,0.009964811,0.008266448
4243,5324_right,0.98502016,0.012472697,0.0075370762
4244,5329_left,0.043503195,0.9479099,0.05234816
4245,5329_right,0.42322573,0.52940506,0.04368897
4246,5332_left,0.043440815,0.95029354,0.050785527
4247,5332_right,0.98759115,0.0099649895,0.008266315
4248,5336_left,0.043508768,0.9495179,0.05122572
4249,5336_right,0.05283003,0.937799,0.050498895
4250,5340_left,0.92876333,0.06263665,0.010994992
4251,5340_right,0.98207927,0.0146095725,0.008945992
4252,5342_left,0.060844608,0.92741925,0.0466447
4253,5342_right,0.13135242,0.86146134,0.029376067
4254,5343_left,0.9875886,0.00996777,0.008264955
4255,5343_right,0.1396089,0.84381074,0.030568833
4256,5344_left,0.025108492,0.04214711,0.9505771
4257,5344_right,0.023924181,0.07591315,0.930134
4258,5346_left,0.040838897,0.92857015,0.06833564
4259,5346_right,0.04060108,0.8505839,0.11370496
4260,5349_left,0.03309733,0.57835156,0.37429318
4261,5349_right,0.027181448,0.16249631,0.83931464
4262,5352_left,0.9875737,0.0099820485,0.008264032
4263,5352_right,0.9875488,0.010004551,0.008264712
4264,5355_left,0.98454547,0.012591694,0.008580929
4265,5355_right,0.9860118,0.011310325,0.008475091
4266,5358_left,0.9875373,0.009987652,0.008298589
4267,5358_right,0.98759127,0.009964849,0.008266389
4268,5361_left,0.9733944,0.02142686,0.008989429
4269,5361_right,0.1863498,0.7963868,0.025906494
4270,5365_left,0.03999687,0.930205,0.071831636
4271,5365_right,0.042960804,0.9441491,0.05612338
4272,5367_left,0.9872263,0.01025403,0.00835858
4273,5367_right,0.9875552,0.0099928025,0.00827429
4274,5368_left,0.057141412,0.9350054,0.0456503
4275,5368_right,0.33513108,0.62116355,0.02386458
4276,5380_left,0.98759127,0.00996484,0.008266405
4277,5380_right,0.9875897,0.009964444,0.008267328
4278,5383_left,0.9780627,0.019127095,0.0074640797
4279,5383_right,0.9866071,0.010813347,0.008337687
4280,5385_left,0.96954644,0.024326088,0.01187908
4281,5385_right,0.8015687,0.18687773,0.018729491
4282,5386_left,0.8637124,0.11657904,0.017442133
4283,5386_right,0.5004161,0.45216355,0.038475577
4284,5387_left,0.98734415,0.0101598995,0.008336697
4285,5387_right,0.98759127,0.009964863,0.008266386
4286,5391_left,0.104639016,0.87375766,0.04851374
4287,5391_right,0.98745906,0.0100715095,0.008291853
4288,5392_left,0.037815813,0.9253232,0.07107301
4289,5392_right,0.026088877,0.22643009,0.747669
4290,5394_left,0.19610628,0.80037415,0.028998805
4291,5394_right,0.22847252,0.77719265,0.02254673
4292,5396_left,0.043617643,0.9443266,0.054314293
4293,5396_right,0.042912867,0.9488052,0.05226821
4294,5404_left,0.041815616,0.9416737,0.058518726
4295,5404_right,0.042980365,0.9480035,0.05293459
4296,5406_left,0.9864535,0.011020855,0.00824354
4297,5406_right,0.025215898,0.041251663,0.9513918
4298,5407_left,0.98759127,0.009964858,0.008266389
4299,5407_right,0.9875525,0.00999251,0.008279597
4300,5409_left,0.987591,0.009965008,0.008266307
4301,5409_right,0.98759127,0.009964858,0.008266386
4302,5410_left,0.024694601,0.03893055,0.9543421
4303,5410_right,0.026889438,0.04994406,0.9414018
4304,5420_left,0.03240003,0.70977163,0.33911315
4305,5420_right,0.025833575,0.36985543,0.67319226
4306,5421_left,0.038412295,0.28620538,0.65162885
4307,5421_right,0.8102315,0.18280669,0.016589606
4308,5423_left,0.024770916,0.03884365,0.9541756
4309,5423_right,0.024661718,0.038938455,0.95439094
4310,5425_left,0.022103805,0.0542123,0.9443431
4311,5425_right,0.028126894,0.06289001,0.9280484
4312,5430_left,0.024673387,0.038920105,0.9543926
4313,5430_right,0.024793224,0.039179847,0.95386374
4314,5431_left,0.54850096,0.4351968,0.013572609
4315,5431_right,0.13024504,0.8668938,0.027227556
4316,5435_left,0.98008186,0.014301966,0.012229629
4317,5435_right,0.9545702,0.027715625,0.021752883
4318,5436_left,0.987299,0.010223244,0.008282883
4319,5436_right,0.9875909,0.009965107,0.008266378
4320,5437_left,0.98751694,0.01000902,0.0082993265
4321,5437_right,0.9875903,0.0099642845,0.008267054
4322,5441_left,0.02477505,0.039652456,0.95371693
4323,5441_right,0.024428902,0.05580618,0.940338
4324,5443_left,0.029868718,0.2781042,0.6957218
4325,5443_right,0.043430034,0.9295285,0.064868934
4326,5444_left,0.9875909,0.009964651,0.008266592
4327,5444_right,0.9314108,0.022991933,0.038987342
4328,5448_left,0.98759127,0.009964834,0.0082664015
4329,5448_right,0.98503727,0.012101435,0.0086351475
4330,5453_left,0.036043014,0.84171474,0.17150639
4331,5453_right,0.98747814,0.010074953,0.008237216
4332,5454_left,0.65122074,0.33897108,0.011916291
4333,5454_right,0.9740544,0.020326588,0.011077915
4334,5456_left,0.051153943,0.94360566,0.04564492
4335,5456_right,0.3187031,0.67859215,0.018404141
4336,5457_left,0.98758996,0.009966034,0.00826601
4337,5457_right,0.9875844,0.009968952,0.008267485
4338,5459_left,0.043403618,0.95038456,0.050802425
4339,5459_right,0.18333443,0.8148225,0.024381485
4340,5465_left,0.026737673,0.04019399,0.9495879
4341,5465_right,0.987591,0.009964957,0.008266459
4342,5467_left,0.042350642,0.9320645,0.06594963
4343,5467_right,0.043912362,0.9481732,0.051761687
4344,5468_left,0.6951472,0.29611862,0.017875541
4345,5468_right,0.89078987,0.1002374,0.012630728
4346,5471_left,0.98759127,0.009964858,0.008266393
4347,5471_right,0.98759127,0.0099648535,0.008266386
4348,5472_left,0.8110609,0.14948027,0.016356522
4349,5472_right,0.98758173,0.009970919,0.008267992
4350,5473_left,0.9730199,0.022880489,0.008787112
4351,5473_right,0.5203033,0.41466844,0.019291408
4352,5475_left,0.028298546,0.48488346,0.58232343
4353,5475_right,0.027046323,0.07937915,0.91779906
4354,5482_left,0.98759127,0.009964849,0.008266389
4355,5482_right,0.98759115,0.009964891,0.008266389
4356,5488_left,0.024657464,0.038936153,0.95441073
4357,5488_right,0.02469537,0.039038133,0.95427394
4358,5490_left,0.43991786,0.5546654,0.024739994
4359,5490_right,0.13047215,0.8566741,0.028065862
4360,5492_left,0.04386574,0.9488303,0.05129968
4361,5492_right,0.046589427,0.9471397,0.048190042
4362,5496_left,0.9875902,0.00996562,0.008266389
4363,5496_right,0.9875907,0.009965338,0.008266268
4364,5497_left,0.024371449,0.5493658,0.5156581
4365,5497_right,0.9869508,0.010382174,0.00850611
4366,5500_left,0.19398136,0.78392816,0.026453564
4367,5500_right,0.914277,0.07058435,0.00841427
4368,5501_left,0.04378466,0.9497628,0.050793346
4369,5501_right,0.20371836,0.72540694,0.03283226
4370,5505_left,0.9875888,0.009965658,0.008267839
4371,5505_right,0.9875909,0.009964806,0.008266553
4372,5506_left,0.94826627,0.04133658,0.014724304
4373,5506_right,0.026664013,0.12759136,0.8582155
4374,5508_left,0.98759127,0.009964872,0.008266378
4375,5508_right,0.98756814,0.009969304,0.008280443
4376,5511_left,0.98751384,0.010038655,0.008260004
4377,5511_right,0.9869255,0.010612844,0.0081046475
4378,5512_left,0.98701686,0.010495597,0.008254405
4379,5512_right,0.9873815,0.0101367105,0.008308279
4380,5513_left,0.12433795,0.800262,0.072726965
4381,5513_right,0.041836914,0.56138885,0.3381396
4382,5514_left,0.98759127,0.0099648535,0.008266386
4383,5514_right,0.98759127,0.0099648535,0.008266386
4384,5515_left,0.05470048,0.93497753,0.049516395
4385,5515_right,0.9875907,0.0099653145,0.00826642
4386,5516_left,0.043519486,0.68311006,0.2715364
4387,5516_right,0.046372965,0.9387271,0.05667858
4388,5520_left,0.04930506,0.9405231,0.05189244
4389,5520_right,0.9459452,0.03974209,0.010310037
4390,5521_left,0.9874418,0.010090711,0.00828816
4391,5521_right,0.98759127,0.0099648535,0.008266386
4392,5523_left,0.84909356,0.13189818,0.022248272
4393,5523_right,0.04628965,0.9456648,0.05099786
4394,5525_left,0.98759127,0.009964849,0.008266389
4395,5525_right,0.987591,0.009964971,0.008266436
4396,5526_left,0.8500957,0.1696182,0.0056714597
4397,5526_right,0.8274072,0.13950549,0.01715437
4398,5530_left,0.034956783,0.83981466,0.17718595
4399,5530_right,0.02466268,0.038951892,0.9543905
4400,5533_left,0.98423773,0.013247451,0.0077703055
4401,5533_right,0.98695487,0.010404798,0.008502355
4402,5534_left,0.98759055,0.009965168,0.00826653
4403,5534_right,0.9875903,0.00996419,0.008267078
4404,5537_left,0.98759055,0.009965475,0.008266261
4405,5537_right,0.7111253,0.2742672,0.007975584
4406,5538_left,0.04734595,0.94383657,0.051831126
4407,5538_right,0.13071552,0.83871955,0.048013326
4408,5540_left,0.9875874,0.009962779,0.008269114
4409,5540_right,0.98759115,0.009964778,0.008266459
4410,5541_left,0.034108736,0.37161946,0.6276435
4411,5541_right,0.043590978,0.87072814,0.11593349
4412,5542_left,0.07959852,0.8156566,0.06955516
4413,5542_right,0.9875299,0.010025286,0.00825424
4414,5543_left,0.049108762,0.93348616,0.05631954
4415,5543_right,0.16548756,0.7776482,0.053747457
4416,5558_left,0.9699157,0.026123112,0.008880823
4417,5558_right,0.98631036,0.010947913,0.008597195
4418,5559_left,0.98758495,0.009969949,0.008267265
4419,5559_right,0.9875909,0.009964698,0.008266597
4420,5562_left,0.942182,0.050608855,0.009097438
4421,5562_right,0.96868706,0.025181567,0.011101322
4422,5563_left,0.044001628,0.8143209,0.123199634
4423,5563_right,0.9815947,0.014889484,0.00935841
4424,5569_left,0.98759115,0.00996484,0.008266432
4425,5569_right,0.9875901,0.009965874,0.00826635
4426,5570_left,0.985897,0.011035307,0.008609901
4427,5570_right,0.024413196,0.06044071,0.93804854
4428,5572_left,0.030692425,0.3588076,0.6293052
4429,5572_right,0.027381783,0.07174201,0.9171133
4430,5573_left,0.0259153,0.14173517,0.85110766
4431,5573_right,0.028070241,0.6774759,0.36257005
4432,5577_left,0.10024727,0.8785134,0.046737622
4433,5577_right,0.64664334,0.3085962,0.036889307
4434,5579_left,0.98759127,0.009964849,0.008266386
4435,5579_right,0.98759127,0.0099648535,0.008266386
4436,5581_left,0.044969596,0.9480619,0.051041562
4437,5581_right,0.07401852,0.91042703,0.050367612
4438,5589_left,0.9875886,0.009966599,0.00826671
4439,5589_right,0.9874592,0.01006765,0.008297027
4440,5590_left,0.02742053,0.12103762,0.85748404
4441,5590_right,0.04100782,0.923392,0.07796846
4442,5592_left,0.90611774,0.084479034,0.013780231
4443,5592_right,0.958341,0.036396634,0.010201858
4444,5595_left,0.037881494,0.75537175,0.18084303
4445,5595_right,0.9875843,0.009971376,0.00826576
4446,5596_left,0.02523453,0.038515773,0.9536599
4447,5596_right,0.9875888,0.009964745,0.0082677305
4448,5598_left,0.9808297,0.016628299,0.0077448655
4449,5598_right,0.943483,0.04838696,0.0119218
4450,5605_left,0.21761091,0.7318316,0.048299342
4451,5605_right,0.41213268,0.5286206,0.03770523
4452,5606_left,0.9875492,0.009983184,0.008285378
4453,5606_right,0.98746896,0.010068715,0.00825979
4454,5608_left,0.078219354,0.9152024,0.040894594
4455,5608_right,0.05334574,0.9323837,0.056554873
4456,5610_left,0.98353183,0.013344659,0.008543867
4457,5610_right,0.9698314,0.025222586,0.009935659
4458,5613_left,0.024741443,0.039322197,0.95385337
4459,5613_right,0.81844467,0.028535314,0.10393527
4460,5615_left,0.94160146,0.05091206,0.010805653
4461,5615_right,0.97718686,0.018866587,0.008276149
4462,5618_left,0.9813954,0.015404888,0.008778387
4463,5618_right,0.98752546,0.01002109,0.008274317
4464,5622_left,0.72151035,0.23323219,0.014191627
4465,5622_right,0.21803674,0.75838315,0.024100957
4466,5623_left,0.024675382,0.038924176,0.95437783
4467,5623_right,0.03377114,0.5052915,0.48158976
4468,5626_left,0.042750154,0.94592696,0.054338202
4469,5626_right,0.075342335,0.9042395,0.0527803
4470,5632_left,0.0246558,0.038939368,0.9544128
4471,5632_right,0.024656506,0.03894747,0.95440555
4472,5633_left,0.02472909,0.039212357,0.95400715
4473,5633_right,0.024670225,0.03893369,0.95438063
4474,5640_left,0.03519245,0.517646,0.41018003
4475,5640_right,0.08755692,0.9000322,0.039225508
4476,5641_left,0.04405171,0.93238413,0.06501572
4477,5641_right,0.028254826,0.711623,0.3393513
4478,5645_left,0.04399183,0.9495096,0.050735395
4479,5645_right,0.06999753,0.9211929,0.040853824
4480,5646_left,0.043391544,0.9471061,0.05299094
4481,5646_right,0.10324657,0.88878894,0.031876743
4482,5647_left,0.04327208,0.8907856,0.08560949
4483,5647_right,0.024322998,0.04539955,0.94906443
4484,5650_left,0.38147077,0.59887385,0.026358398
4485,5650_right,0.06743114,0.9239858,0.04337658
4486,5652_left,0.06609224,0.8831729,0.050393187
4487,5652_right,0.045628387,0.7008394,0.20619698
4488,5655_left,0.9875909,0.009965102,0.008266381
4489,5655_right,0.98759127,0.0099648535,0.008266386
4490,5657_left,0.98758674,0.009968763,0.008266498
4491,5657_right,0.98758477,0.009970345,0.008267046
4492,5659_left,0.061957914,0.38753706,0.52734023
4493,5659_right,0.60911554,0.25860158,0.041225843
4494,5664_left,0.0615773,0.92762095,0.04827894
4495,5664_right,0.9875623,0.009991128,0.008266498
4496,5667_left,0.9875822,0.009970359,0.008267864
4497,5667_right,0.98758894,0.009966457,0.008266323
4498,5668_left,0.044541918,0.9486498,0.05080178
4499,5668_right,0.0551509,0.9354777,0.050501958
4500,5670_left,0.30708057,0.6559236,0.023781346
4501,5670_right,0.19100071,0.76910895,0.03528946
4502,5676_left,0.98759127,0.009964849,0.008266386
4503,5676_right,0.9875901,0.00996442,0.008267382
4504,5679_left,0.3708403,0.6267971,0.025601873
4505,5679_right,0.11614236,0.86544883,0.03584757
4506,5680_left,0.024695594,0.038904887,0.9543284
4507,5680_right,0.024656946,0.038935915,0.9544114
4508,5685_left,0.042163517,0.93503076,0.06155865
4509,5685_right,0.100949444,0.9082802,0.03217059
4510,5690_left,0.15617803,0.83929956,0.03432512
4511,5690_right,0.85845697,0.091669,0.019429302
4512,5692_left,0.9317464,0.05566878,0.016103191
4513,5692_right,0.045369107,0.9479104,0.050690908
4514,5693_left,0.78890467,0.1824326,0.012280855
4515,5693_right,0.7411981,0.22873372,0.014473283
4516,5694_left,0.085216895,0.8913382,0.053298477
4517,5694_right,0.07881652,0.9111776,0.040354118
4518,5695_left,0.930731,0.05707671,0.013663665
4519,5695_right,0.97483677,0.020919306,0.009412469
4520,5696_left,0.9863842,0.011015825,0.00837737
4521,5696_right,0.98480105,0.012415761,0.008363391
4522,5697_left,0.9875743,0.009979706,0.00826719
4523,5697_right,0.33286363,0.6574936,0.014674861
4524,5700_left,0.027336916,0.43751857,0.5059497
4525,5700_right,0.52734864,0.4390613,0.021588778
4526,5702_left,0.024661282,0.038955323,0.9543879
4527,5702_right,0.024672829,0.03901687,0.95432496
4528,5708_left,0.062469758,0.9303858,0.045437694
4529,5708_right,0.2805433,0.7236134,0.026280865
4530,5710_left,0.113734655,0.8726737,0.0333906
4531,5710_right,0.9871503,0.010351682,0.008234217
4532,5713_left,0.98758405,0.009971362,0.00826594
4533,5713_right,0.98759127,0.0099648675,0.008266381
4534,5715_left,0.98749346,0.0100430725,0.008292006
4535,5715_right,0.9875892,0.009965856,0.008267108
4536,5720_left,0.027327687,0.051408187,0.93974316
4537,5720_right,0.028178532,0.17154315,0.83409613
4538,5725_left,0.12603447,0.8650017,0.037910387
4539,5725_right,0.89673096,0.08953169,0.0124112535
4540,5728_left,0.03648577,0.76001704,0.17910618
4541,5728_right,0.024655147,0.038938276,0.95441324
4542,5729_left,0.9857303,0.011250331,0.009209053
4543,5729_right,0.98759127,0.009964863,0.008266381
4544,5732_left,0.028990466,0.16125558,0.8331892
4545,5732_right,0.051567648,0.93929785,0.050587885
4546,5738_left,0.9843007,0.008871514,0.010465757
4547,5738_right,0.98758775,0.00996418,0.008268332
4548,5740_left,0.022522513,0.091650136,0.91904855
4549,5740_right,0.9872988,0.01023298,0.008256559
4550,5742_left,0.37296733,0.6070106,0.029356424
4551,5742_right,0.98669493,0.010798774,0.00822476
4552,5743_left,0.049779132,0.9409575,0.052194048
4553,5743_right,0.65361273,0.31413123,0.02829413
4554,5750_left,0.024842255,0.039402705,0.9537413
4555,5750_right,0.04831824,0.94416696,0.049016703
4556,5752_left,0.2178565,0.74155474,0.03836607
4557,5752_right,0.058539774,0.92796934,0.053873602
4558,5757_left,0.3939077,0.6083726,0.027408682
4559,5757_right,0.70180327,0.2930794,0.015281851
4560,5758_left,0.04976885,0.9424729,0.0490171
4561,5758_right,0.07093612,0.9132543,0.04829871
4562,5759_left,0.27541623,0.67118114,0.04700069
4563,5759_right,0.43432173,0.5804976,0.017829983
4564,5763_left,0.98755914,0.010000126,0.00824939
4565,5763_right,0.98740166,0.010135246,0.0082614925
4566,5766_left,0.040616944,0.92635614,0.06812662
4567,5766_right,0.08218198,0.90953296,0.042277303
4568,5769_left,0.9875825,0.009970947,0.008266483
4569,5769_right,0.95322955,0.01660761,0.020386515
4570,5770_left,0.041483134,0.61174536,0.29190361
4571,5770_right,0.028593235,0.15278246,0.81575894
4572,5772_left,0.04963546,0.94455075,0.049150843
4573,5772_right,0.038681157,0.9299014,0.06840615
4574,5773_left,0.98758686,0.009964448,0.008269654
4575,5773_right,0.98758453,0.009968472,0.008269971
4576,5776_left,0.987591,0.009964721,0.008266519
4577,5776_right,0.9875881,0.0099631315,0.008268618
4578,5778_left,0.987591,0.0099648535,0.00826651
4579,5778_right,0.55711085,0.44313788,0.023778623
4580,5779_left,0.98175377,0.015614788,0.00768224
4581,5779_right,0.67987037,0.31711176,0.013815262
4582,5780_left,0.027489716,0.058860578,0.9306513
4583,5780_right,0.048083905,0.9413214,0.05333578
4584,5781_left,0.044675454,0.94687265,0.051964156
4585,5781_right,0.04579369,0.9452367,0.051415883
4586,5782_left,0.8985953,0.088160716,0.012934218
4587,5782_right,0.8299706,0.14239971,0.017139101
4588,5783_left,0.9556091,0.032468703,0.017401623
4589,5783_right,0.9179633,0.0672488,0.016651355
4590,5784_left,0.21616241,0.7297731,0.04381683
4591,5784_right,0.44505888,0.5028433,0.022171415
4592,5788_left,0.98759127,0.00996484,0.0082664015
4593,5788_right,0.9875909,0.009964651,0.008266597
4594,5789_left,0.98359674,0.013885771,0.00767424
4595,5789_right,0.98551095,0.0117927035,0.00846175
4596,5790_left,0.041876253,0.9426972,0.05856398
4597,5790_right,0.06004723,0.85983914,0.119966604
4598,5791_left,0.024567477,0.04134264,0.9522668
4599,5791_right,0.025126781,0.04316791,0.9496858
4600,5792_left,0.043017324,0.94350046,0.055102356
4601,5792_right,0.07529635,0.88369435,0.069452286
4602,5793_left,0.91141814,0.07637999,0.013623521
4603,5793_right,0.044442125,0.9352192,0.05940833
4604,5795_left,0.035120647,0.7384369,0.22516517
4605,5795_right,0.04420989,0.9489758,0.05084353
4606,5800_left,0.043403104,0.94914556,0.051570315
4607,5800_right,0.07031144,0.92649806,0.04234195
4608,5803_left,0.024846373,0.040505607,0.9523308
4609,5803_right,0.02466494,0.038952146,0.95437664
4610,5804_left,0.063937545,0.92267776,0.049586505
4611,5804_right,0.044220403,0.9200324,0.068973474
4612,5806_left,0.98759115,0.00996483,0.008266448
4613,5806_right,0.8337091,0.14079204,0.008346116
4614,5807_left,0.04410475,0.949733,0.050561167
4615,5807_right,0.039475918,0.88938487,0.09063842
4616,5811_left,0.7538179,0.24990577,0.011589417
4617,5811_right,0.57373214,0.436161,0.016334642
4618,5812_left,0.98757917,0.0099716345,0.008269486
4619,5812_right,0.9873532,0.010070084,0.0083641
4620,5813_left,0.9874113,0.010072698,0.008345358
4621,5813_right,0.9827069,0.013140395,0.0101280445
4622,5814_left,0.046643935,0.94370615,0.051894855
4623,5814_right,0.045151647,0.94692564,0.051440235
4624,5816_left,0.02465649,0.038954288,0.9543941
4625,5816_right,0.02497275,0.040801503,0.9525851
4626,5817_left,0.047148325,0.9411674,0.05311148
4627,5817_right,0.027644847,0.08212531,0.91036516
4628,5819_left,0.025564987,0.061350226,0.92993313
4629,5819_right,0.02480057,0.039693385,0.9534394
4630,5821_left,0.70559436,0.3189939,0.009659719
4631,5821_right,0.9601712,0.042170893,0.004448103
4632,5823_left,0.0563699,0.93324023,0.049795892
4633,5823_right,0.070145145,0.92175496,0.041384947
4634,5824_left,0.3585714,0.65167964,0.019784134
4635,5824_right,0.117190674,0.8748607,0.028276905
4636,5825_left,0.63169986,0.33783552,0.017635308
4637,5825_right,0.9849594,0.012261974,0.00846444
4638,5827_left,0.29867956,0.6540665,0.045141067
4639,5827_right,0.9781713,0.017949762,0.009537298
4640,5831_left,0.523123,0.47170514,0.019608209
4641,5831_right,0.20347315,0.76787686,0.030820984
4642,5833_left,0.961182,0.031282786,0.012604465
4643,5833_right,0.070759244,0.9201199,0.043744348
4644,5835_left,0.54106593,0.45986122,0.017023593
4645,5835_right,0.98626685,0.011169059,0.008257134
4646,5837_left,0.040829767,0.85586977,0.106449604
4647,5837_right,0.042162556,0.9463837,0.05429512
4648,5838_left,0.050932106,0.94212496,0.050604057
4649,5838_right,0.10490337,0.8917354,0.034776904
4650,5841_left,0.9628586,0.031317275,0.011015128
4651,5841_right,0.98753905,0.010006095,0.008275824
4652,5842_left,0.043182027,0.9497162,0.05157244
4653,5842_right,0.042968567,0.9410141,0.058895536
4654,5844_left,0.040936623,0.9259251,0.07759035
4655,5844_right,0.78549606,0.20081261,0.009142728
4656,5845_left,0.025087351,0.047121044,0.94649357
4657,5845_right,0.024746437,0.040170487,0.9532794
4658,5847_left,0.08336458,0.9133827,0.04097524
4659,5847_right,0.560605,0.41054618,0.021263145
4660,5848_left,0.04527368,0.94786197,0.050419003
4661,5848_right,0.043801032,0.94937855,0.0510728
4662,5852_left,0.8776304,0.10829922,0.010939438
4663,5852_right,0.79223734,0.19389644,0.008302227
4664,5853_left,0.7352269,0.27013746,0.010667965
4665,5853_right,0.91159904,0.07654462,0.012942933
4666,5856_left,0.028319428,0.72211605,0.32660237
4667,5856_right,0.98757845,0.009966778,0.008272971
4668,5858_left,0.024692578,0.04597725,0.94648665
4669,5858_right,0.92662823,0.05893924,0.016749633
4670,5859_left,0.9859439,0.011490327,0.008228572
4671,5859_right,0.039251532,0.9106411,0.09236428
4672,5861_left,0.98758394,0.009961688,0.008272928
4673,5861_right,0.9875823,0.00995827,0.008273195
4674,5869_left,0.02442955,0.04114384,0.9520774
4675,5869_right,0.043218546,0.94321775,0.056333832
4676,5872_left,0.058006663,0.7238538,0.16316564
4677,5872_right,0.14052242,0.8642582,0.032938115
4678,5874_left,0.045493048,0.94826007,0.049454268
4679,5874_right,0.044600926,0.9198027,0.06845073
4680,5876_left,0.045743145,0.9474047,0.049339604
4681,5876_right,0.047929592,0.94541365,0.049628817
4682,5877_left,0.024655731,0.038948458,0.95440584
4683,5877_right,0.025973445,0.096146,0.8906105
4684,5878_left,0.028673286,0.17349726,0.804113
4685,5878_right,0.042306505,0.9255336,0.06781987
4686,5879_left,0.024709443,0.039503835,0.953896
4687,5879_right,0.024656614,0.0389414,0.95440745
4688,5885_left,0.9875636,0.009979409,0.008272146
4689,5885_right,0.023073953,0.071141414,0.9227397
4690,5890_left,0.41575554,0.57567114,0.013319175
4691,5890_right,0.051802754,0.9321464,0.05900216
4692,5891_left,0.98759115,0.009964849,0.008266405
4693,5891_right,0.987591,0.00996492,0.008266413
4694,5896_left,0.9869746,0.010526588,0.0082761245
4695,5896_right,0.8497859,0.14026497,0.013287804
4696,5900_left,0.04471537,0.9480968,0.051171705
4697,5900_right,0.040989745,0.8400344,0.11436341
4698,5901_left,0.83836925,0.15446146,0.013889245
4699,5901_right,0.68450797,0.31156328,0.023414198
4700,5902_left,0.8475318,0.14251748,0.014966666
4701,5902_right,0.10055527,0.89204496,0.03407033
4702,5906_left,0.9875882,0.009965649,0.008267699
4703,5906_right,0.9875881,0.009966702,0.008267406
4704,5911_left,0.048665244,0.9423183,0.04914514
4705,5911_right,0.05054409,0.9333283,0.05568472
4706,5913_left,0.07564055,0.8884546,0.07083666
4707,5913_right,0.38828418,0.547762,0.027020931
4708,5914_left,0.042631123,0.9443318,0.057446323
4709,5914_right,0.05137085,0.9121916,0.07713496
4710,5916_left,0.05955301,0.93264914,0.044348683
4711,5916_right,0.07361893,0.9181308,0.03840615
4712,5921_left,0.9875909,0.009964661,0.00826662
4713,5921_right,0.9875795,0.009974648,0.008265471
4714,5922_left,0.049077038,0.94065756,0.051740814
4715,5922_right,0.045271937,0.94741786,0.050725937
4716,5924_left,0.9875894,0.009964294,0.008267476
4717,5924_right,0.98759043,0.009964322,0.008266999
4718,5927_left,0.024658037,0.038943686,0.9544016
4719,5927_right,0.024654826,0.038937885,0.9544147
4720,5930_left,0.06182869,0.8998216,0.066389136
4721,5930_right,0.9875808,0.009971596,0.008268524
4722,5933_left,0.043625243,0.93951625,0.0576088
4723,5933_right,0.9874936,0.010022669,0.008276732
4724,5934_left,0.025093287,0.0410246,0.9517601
4725,5934_right,0.053360492,0.9345423,0.05224561
4726,5935_left,0.034861326,0.8371954,0.18045582
4727,5935_right,0.04372592,0.94996864,0.05064985
4728,5936_left,0.47945473,0.45751685,0.024104336
4729,5936_right,0.9273263,0.04578202,0.014287681
4730,5938_left,0.98758996,0.009965395,0.008266714
4731,5938_right,0.98758566,0.009968396,0.008267531
4732,5944_left,0.049024574,0.9434907,0.049815055
4733,5944_right,0.98647666,0.010739853,0.0084338905
4734,5945_left,0.987591,0.009964962,0.008266405
4735,5945_right,0.98759127,0.0099648535,0.008266386
4736,5947_left,0.028290534,0.34854478,0.59980255
4737,5947_right,0.028796932,0.111338384,0.88399065
4738,5948_left,0.08081159,0.89795953,0.04935511
4739,5948_right,0.04581676,0.93318105,0.06214602
4740,5949_left,0.9853924,0.01170916,0.008574254
4741,5949_right,0.9872723,0.01026045,0.008257419
4742,5952_left,0.046430834,0.9457269,0.051193982
4743,5952_right,0.98759115,0.009964895,0.008266393
4744,5953_left,0.024958687,0.08139362,0.9084815
4745,5953_right,0.97539705,0.020499883,0.009605288
4746,5960_left,0.058257613,0.9325025,0.047310155
4747,5960_right,0.028196307,0.057724528,0.93019825
4748,5961_left,0.028088212,0.49457762,0.4592939
4749,5961_right,0.038082603,0.8625591,0.11133694
4750,5962_left,0.025723025,0.043493964,0.94716674
4751,5962_right,0.9867834,0.010726097,0.008164376
4752,5963_left,0.059936192,0.92571753,0.05334994
4753,5963_right,0.98759127,0.0099648535,0.008266386
4754,5964_left,0.9875559,0.009990963,0.00827641
4755,5964_right,0.9847884,0.012570079,0.007683506
4756,5965_left,0.036372203,0.8285304,0.18410505
4757,5965_right,0.041669734,0.824217,0.17716376
4758,5968_left,0.98698735,0.010555298,0.0082069915
4759,5968_right,0.98722947,0.010278207,0.00830412
4760,5974_left,0.98759115,0.009964834,0.008266409
4761,5974_right,0.98758954,0.0099638235,0.008267633
4762,5976_left,0.024896663,0.03971775,0.9533064
4763,5976_right,0.024697976,0.039339565,0.9539143
4764,5978_left,0.9829113,0.013838963,0.009075568
4765,5978_right,0.98713374,0.010337968,0.008329415
4766,5980_left,0.987591,0.009964679,0.008266573
4767,5980_right,0.9875893,0.0099639315,0.008267777
4768,5982_left,0.29982728,0.69924486,0.029363642
4769,5982_right,0.31112713,0.680134,0.036745727
4770,5990_left,0.84903485,0.14218497,0.013305702
4771,5990_right,0.9208257,0.061685853,0.023009345
4772,5991_left,0.044101395,0.9474315,0.052136894
4773,5991_right,0.04546678,0.84185207,0.10831591
4774,5992_left,0.025350142,0.038364716,0.9527743
4775,5992_right,0.96148634,0.029980777,0.012617444
4776,5993_left,0.9875907,0.009965262,0.008266475
4777,5993_right,0.98758125,0.009971069,0.008271234
4778,5994_left,0.98759127,0.0099648535,0.008266386
4779,5994_right,0.63137984,0.30697313,0.021803463
4780,5995_left,0.9875901,0.009965964,0.008266057
4781,5995_right,0.98759115,0.009964887,0.008266381
4782,5999_left,0.81727445,0.15976048,0.015919534
4783,5999_right,0.024672536,0.039094266,0.9542113
4784,6001_left,0.041489895,0.94248295,0.059030235
4785,6001_right,0.9754935,0.021766527,0.007632929
4786,6005_left,0.24174501,0.7551046,0.027270038
4787,6005_right,0.9846569,0.012457036,0.008309564
4788,6010_left,0.07496066,0.9006277,0.052864067
4789,6010_right,0.116203964,0.8677801,0.034918066
4790,6011_left,0.9875881,0.009966684,0.008266898
4791,6011_right,0.98756427,0.009986196,0.0082705775
4792,6014_left,0.024654286,0.038938712,0.954416
4793,6014_right,0.02465607,0.03893735,0.9544129
4794,6015_left,0.9597942,0.008798953,0.025377315
4795,6015_right,0.025026975,0.040142503,0.95220727
4796,6017_left,0.5491354,0.47294638,0.0095133465
4797,6017_right,0.04320452,0.9471138,0.053637873
4798,6018_left,0.98758954,0.009965874,0.008267202
4799,6018_right,0.9867662,0.010577094,0.008585517
4800,6021_left,0.053206027,0.93527156,0.051065635
4801,6021_right,0.9875892,0.0099667115,0.008266374
4802,6022_left,0.9662937,0.02146365,0.014888302
4803,6022_right,0.9818903,0.014604351,0.009255433
4804,6024_left,0.77409154,0.18322721,0.03148734
4805,6024_right,0.987591,0.009965037,0.008266389
4806,6025_left,0.98712325,0.010342736,0.008334529
4807,6025_right,0.98725045,0.010258125,0.008294222
4808,6030_left,0.9476686,0.04486643,0.010226728
4809,6030_right,0.046320003,0.9448312,0.052147407
4810,6032_left,0.98672044,0.010706417,0.008354723
4811,6032_right,0.022670466,0.059754737,0.9375342
4812,6035_left,0.044378027,0.86698294,0.12715675
4813,6035_right,0.9858884,0.011680138,0.007940165
4814,6041_left,0.7701725,0.16053225,0.035774287
4815,6041_right,0.98117065,0.0156088825,0.008739553
4816,6048_left,0.87731975,0.018450646,0.11885291
4817,6048_right,0.95472455,0.038258813,0.010163918
4818,6049_left,0.037357956,0.9323803,0.07441456
4819,6049_right,0.08435802,0.8932688,0.045370854
4820,6053_left,0.02489181,0.040290862,0.95279473
4821,6053_right,0.04392924,0.9498511,0.050453324
4822,6062_left,0.025153257,0.03856668,0.9537167
4823,6062_right,0.96150684,0.03249683,0.008143999
4824,6065_left,0.050151974,0.94128734,0.04903638
4825,6065_right,0.1720449,0.80726415,0.030658977
4826,6066_left,0.9875901,0.009964087,0.0082672415
4827,6066_right,0.9875909,0.00996467,0.008266699
4828,6067_left,0.029833801,0.14683084,0.83716464
4829,6067_right,0.043225143,0.9502716,0.05106277
4830,6071_left,0.043603443,0.9397015,0.060290076
4831,6071_right,0.4834694,0.49702787,0.015771084
4832,6072_left,0.20577474,0.45449916,0.21695983
4833,6072_right,0.056368403,0.83501005,0.11930164
4834,6073_left,0.98759127,0.009964849,0.008266386
4835,6073_right,0.9875896,0.009965319,0.008267117
4836,6075_left,0.96928495,0.008254428,0.019579483
4837,6075_right,0.9874564,0.010088101,0.008239841
4838,6079_left,0.043997183,0.70590365,0.21229741
4839,6079_right,0.048547164,0.8657757,0.122379765
4840,6080_left,0.043362062,0.9484569,0.052022867
4841,6080_right,0.98699075,0.010314247,0.008436188
4842,6085_left,0.48286095,0.51907897,0.020039728
4843,6085_right,0.100359865,0.88472706,0.04370909
4844,6087_left,0.30964136,0.61334944,0.058434114
4845,6087_right,0.24320668,0.6950484,0.044010706
4846,6088_left,0.98753464,0.01001471,0.008259591
4847,6088_right,0.9863056,0.011311417,0.007836568
4848,6089_left,0.024521789,0.040312957,0.9529359
4849,6089_right,0.024659012,0.03895207,0.95439714
4850,6093_left,0.9866672,0.010755585,0.008308691
4851,6093_right,0.6079759,0.41987446,0.008605173
4852,6095_left,0.9872962,0.01021557,0.00829461
4853,6095_right,0.9875165,0.01002318,0.0082843285
4854,6096_left,0.038775943,0.9354344,0.07039497
4855,6096_right,0.02419138,0.058342632,0.93402517
4856,6102_left,0.987591,0.009964928,0.008266503
4857,6102_right,0.9844317,0.0122875795,0.009204546
4858,6104_left,0.98759127,0.0099648535,0.008266397
4859,6104_right,0.9874628,0.010102602,0.008200388
4860,6106_left,0.98759127,0.0099648535,0.008266386
4861,6106_right,0.98759127,0.0099648535,0.008266386
4862,6110_left,0.9875393,0.009964647,0.008289889
4863,6110_right,0.9875338,0.009986832,0.008284551
4864,6116_left,0.024748681,0.039307952,0.9539591
4865,6116_right,0.025936075,0.14659457,0.8861123
4866,6118_left,0.9875809,0.009966693,0.008270882
4867,6118_right,0.9875821,0.009961923,0.008271661
4868,6125_left,0.08187366,0.89728653,0.044020757
4869,6125_right,0.9446051,0.046058815,0.011716402
4870,6127_left,0.97841054,0.01688549,0.008820263
4871,6127_right,0.9875617,0.009987732,0.008268872
4872,6129_left,0.02934443,0.16004272,0.81855315
4873,6129_right,0.040486205,0.9195863,0.072497495
4874,6131_left,0.9875881,0.00996387,0.008268477
4875,6131_right,0.9875881,0.009966844,0.008267601
4876,6133_left,0.06607986,0.92390305,0.04429211
4877,6133_right,0.4727955,0.45889893,0.03624928
4878,6134_left,0.9875717,0.009975396,0.008271183
4879,6134_right,0.97791594,0.019286938,0.008178907
4880,6136_left,0.98759127,0.0099648535,0.008266386
4881,6136_right,0.98759115,0.009964872,0.008266405
4882,6138_left,0.8782994,0.08563454,0.022978729
4883,6138_right,0.98737085,0.010141611,0.008274771
4884,6139_left,0.98758626,0.009966613,0.008268321
4885,6139_right,0.9764191,0.018240122,0.011708073
4886,6141_left,0.024756733,0.039232053,0.95402694
4887,6141_right,0.025405128,0.06576784,0.92527807
4888,6144_left,0.024207419,0.04939024,0.942732
4889,6144_right,0.5924472,0.28190628,0.068260096
4890,6148_left,0.03948563,0.75375754,0.16867764
4891,6148_right,0.92074144,0.0531115,0.03406809
4892,6149_left,0.046287652,0.941271,0.0544802
4893,6149_right,0.7661664,0.22438993,0.016512938
4894,6155_left,0.048957605,0.94428056,0.047848515
4895,6155_right,0.9875873,0.00996841,0.008266405
4896,6158_left,0.05086125,0.94109166,0.049568146
4897,6158_right,0.045769107,0.94772136,0.04965867
4898,6163_left,0.03079069,0.7091724,0.32793143
4899,6163_right,0.042382903,0.9476276,0.05382691
4900,6165_left,0.036360323,0.7909284,0.224573
4901,6165_right,0.91887677,0.0474315,0.02429795
4902,6166_left,0.04453781,0.94881475,0.050787754
4903,6166_right,0.044152472,0.9492932,0.05079169
4904,6167_left,0.9875908,0.009965202,0.008266374
4905,6167_right,0.98759115,0.009964821,0.008266432
4906,6168_left,0.5274904,0.41838443,0.027302919
4907,6168_right,0.98757046,0.009981892,0.008266772
4908,6169_left,0.06897522,0.909294,0.05805654
4909,6169_right,0.045554783,0.9475213,0.05089747
4910,6175_left,0.94738287,0.041412357,0.015790962
4911,6175_right,0.9875794,0.009971729,0.008271043
4912,6182_left,0.9864879,0.010861003,0.008461659
4913,6182_right,0.98396736,0.012619482,0.0096398555
4914,6183_left,0.9254362,0.07334774,0.00836622
4915,6183_right,0.886863,0.03381493,0.06654244
4916,6186_left,0.98759115,0.00996483,0.008266409
4917,6186_right,0.98757774,0.009977257,0.0082657635
4918,6189_left,0.8912031,0.10383498,0.010698712
4919,6189_right,0.024720488,0.0392293,0.95402235
4920,6190_left,0.04133015,0.94710165,0.055542026
4921,6190_right,0.024585858,0.05372457,0.94244045
4922,6193_left,0.047009684,0.9455328,0.05015102
4923,6193_right,0.04361824,0.9481505,0.05214552
4924,6194_left,0.024682509,0.039258014,0.9540809
4925,6194_right,0.024381803,0.04220387,0.95155376
4926,6196_left,0.028019875,0.82914376,0.20188567
4927,6196_right,0.022797132,0.3631325,0.70152915
4928,6198_left,0.98750275,0.010038759,0.008284301
4929,6198_right,0.98759043,0.009965498,0.0082664285
4930,6199_left,0.043349594,0.9359543,0.06002882
4931,6199_right,0.300501,0.6512282,0.033963174
4932,6200_left,0.26789168,0.74051213,0.027828036
4933,6200_right,0.7516171,0.24523123,0.013451857
4934,6203_left,0.89561236,0.10956411,0.0071400814
4935,6203_right,0.9875425,0.010008769,0.008260841
4936,6205_left,0.027951881,0.16754475,0.80190855
4937,6205_right,0.98754495,0.009973169,0.008284966
4938,6207_left,0.6983972,0.32360113,0.009283583
4939,6207_right,0.4385202,0.52824926,0.016020335
4940,6210_left,0.77208334,0.20675066,0.011562073
4941,6210_right,0.8433051,0.14832519,0.012526528
4942,6217_left,0.045285616,0.9020249,0.07967447
4943,6217_right,0.0644037,0.92044145,0.055958256
4944,6219_left,0.025011128,0.04017549,0.9528699
4945,6219_right,0.043118127,0.94995594,0.051428605
4946,6221_left,0.5245707,0.42625716,0.0182625
4947,6221_right,0.98744804,0.010059641,0.008296038
4948,6227_left,0.6102243,0.33225256,0.02850001
4949,6227_right,0.08491333,0.9013661,0.0470231
4950,6228_left,0.025085421,0.046558112,0.9465297
4951,6228_right,0.031358328,0.21398377,0.77753794
4952,6234_left,0.11831298,0.8636056,0.038905885
4953,6234_right,0.3372252,0.6390897,0.018211924
4954,6235_left,0.98758507,0.009970081,0.008266162
4955,6235_right,0.98759127,0.009964863,0.008266389
4956,6236_left,0.98759127,0.0099648535,0.008266381
4957,6236_right,0.98759055,0.0099653145,0.00826664
4958,6237_left,0.028098883,0.052415933,0.9358275
4959,6237_right,0.83975893,0.1303548,0.01882115
4960,6240_left,0.052884303,0.9373399,0.05062812
4961,6240_right,0.067673124,0.93021584,0.037922375
4962,6244_left,0.12487094,0.87468714,0.026958847
4963,6244_right,0.90414786,0.08256559,0.013642962
4964,6245_left,0.051889762,0.9391114,0.050010197
4965,6245_right,0.925841,0.062435158,0.0066348524
4966,6251_left,0.047650512,0.9062962,0.087078705
4967,6251_right,0.0429986,0.8784965,0.09922275
4968,6254_left,0.024513861,0.042153977,0.9509008
4969,6254_right,0.11763832,0.85620487,0.0485008
4970,6259_left,0.2197774,0.7583448,0.024985122
4971,6259_right,0.13447405,0.66793793,0.14909326
4972,6261_left,0.98740315,0.010125474,0.008254299
4973,6261_right,0.09103934,0.7886531,0.11309849
4974,6263_left,0.024914067,0.039383866,0.95353514
4975,6263_right,0.9768604,0.021721411,0.0061825365
4976,6269_left,0.13251401,0.8596654,0.041545033
4977,6269_right,0.45939922,0.51545185,0.015930504
4978,6272_left,0.98758984,0.009966011,0.008266397
4979,6272_right,0.98745257,0.010081169,0.008277052
4980,6273_left,0.98631763,0.011121441,0.007991445
4981,6273_right,0.98414165,0.013227445,0.008082812
4982,6275_left,0.95152974,0.05314535,0.004617118
4983,6275_right,0.98691374,0.01042057,0.008331164
4984,6276_left,0.987581,0.00997219,0.0082663465
4985,6276_right,0.9874248,0.010057124,0.008312519
4986,6278_left,0.9874129,0.010120642,0.008246102
4987,6278_right,0.987591,0.009964787,0.008266491
4988,6287_left,0.9875524,0.010001571,0.008264146
4989,6287_right,0.9863855,0.010985663,0.008371839
4990,6289_left,0.031011604,0.24053252,0.7182213
4991,6289_right,0.05331443,0.6841396,0.24551295
4992,6290_left,0.051778305,0.9369131,0.051350757
4993,6290_right,0.7762883,0.1917236,0.012810669
4994,6291_left,0.02465533,0.038938966,0.95441353
4995,6291_right,0.024658082,0.038935475,0.95441085
4996,6298_left,0.38527083,0.59610385,0.025259407
4997,6298_right,0.91314626,0.075750016,0.0077295233
4998,6299_left,0.02467808,0.038914856,0.9543877
4999,6299_right,0.025868086,0.04070374,0.95094013
5000,6301_left,0.98732114,0.01015918,0.008345591
5001,6301_right,0.9872082,0.010321438,0.008240629
5002,6302_left,0.08282266,0.91084564,0.03481044
5003,6302_right,0.081962526,0.9000967,0.046558898
5004,6304_left,0.060957752,0.9257809,0.050638065
5005,6304_right,0.10144285,0.8826862,0.040035296
5006,6305_left,0.045017086,0.9448828,0.052379485
5007,6305_right,0.05343876,0.9385279,0.04539428
5008,6311_left,0.02468415,0.039979532,0.9533024
5009,6311_right,0.98759115,0.009964783,0.008266471
5010,6313_left,0.9875908,0.009964792,0.00826662
5011,6313_right,0.98757976,0.009969526,0.008271567
5012,6314_left,0.20141421,0.58029383,0.12676805
5013,6314_right,0.039283507,0.6855819,0.2606471
5014,6316_left,0.024668321,0.038974054,0.9543636
5015,6316_right,0.03616751,0.7752292,0.21940787
5016,6317_left,0.9874905,0.010067869,0.008234311
5017,6317_right,0.98759115,0.009964923,0.008266366
5018,6318_left,0.06492351,0.9244047,0.045785107
5019,6318_right,0.98758334,0.009972006,0.008266245
5020,6321_left,0.024818566,0.04040334,0.95259154
5021,6321_right,0.024688972,0.039432496,0.953783
5022,6323_left,0.03214258,0.7225204,0.32064053
5023,6323_right,0.9863282,0.011151567,0.007997559
5024,6333_left,0.9860167,0.011193215,0.0086782295
5025,6333_right,0.9472884,0.04155681,0.015869197
5026,6335_left,0.02470769,0.038976848,0.954286
5027,6335_right,0.024705721,0.039117828,0.95414704
5028,6337_left,0.030560344,0.15812166,0.8194023
5029,6337_right,0.039286595,0.88698035,0.09212445
5030,6339_left,0.18195093,0.8024881,0.027245827
5031,6339_right,0.98432225,0.013143364,0.007806018
5032,6342_left,0.9874906,0.010033183,0.008295921
5033,6342_right,0.68105423,0.1188745,0.09080873
5034,6344_left,0.054638427,0.93375504,0.05735772
5035,6344_right,0.04351202,0.9502341,0.05081397
5036,6347_left,0.9501459,0.042576384,0.010756848
5037,6347_right,0.98759127,0.009964849,0.008266389
5038,6348_left,0.9874637,0.010097757,0.008210058
5039,6348_right,0.98628217,0.011058761,0.008194123
5040,6360_left,0.054767273,0.9367905,0.048105758
5041,6360_right,0.03750746,0.78627086,0.15392925
5042,6364_left,0.98755276,0.0099976575,0.0082696
5043,6364_right,0.5268817,0.514708,0.0103605995
5044,6367_left,0.03436684,0.7789648,0.21274266
5045,6367_right,0.6814023,0.259267,0.038262323
5046,6368_left,0.987591,0.009965023,0.0082663465
5047,6368_right,0.98758775,0.009967991,0.0082664015
5048,6371_left,0.024661925,0.038967855,0.95438164
5049,6371_right,0.028716268,0.059773725,0.9288226
5050,6374_left,0.9301639,0.06642047,0.005564297
5051,6374_right,0.9873447,0.010139319,0.008321628
5052,6376_left,0.062190138,0.92729527,0.04658841
5053,6376_right,0.5386556,0.38243058,0.024415605
5054,6377_left,0.9865943,0.010155201,0.00900205
5055,6377_right,0.024663892,0.038962714,0.9543534
5056,6378_left,0.8694391,0.12929688,0.008688007
5057,6378_right,0.026315965,0.2470297,0.75166374
5058,6379_left,0.031832393,0.4127347,0.5487407
5059,6379_right,0.035727654,0.6912379,0.3375092
5060,6385_left,0.9724233,0.025911089,0.0065859146
5061,6385_right,0.15790945,0.8315468,0.03189881
5062,6389_left,0.2531482,0.69677866,0.041592665
5063,6389_right,0.9847237,0.012593218,0.007968449
5064,6391_left,0.96525586,0.028718209,0.011102242
5065,6391_right,0.93363565,0.0628667,0.006024675
5066,6397_left,0.9875853,0.00996882,0.008266616
5067,6397_right,0.98758507,0.009964411,0.008269806
5068,6402_left,0.028926328,0.13102034,0.8630949
5069,6402_right,0.84648764,0.13384913,0.017175589
5070,6403_left,0.02480688,0.038796425,0.9542213
5071,6403_right,0.024743134,0.038998626,0.9541498
5072,6404_left,0.98754275,0.010014133,0.008249051
5073,6404_right,0.02592628,0.043981485,0.9467442
5074,6407_left,0.9875896,0.009965333,0.0082668625
5075,6407_right,0.9764861,0.018577028,0.010355297
5076,6410_left,0.08531931,0.90765554,0.041645497
5077,6410_right,0.9875892,0.009965799,0.008267289
5078,6412_left,0.022415668,0.14050265,0.8534726
5079,6412_right,0.042189043,0.9462501,0.055754144
5080,6413_left,0.13682973,0.8149227,0.061511762
5081,6413_right,0.98741966,0.010079005,0.008298715
5082,6415_left,0.98696417,0.010509749,0.008212575
5083,6415_right,0.98734504,0.010137558,0.008344088
5084,6416_left,0.03288307,0.81827575,0.1810801
5085,6416_right,0.048833165,0.9368233,0.051406395
5086,6417_left,0.98759055,0.009964712,0.008266905
5087,6417_right,0.98758245,0.009962746,0.008273249
5088,6418_left,0.024671562,0.03896896,0.9543535
5089,6418_right,0.045363184,0.94227165,0.054237556
5090,6420_left,0.9686366,0.028999805,0.0056728576
5091,6420_right,0.98759115,0.009964834,0.008266405
5092,6423_left,0.46990338,0.56942505,0.013507931
5093,6423_right,0.046761684,0.9456206,0.050113257
5094,6424_left,0.027698772,0.03816329,0.9493786
5095,6424_right,0.936199,0.05061237,0.016524116
5096,6427_left,0.15398847,0.72238517,0.0815623
5097,6427_right,0.45571682,0.41613644,0.036694203
5098,6428_left,0.02468197,0.038928375,0.9543675
5099,6428_right,0.9856309,0.011829001,0.007996792
5100,6429_left,0.04366644,0.9498364,0.050913163
5101,6429_right,0.044299096,0.94892144,0.050828736
5102,6433_left,0.06368725,0.75970787,0.17125145
5103,6433_right,0.02783781,0.03902959,0.9488264
5104,6434_left,0.987591,0.009965066,0.008266374
5105,6434_right,0.98758847,0.009965366,0.008267742
5106,6435_left,0.06825158,0.9192558,0.037655298
5107,6435_right,0.9816187,0.015068989,0.008942657
5108,6440_left,0.025350373,0.29198772,0.6808094
5109,6440_right,0.04174338,0.9484749,0.05427132
5110,6442_left,0.98759127,0.0099648535,0.008266389
5111,6442_right,0.987591,0.009964985,0.008266393
5112,6443_left,0.044950105,0.94481957,0.05305896
5113,6443_right,0.98631775,0.01110194,0.008296031
5114,6445_left,0.04748959,0.8012628,0.16825831
5115,6445_right,0.113901466,0.86040694,0.041081354
5116,6447_left,0.045831688,0.50214523,0.5011349
5117,6447_right,0.0637785,0.92455393,0.04944855
5118,6449_left,0.23820159,0.7196922,0.028521802
5119,6449_right,0.15173388,0.8418649,0.030124458
5120,6450_left,0.036812183,0.7205928,0.20584582
5121,6450_right,0.037652325,0.93325144,0.06631356
5122,6451_left,0.034723986,0.8709265,0.13423604
5123,6451_right,0.03399811,0.8927528,0.119679004
5124,6452_left,0.9875909,0.009964952,0.00826653
5125,6452_right,0.98758954,0.009964369,0.008267656
5126,6455_left,0.987591,0.009964971,0.008266452
5127,6455_right,0.9875853,0.009969031,0.00826664
5128,6458_left,0.98367494,0.012795247,0.008870621
5129,6458_right,0.9863734,0.010810563,0.008566653
5130,6459_left,0.042912014,0.9262101,0.07125616
5131,6459_right,0.048425928,0.934322,0.056043785
5132,6460_left,0.042807683,0.9479976,0.052994836
5133,6460_right,0.052899744,0.9345668,0.052228827
5134,6467_left,0.12812953,0.8515463,0.04951339
5135,6467_right,0.5278158,0.43606293,0.02699642
5136,6468_left,0.07730433,0.9019917,0.049407236
5137,6468_right,0.9872873,0.010233976,0.00828168
5138,6471_left,0.08247954,0.88946563,0.055528965
5139,6471_right,0.04190653,0.91925144,0.08259808
5140,6473_left,0.9874905,0.010016889,0.008307344
5141,6473_right,0.9875901,0.009965822,0.0082663
5142,6474_left,0.023694323,0.5683775,0.5000387
5143,6474_right,0.043094415,0.95007896,0.05141051
5144,6478_left,0.98753536,0.010008736,0.008282335
5145,6478_right,0.9703233,0.02140669,0.015844848
5146,6482_left,0.055368133,0.9320687,0.052461956
5147,6482_right,0.06224108,0.92848414,0.04780398
5148,6483_left,0.9874642,0.0100569725,0.008299546
5149,6483_right,0.98759055,0.009965187,0.008266471
5150,6484_left,0.03612342,0.74981225,0.18151656
5151,6484_right,0.88375336,0.093629256,0.019999418
5152,6488_left,0.046830334,0.94389063,0.052415896
5153,6488_right,0.059061494,0.9355687,0.04514847
5154,6490_left,0.046704076,0.94700307,0.04827861
5155,6490_right,0.045758095,0.93950784,0.05605191
5156,6493_left,0.98716325,0.010342784,0.00827636
5157,6493_right,0.9875882,0.00996683,0.00826669
5158,6497_left,0.044245426,0.89554733,0.08465212
5159,6497_right,0.058363497,0.92431664,0.05337287
5160,6498_left,0.9866223,0.01082487,0.008285997
5161,6498_right,0.9873007,0.010067664,0.008463759
5162,6501_left,0.11997769,0.8793682,0.036847502
5163,6501_right,0.040417925,0.89781827,0.10421716
5164,6502_left,0.0628932,0.92907995,0.04261128
5165,6502_right,0.98759115,0.009964887,0.008266413
5166,6506_left,0.9875596,0.00999143,0.008271801
5167,6506_right,0.12309172,0.8713113,0.030619707
5168,6511_left,0.043251712,0.9496183,0.05157748
5169,6511_right,0.024661582,0.03917649,0.95420676
5170,6512_left,0.024715068,0.04096948,0.9520737
5171,6512_right,0.024656545,0.038937707,0.95441115
5172,6514_left,0.053090043,0.94022506,0.046218928
5173,6514_right,0.085811906,0.9074211,0.036235657
5174,6518_left,0.98758394,0.009966665,0.008269701
5175,6518_right,0.987591,0.0099649895,0.00826635
5176,6519_left,0.024760704,0.03914944,0.9540523
5177,6519_right,0.024779936,0.03919727,0.954023
5178,6523_left,0.02466403,0.038996134,0.9543544
5179,6523_right,0.024655066,0.038938176,0.95441484
5180,6524_left,0.98754954,0.009997808,0.008274861
5181,6524_right,0.9045828,0.07453475,0.01986064
5182,6525_left,0.04780731,0.9184337,0.06670906
5183,6525_right,0.9038733,0.08763265,0.010117491
5184,6529_left,0.43543097,0.51937973,0.018188398
5185,6529_right,0.045256782,0.94657564,0.051843613
5186,6530_left,0.029208018,0.27693826,0.77165866
5187,6530_right,0.91526115,0.06633516,0.01138268
5188,6532_left,0.98759043,0.009965479,0.008266577
5189,6532_right,0.94190335,0.045662828,0.01630292
5190,6535_left,0.98758614,0.009969912,0.008264544
5191,6535_right,0.98758626,0.009968486,0.008267261
5192,6537_left,0.026534244,0.08043857,0.9089133
5193,6537_right,0.043655515,0.94305956,0.055715017
5194,6539_left,0.42366287,0.22501868,0.19168922
5195,6539_right,0.9439462,0.042738795,0.016455274
5196,6541_left,0.053268913,0.9387217,0.046612624
5197,6541_right,0.9875667,0.009987407,0.008265596
5198,6544_left,0.024755104,0.039301876,0.9538518
5199,6544_right,0.02490623,0.0425104,0.9503744
5200,6545_left,0.9875186,0.00995748,0.008319814
5201,6545_right,0.98757076,0.009964397,0.008277033
5202,6546_left,0.9875897,0.009965714,0.008266592
5203,6546_right,0.9875909,0.009965079,0.008266409
5204,6547_left,0.38209346,0.6051199,0.015069705
5205,6547_right,0.85662836,0.11544527,0.015137871
5206,6549_left,0.9742348,0.020781072,0.010377202
5207,6549_right,0.98759115,0.009964806,0.008266432
5208,6550_left,0.043460652,0.9503111,0.05080668
5209,6550_right,0.043242726,0.95022315,0.05109811
5210,6551_left,0.04241756,0.9256674,0.07601752
5211,6551_right,0.050056532,0.93653774,0.05636954
5212,6552_left,0.88059324,0.11132789,0.011795882
5213,6552_right,0.9612689,0.03306036,0.010693904
5214,6555_left,0.027228775,0.06392111,0.92543507
5215,6555_right,0.987223,0.0102301715,0.008430837
5216,6558_left,0.98705137,0.010570403,0.007962507
5217,6558_right,0.98758686,0.009965296,0.008269748
5218,6560_left,0.023409663,0.079134054,0.9204615
5219,6560_right,0.04114227,0.84538615,0.15416414
5220,6561_left,0.045007456,0.94461423,0.05343434
5221,6561_right,0.11416605,0.43831703,0.34322488
5222,6567_left,0.98759043,0.009965385,0.008266592
5223,6567_right,0.98758674,0.00996872,0.008266722
5224,6568_left,0.16319624,0.796494,0.038862668
5225,6568_right,0.8537288,0.11604438,0.019000743
5226,6569_left,0.039188955,0.9312805,0.06749908
5227,6569_right,0.29096672,0.64229643,0.04860731
5228,6573_left,0.77204496,0.21668944,0.016209668
5229,6573_right,0.9844455,0.012549906,0.008923622
5230,6574_left,0.987136,0.010340276,0.008286412
5231,6574_right,0.98759127,0.0099648535,0.008266386
5232,6577_left,0.9859795,0.011200136,0.008530273
5233,6577_right,0.8492594,0.1412662,0.008500727
5234,6578_left,0.9875886,0.009967479,0.0082659125
5235,6578_right,0.98759115,0.00996483,0.00826642
5236,6584_left,0.058058064,0.92732996,0.052834634
5237,6584_right,0.043469533,0.95036966,0.050674297
5238,6585_left,0.98759127,0.0099648535,0.008266386
5239,6585_right,0.9875908,0.009964755,0.008266612
5240,6586_left,0.024741545,0.05204229,0.94140154
5241,6586_right,0.027775308,0.38143408,0.6457535
5242,6591_left,0.94679344,0.046458106,0.011577346
5243,6591_right,0.9534142,0.039012533,0.011215752
5244,6592_left,0.04931778,0.94181776,0.050957445
5245,6592_right,0.044788897,0.94616145,0.052905314
5246,6593_left,0.03206861,0.2421695,0.72199047
5247,6593_right,0.039415695,0.9309684,0.073259875
5248,6594_left,0.9859417,0.011285221,0.008685846
5249,6594_right,0.9149995,0.07236568,0.013342142
5250,6595_left,0.061166283,0.046748698,0.8958808
5251,6595_right,0.37804776,0.57841164,0.03252201
5252,6596_left,0.04439262,0.94849527,0.050837573
5253,6596_right,0.02458077,0.12101499,0.9026391
5254,6599_left,0.028415924,0.70412576,0.26194322
5255,6599_right,0.6417988,0.37064976,0.01037451
5256,6603_left,0.12087297,0.83797973,0.057510648
5257,6603_right,0.7916371,0.173636,0.025191836
5258,6605_left,0.9875909,0.0099647315,0.008266577
5259,6605_right,0.9875218,0.010010777,0.008297302
5260,6607_left,0.16869743,0.8231358,0.026392182
5261,6607_right,0.9824042,0.015140367,0.0076800236
5262,6609_left,0.98740584,0.010096761,0.008281864
5263,6609_right,0.9875802,0.009971818,0.00826881
5264,6611_left,0.4071384,0.58243346,0.023468874
5265,6611_right,0.17518535,0.79134935,0.03526768
5266,6613_left,0.02675562,0.13215148,0.8465243
5267,6613_right,0.024997532,0.041081056,0.95179534
5268,6617_left,0.98650926,0.010885166,0.008413093
5269,6617_right,0.9874806,0.010057955,0.008280912
5270,6618_left,0.9875843,0.0099716345,0.008265545
5271,6618_right,0.98729193,0.010237594,0.008262021
5272,6622_left,0.03782049,0.79232556,0.15022597
5273,6622_right,0.06747072,0.807738,0.121652454
5274,6623_left,0.41273624,0.57608557,0.01889375
5275,6623_right,0.04498845,0.93531466,0.059763476
5276,6624_left,0.043211833,0.94743675,0.053104933
5277,6624_right,0.042982083,0.9446115,0.055176787
5278,6631_left,0.024790216,0.038825125,0.9541428
5279,6631_right,0.024673708,0.039003443,0.9543317
5280,6638_left,0.043316342,0.95022833,0.051032558
5281,6638_right,0.044875465,0.948368,0.05099546
5282,6639_left,0.024673786,0.038949896,0.954363
5283,6639_right,0.024667704,0.03895134,0.95437807
5284,6640_left,0.030719645,0.49157843,0.45141992
5285,6640_right,0.02683225,0.25173947,0.7297894
5286,6643_left,0.98759115,0.009964887,0.008266389
5287,6643_right,0.98759055,0.0099649895,0.008266647
5288,6645_left,0.06517319,0.92374337,0.046653774
5289,6645_right,0.1754936,0.80345166,0.051259615
5290,6652_left,0.035849385,0.57254076,0.32829738
5291,6652_right,0.033849634,0.6458235,0.30886418
5292,6653_left,0.04440271,0.94827664,0.05137327
5293,6653_right,0.44379857,0.49890092,0.02305356
5294,6654_left,0.9875908,0.009965173,0.00826651
5295,6654_right,0.83829087,0.14252797,0.00934691
5296,6656_left,0.0420293,0.94312304,0.05741852
5297,6656_right,0.91436255,0.06908063,0.009502052
5298,6665_left,0.040583327,0.78209424,0.1465561
5299,6665_right,0.042236187,0.79764026,0.1339247
5300,6666_left,0.024786448,0.039304126,0.95390356
5301,6666_right,0.024722015,0.03916076,0.95408934
5302,6668_left,0.9875881,0.009967563,0.0082663465
5303,6668_right,0.9850441,0.011915976,0.008915288
5304,6669_left,0.987591,0.009964801,0.008266471
5305,6669_right,0.98758847,0.00996674,0.008266425
5306,6670_left,0.98759127,0.009964844,0.008266397
5307,6670_right,0.9875836,0.009959126,0.008272232
5308,6671_left,0.9875908,0.009965225,0.008266339
5309,6671_right,0.98758984,0.0099660205,0.008266397
5310,6678_left,0.9875854,0.009968961,0.008267269
5311,6678_right,0.98757684,0.009976074,0.00826825
5312,6683_left,0.044259563,0.9094507,0.07706536
5313,6683_right,0.040390138,0.7714305,0.16669841
5314,6684_left,0.024661535,0.038931213,0.95440507
5315,6684_right,0.024781825,0.039182942,0.9538848
5316,6687_left,0.024685299,0.039129086,0.9541769
5317,6687_right,0.074979566,0.9201672,0.042260043
5318,6691_left,0.024586886,0.03959523,0.9539586
5319,6691_right,0.031182688,0.75174105,0.24777164
5320,6696_left,0.98759115,0.009964834,0.008266413
5321,6696_right,0.9874764,0.0100492,0.008286154
5322,6697_left,0.98747396,0.009999022,0.008331128
5323,6697_right,0.9663948,0.026357323,0.013452983
5324,6700_left,0.03966953,0.94375545,0.05930613
5325,6700_right,0.041287735,0.94509846,0.056235284
5326,6701_left,0.98028725,0.01609434,0.009371146
5327,6701_right,0.98759127,0.0099648675,0.008266389
5328,6702_left,0.9875909,0.009965183,0.008266323
5329,6702_right,0.98759127,0.009964858,0.008266386
5330,6704_left,0.98249507,0.01437749,0.008778731
5331,6704_right,0.943055,0.048568983,0.012483991
5332,6705_left,0.98505276,0.011764292,0.009133509
5333,6705_right,0.6313836,0.27047455,0.06381636
5334,6707_left,0.024663199,0.038939588,0.9543909
5335,6707_right,0.044567548,0.94645846,0.05268386
5336,6713_left,0.98668367,0.010743755,0.008359193
5337,6713_right,0.17297181,0.80877066,0.040410735
5338,6715_left,0.9874794,0.0100585725,0.008280772
5339,6715_right,0.024862355,0.045713108,0.9474309
5340,6719_left,0.9869899,0.010427152,0.008379866
5341,6719_right,0.9849557,0.011675467,0.00951602
5342,6724_left,0.043454934,0.95026684,0.050796885
5343,6724_right,0.043611854,0.94998544,0.05079932
5344,6725_left,0.987427,0.010096704,0.008295277
5345,6725_right,0.9871092,0.0103381295,0.008383537
5346,6727_left,0.04266624,0.93770295,0.05985467
5347,6727_right,0.98759127,0.0099648535,0.008266386
5348,6729_left,0.050696045,0.9426492,0.046459064
5349,6729_right,0.9729739,0.023102002,0.008460638
5350,6730_left,0.024803685,0.05337477,0.93895155
5351,6730_right,0.04491294,0.94829994,0.050524075
5352,6731_left,0.98758835,0.009967277,0.008266448
5353,6731_right,0.9875896,0.009966269,0.008266116
5354,6732_left,0.9875902,0.00996562,0.008266612
5355,6732_right,0.98759115,0.009964863,0.008266393
5356,6734_left,0.9875909,0.00996507,0.008266389
5357,6734_right,0.98759127,0.00996484,0.008266405
5358,6736_left,0.9875909,0.009964905,0.008266558
5359,6736_right,0.98758763,0.009965978,0.008268849
5360,6739_left,0.8783832,0.09996803,0.015564705
5361,6739_right,0.9872793,0.0102169495,0.008309238
5362,6740_left,0.024779677,0.044785127,0.9490143
5363,6740_right,0.027630636,0.15838462,0.8142015
5364,6744_left,0.072100654,0.88184583,0.07398833
5365,6744_right,0.025070982,0.03929043,0.95325786
5366,6745_left,0.21396366,0.77434945,0.023946717
5367,6745_right,0.06004024,0.93431216,0.040237445
5368,6750_left,0.98756707,0.0099882325,0.008264181
5369,6750_right,0.9874893,0.010063963,0.008249882
5370,6757_left,0.98759127,0.009964849,0.008266389
5371,6757_right,0.9875887,0.009963617,0.008268086
5372,6759_left,0.02466678,0.038951486,0.95438427
5373,6759_right,0.024794806,0.051312163,0.94307417
5374,6760_left,0.98759127,0.009964849,0.008266386
5375,6760_right,0.98759115,0.009964834,0.008266409
5376,6763_left,0.98759127,0.009964844,0.008266397
5377,6763_right,0.9875896,0.009964274,0.008267496
5378,6765_left,0.98759115,0.009964938,0.00826637
5379,6765_right,0.9734904,0.02237726,0.009529901
5380,6772_left,0.98759127,0.009964849,0.008266389
5381,6772_right,0.98758614,0.0099617485,0.008270158
5382,6780_left,0.024840793,0.044457383,0.9491396
5383,6780_right,0.024735138,0.039049152,0.9541232
5384,6782_left,0.15876243,0.8001141,0.03745432
5385,6782_right,0.03569481,0.034587696,0.92989254
5386,6785_left,0.024655767,0.03893694,0.9544143
5387,6785_right,0.037313063,0.90557337,0.10071525
5388,6786_left,0.06538274,0.9184864,0.049794383
5389,6786_right,0.047752976,0.94362795,0.051327113
5390,6788_left,0.024689112,0.048661314,0.94496113
5391,6788_right,0.024681475,0.18203968,0.7964383
5392,6793_left,0.09360158,0.8939638,0.039986048
5393,6793_right,0.9871193,0.01023715,0.008427453
5394,6795_left,0.029172227,0.09590221,0.8918276
5395,6795_right,0.0257172,0.077322975,0.92257845
5396,6796_left,0.9875908,0.009964684,0.008266663
5397,6796_right,0.9875909,0.009964726,0.008266608
5398,6799_left,0.9383877,0.059926696,0.008153159
5399,6799_right,0.18289922,0.8075891,0.028109418
5400,6800_left,0.9875893,0.009966693,0.008265744
5401,6800_right,0.98759043,0.009965611,0.00826608
5402,6801_left,0.03519536,0.9064369,0.09924726
5403,6801_right,0.042542554,0.91565204,0.08019415
5404,6806_left,0.029302273,0.08022661,0.9183012
5405,6806_right,0.03620691,0.69495976,0.3109424
5406,6807_left,0.044556383,0.9479751,0.051484067
5407,6807_right,0.52950066,0.44406265,0.013851476
5408,6808_left,0.95073545,0.04329942,0.010250823
5409,6808_right,0.98711723,0.010367951,0.008321156
5410,6809_left,0.18668777,0.7882569,0.03202053
5411,6809_right,0.32633427,0.6404884,0.021698592
5412,6810_left,0.043665815,0.9499536,0.05086588
5413,6810_right,0.05232968,0.9397782,0.047710255
5414,6811_left,0.9875661,0.009947091,0.008285582
5415,6811_right,0.9875373,0.009927678,0.008307375
5416,6816_left,0.982272,0.014087655,0.008601821
5417,6816_right,0.09035333,0.67496383,0.21216653
5418,6817_left,0.90677714,0.06383885,0.014370957
5419,6817_right,0.044638045,0.3323368,0.6401309
5420,6819_left,0.040316593,0.9282131,0.068962485
5421,6819_right,0.043819506,0.854728,0.118441865
5422,6822_left,0.98759127,0.0099648535,0.008266386
5423,6822_right,0.98759127,0.009964849,0.008266405
5424,6823_left,0.024815135,0.11709781,0.89626527
5425,6823_right,0.030453118,0.16421062,0.8337131
5426,6825_left,0.05563581,0.9370795,0.046046134
5427,6825_right,0.043064304,0.9501321,0.051253196
5428,6827_left,0.025240026,0.5118874,0.4553988
5429,6827_right,0.97780424,0.012372254,0.013431142
5430,6828_left,0.034066487,0.5114446,0.43583828
5431,6828_right,0.9804434,0.015311114,0.008385971
5432,6831_left,0.9875354,0.010011293,0.008265021
5433,6831_right,0.98758906,0.009966961,0.008266123
5434,6832_left,0.98757625,0.009978793,0.008262176
5435,6832_right,0.9454956,0.049219325,0.00904565
5436,6833_left,0.024655607,0.038937535,0.9544127
5437,6833_right,0.07468015,0.9048911,0.053168055
5438,6835_left,0.04500776,0.9489775,0.049724262
5439,6835_right,0.042752825,0.949339,0.052260302
5440,6836_left,0.9875886,0.00996498,0.008267836
5441,6836_right,0.98758,0.009971644,0.008270194
5442,6837_left,0.58042634,0.31271753,0.056468025
5443,6837_right,0.87676036,0.084901065,0.019369615
5444,6839_left,0.9875903,0.009965597,0.00826637
5445,6839_right,0.9875897,0.009966171,0.008266468
5446,6840_left,0.043745432,0.93052095,0.06430416
5447,6840_right,0.98522687,0.012354619,0.007824187
5448,6849_left,0.04460773,0.93612784,0.059263613
5449,6849_right,0.024835387,0.10288883,0.887279
5450,6850_left,0.050840378,0.92845505,0.06059869
5451,6850_right,0.7385748,0.21529038,0.01558228
5452,6851_left,0.032880448,0.74189633,0.27976772
5453,6851_right,0.051221065,0.91825837,0.065169685
5454,6854_left,0.02503091,0.039801344,0.95280886
5455,6854_right,0.03987622,0.93962705,0.06465923
5456,6855_left,0.8786571,0.10572539,0.015212968
5457,6855_right,0.040446937,0.85865855,0.10599735
5458,6857_left,0.024697116,0.040393356,0.95308745
5459,6857_right,0.026057625,0.0540316,0.9404359
5460,6863_left,0.031702235,0.8159726,0.19279465
5461,6863_right,0.026367445,0.05795559,0.9322446
5462,6865_left,0.03441346,0.6083243,0.36287153
5463,6865_right,0.0877378,0.8204673,0.09696251
5464,6870_left,0.043834735,0.94814396,0.051714733
5465,6870_right,0.16326293,0.8319001,0.01927807
5466,6872_left,0.98644453,0.0110176075,0.008275992
5467,6872_right,0.98759127,0.009964858,0.008266386
5468,6874_left,0.9393815,0.011449799,0.032280248
5469,6874_right,0.98758996,0.009964576,0.008267097
5470,6875_left,0.024984531,0.03898761,0.9536232
5471,6875_right,0.9025387,0.07904576,0.020126201
5472,6878_left,0.9874641,0.010088277,0.008245042
5473,6878_right,0.98759115,0.009964887,0.008266381
5474,6879_left,0.024776492,0.039357707,0.9537928
5475,6879_right,0.817926,0.0069964607,0.10937628
5476,6881_left,0.025416061,0.04703522,0.94495356
5477,6881_right,0.024733666,0.03898324,0.95419025
5478,6883_left,0.33386776,0.6590281,0.01963289
5479,6883_right,0.112707205,0.85912293,0.048446346
5480,6886_left,0.09018988,0.898056,0.039661463
5481,6886_right,0.04137914,0.89594984,0.10218806
5482,6888_left,0.024678597,0.038982626,0.9543387
5483,6888_right,0.02467982,0.039098818,0.9542113
5484,6889_left,0.17767082,0.8272783,0.03275744
5485,6889_right,0.13761763,0.8619201,0.03316431
5486,6896_left,0.9723903,0.020434184,0.010711519
5487,6896_right,0.9872169,0.010276606,0.008316435
5488,6898_left,0.5416729,0.4371706,0.021066915
5489,6898_right,0.05304892,0.9385198,0.049210552
5490,6901_left,0.05706823,0.92790437,0.054099455
5491,6901_right,0.024267813,0.043584436,0.94951594
5492,6915_left,0.044126842,0.89007866,0.084712625
5493,6915_right,0.021049377,0.20525436,0.7917264
5494,6917_left,0.95497227,0.011193864,0.038945343
5495,6917_right,0.9842515,0.010717843,0.010854985
5496,6918_left,0.02095788,0.1656023,0.8392527
5497,6918_right,0.024892697,0.039186705,0.9537376
5498,6920_left,0.9875567,0.009993227,0.008272153
5499,6920_right,0.9875343,0.010003545,0.008284258
5500,6923_left,0.027060872,0.45449337,0.5327098
5501,6923_right,0.9783618,0.017429546,0.009751826
5502,6927_left,0.04732271,0.9121453,0.07286696
5503,6927_right,0.036930446,0.7226037,0.19675718
5504,6936_left,0.04412665,0.9495152,0.050183807
5505,6936_right,0.9261298,0.060903173,0.010990041
5506,6937_left,0.6623373,0.3397403,0.010832179
5507,6937_right,0.78292966,0.20295362,0.011748735
5508,6938_left,0.98758686,0.009967361,0.008266968
5509,6938_right,0.98699164,0.010465289,0.008356387
5510,6940_left,0.98759127,0.009964849,0.008266389
5511,6940_right,0.98759055,0.009965281,0.008266526
5512,6943_left,0.9797111,0.016830122,0.008392532
5513,6943_right,0.9680713,0.025206653,0.011140021
5514,6947_left,0.98758614,0.009969332,0.008266272
5515,6947_right,0.9875902,0.00996418,0.008267128
5516,6956_left,0.9875859,0.009968147,0.008268958
5517,6956_right,0.9868383,0.010495517,0.008631524
5518,6958_left,0.075674966,0.88068277,0.06526829
5519,6958_right,0.08593773,0.9006403,0.039177738
5520,6962_left,0.98581135,0.011468418,0.008499529
5521,6962_right,0.064366154,0.92842907,0.045151677
5522,6963_left,0.025050152,0.3706617,0.5876134
5523,6963_right,0.027425464,0.14586283,0.8405888
5524,6964_left,0.029567586,0.07670548,0.90872365
5525,6964_right,0.0442817,0.9477939,0.051707298
5526,6965_left,0.04541592,0.94838095,0.049488552
5527,6965_right,0.043741327,0.9496384,0.050934065
5528,6967_left,0.3643445,0.5362437,0.061861344
5529,6967_right,0.36157918,0.64707065,0.023805846
5530,6970_left,0.03222278,0.43033016,0.48719516
5531,6970_right,0.04252897,0.9385642,0.059735447
5532,6971_left,0.04357111,0.95016265,0.05071358
5533,6971_right,0.048100986,0.94509465,0.049960993
5534,6972_left,0.15323722,0.83407736,0.027819239
5535,6972_right,0.07258584,0.9190797,0.04115193
5536,6975_left,0.027262816,0.051451277,0.9359722
5537,6975_right,0.9832646,0.013563986,0.008903709
5538,6977_left,0.03700341,0.84416586,0.15462479
5539,6977_right,0.029879346,0.48821944,0.5351808
5540,6978_left,0.024471935,0.048594456,0.9472833
5541,6978_right,0.044180904,0.74355745,0.23558931
5542,6983_left,0.02498808,0.03860897,0.95397246
5543,6983_right,0.02517106,0.03851601,0.95366025
5544,6984_left,0.04591772,0.9470193,0.05010636
5545,6984_right,0.06324158,0.92566675,0.047371592
5546,6986_left,0.043422624,0.9497769,0.051181987
5547,6986_right,0.86941564,0.10455317,0.013246
5548,6987_left,0.9866231,0.010702993,0.008596179
5549,6987_right,0.97566354,0.019057784,0.01155651
5550,6990_left,0.987591,0.009964962,0.008266436
5551,6990_right,0.98758996,0.009964379,0.008267234
5552,6995_left,0.98750883,0.010040276,0.008266702
5553,6995_right,0.9868717,0.010624536,0.008271715
5554,6997_left,0.98757744,0.009976221,0.008267937
5555,6997_right,0.9862795,0.011220538,0.007896432
5556,7003_left,0.025504187,0.037973918,0.9533109
5557,7003_right,0.26510075,0.49280247,0.12372791
5558,7008_left,0.0528176,0.8879059,0.08684061
5559,7008_right,0.04892206,0.94154674,0.05078017
5560,7009_left,0.14547184,0.8290667,0.037354156
5561,7009_right,0.025271123,0.038525246,0.9532869
5562,7011_left,0.036720343,0.7731715,0.24798775
5563,7011_right,0.04862149,0.9458332,0.048118226
5564,7013_left,0.03577891,0.52224463,0.38936323
5565,7013_right,0.06391746,0.8686512,0.09029333
5566,7014_left,0.98759127,0.0099648675,0.008266381
5567,7014_right,0.98759127,0.0099648675,0.008266378
5568,7016_left,0.03507551,0.865376,0.11884178
5569,7016_right,0.037257727,0.88237065,0.09950738
5570,7017_left,0.040215768,0.9427135,0.061158545
5571,7017_right,0.024667855,0.038955927,0.9543745
5572,7020_left,0.043355294,0.9412285,0.05870126
5573,7020_right,0.23269975,0.7422871,0.024000898
5574,7022_left,0.042568278,0.9413389,0.056821235
5575,7022_right,0.6628547,0.32189676,0.021803768
5576,7024_left,0.10386222,0.8906323,0.044964578
5577,7024_right,0.048616793,0.94130564,0.054423016
5578,7025_left,0.98758674,0.009965931,0.0082691265
5579,7025_right,0.0668794,0.92089456,0.050222848
5580,7026_left,0.024667896,0.039122097,0.9540858
5581,7026_right,0.3864851,0.18196705,0.24440126
5582,7032_left,0.9875897,0.009965597,0.008266671
5583,7032_right,0.98759127,0.009964858,0.008266386
5584,7035_left,0.15491189,0.830792,0.029915476
5585,7035_right,0.6713361,0.29932868,0.016210573
5586,7036_left,0.6779522,0.33865124,0.010109528
5587,7036_right,0.08112121,0.04192561,0.8624489
5588,7038_left,0.987591,0.009965037,0.008266386
5589,7038_right,0.98759127,0.009964849,0.008266389
5590,7048_left,0.0666813,0.9252655,0.048405826
5591,7048_right,0.9856145,0.011504797,0.008855224
5592,7050_left,0.9875896,0.009966138,0.008266577
5593,7050_right,0.98759127,0.009964858,0.008266386
5594,7051_left,0.035619225,0.927566,0.08296958
5595,7051_right,0.86104363,0.08066931,0.03005913
5596,7057_left,0.4719844,0.5162925,0.012412593
5597,7057_right,0.047990132,0.9162464,0.06740373
5598,7058_left,0.8849593,0.09107835,0.019327663
5599,7058_right,0.9834691,0.013372142,0.008863342
5600,7059_left,0.030947417,0.13772294,0.83732545
5601,7059_right,0.038339857,0.9250513,0.07954631
5602,7060_left,0.9851752,0.0122508155,0.008053577
5603,7060_right,0.9862752,0.011286137,0.008000686
5604,7061_left,0.024674436,0.039017286,0.95431864
5605,7061_right,0.024716958,0.039390296,0.9539751
5606,7063_left,0.044712756,0.9462445,0.052448306
5607,7063_right,0.042837832,0.8253274,0.12312707
5608,7065_left,0.75340915,0.17829847,0.04006663
5609,7065_right,0.9875837,0.009970721,0.008266553
5610,7067_left,0.059832934,0.9168113,0.065886006
5611,7067_right,0.88180786,0.10303906,0.016873976
5612,7070_left,0.98757195,0.009979942,0.008271958
5613,7070_right,0.025030386,0.04060223,0.95233524
5614,7073_left,0.024228383,0.04495423,0.95028174
5615,7073_right,0.02235368,0.5070779,0.5656649
5616,7075_left,0.027819239,0.050719056,0.9400841
5617,7075_right,0.06298001,0.22048394,0.66262037
5618,7082_left,0.8094926,0.18101273,0.009878745
5619,7082_right,0.8477714,0.12575313,0.018527158
5620,7083_left,0.028596593,0.16737817,0.81232405
5621,7083_right,0.05154851,0.94039094,0.049641885
5622,7084_left,0.97714394,0.018498784,0.010255526
5623,7084_right,0.92916733,0.05883549,0.015464084
5624,7085_left,0.25393766,0.029995315,0.68216634
5625,7085_right,0.98757976,0.009967945,0.008270585
5626,7087_left,0.032421086,0.91924924,0.09767761
5627,7087_right,0.04346668,0.9496034,0.051342838
5628,7088_left,0.024688307,0.039642088,0.9535875
5629,7088_right,0.03944003,0.9064922,0.08522755
5630,7091_left,0.98758674,0.009969521,0.008264486
5631,7091_right,0.9594943,0.034735225,0.010376111
5632,7092_left,0.02681267,0.1791589,0.8029581
5633,7092_right,0.27047268,0.7030942,0.056528445
5634,7093_left,0.9856716,0.01128095,0.009070723
5635,7093_right,0.98755693,0.009996011,0.008265893
5636,7094_left,0.063275136,0.9292924,0.04440435
5637,7094_right,0.98728997,0.010205172,0.008336405
5638,7098_left,0.98730046,0.010170882,0.008290152
5639,7098_right,0.9875903,0.009965663,0.008266323
5640,7106_left,0.98758835,0.009967239,0.008266874
5641,7106_right,0.9875909,0.009964923,0.008266546
5642,7107_left,0.10732173,0.8814776,0.034761943
5643,7107_right,0.9808481,0.014357185,0.0097663645
5644,7108_left,0.024700256,0.03902141,0.95422554
5645,7108_right,0.029534293,0.414202,0.5150925
5646,7109_left,0.024754966,0.040038005,0.95332336
5647,7109_right,0.024678355,0.03905994,0.9542771
5648,7110_left,0.12763563,0.76792234,0.07924879
5649,7110_right,0.053205293,0.88507986,0.09261935
5650,7111_left,0.96438575,0.028221,0.011951476
5651,7111_right,0.90410024,0.08009909,0.015249931
5652,7117_left,0.80803734,0.1688447,0.01934543
5653,7117_right,0.9855834,0.01166184,0.0085191205
5654,7119_left,0.92928416,0.05559957,0.01724172
5655,7119_right,0.033581518,0.109662704,0.87513834
5656,7120_left,0.98682123,0.010721358,0.008034799
5657,7120_right,0.9875658,0.009986238,0.008268915
5658,7130_left,0.987591,0.009964821,0.008266483
5659,7130_right,0.9872365,0.010285514,0.008258427
5660,7131_left,0.89281684,0.08785565,0.011912378
5661,7131_right,0.8556397,0.15190092,0.0090235835
5662,7133_left,0.024904031,0.043706823,0.948734
5663,7133_right,0.024700137,0.039587643,0.9536317
5664,7137_left,0.043618746,0.9448422,0.055839777
5665,7137_right,0.043442577,0.9502744,0.05082524
5666,7139_left,0.048995923,0.9438989,0.04899168
5667,7139_right,0.059138816,0.9346209,0.043756735
5668,7142_left,0.98759043,0.009964736,0.008266838
5669,7142_right,0.9875875,0.009965507,0.008268008
5670,7144_left,0.608887,0.36114177,0.02778958
5671,7144_right,0.9182374,0.06652738,0.010532052
5672,7151_left,0.022444349,0.14308162,0.8675261
5673,7151_right,0.03912032,0.9367737,0.066076726
5674,7156_left,0.9875909,0.0099647315,0.008266581
5675,7156_right,0.98759043,0.009964459,0.008266905
5676,7158_left,0.98759115,0.009964858,0.0082664015
5677,7158_right,0.98759115,0.009964821,0.008266425
5678,7162_left,0.9875897,0.009966425,0.008265854
5679,7162_right,0.9875896,0.009966425,0.008266139
5680,7164_left,0.1592864,0.8185202,0.038712304
5681,7164_right,0.02625132,0.15324484,0.864976
5682,7167_left,0.045300316,0.6659159,0.27716348
5683,7167_right,0.04882775,0.5099584,0.48699495
5684,7169_left,0.04180651,0.9277332,0.06857558
5685,7169_right,0.049276035,0.9435789,0.048676524
5686,7171_left,0.032376822,0.77727526,0.24779968
5687,7171_right,0.0298069,0.86133367,0.16744974
5688,7172_left,0.98758996,0.009966223,0.008265733
5689,7172_right,0.98759055,0.009965498,0.0082663465
5690,7173_left,0.9858503,0.01157559,0.008250498
5691,7173_right,0.9875761,0.009976032,0.0082714725
5692,7174_left,0.24417788,0.7554578,0.04073091
5693,7174_right,0.045374352,0.9457128,0.05250746
5694,7175_left,0.9875635,0.009988793,0.008271105
5695,7175_right,0.9874303,0.010099564,0.008298109
5696,7179_left,0.04816177,0.9415537,0.051338173
5697,7179_right,0.06554617,0.9206807,0.05032056
5698,7182_left,0.056225993,0.9237688,0.06691041
5699,7182_right,0.04558186,0.9457667,0.051124312
5700,7185_left,0.9875836,0.0099716345,0.00826653
5701,7185_right,0.98759115,0.00996492,0.008266389
5702,7187_left,0.9875665,0.009989402,0.008257141
5703,7187_right,0.9875803,0.009974855,0.008266237
5704,7190_left,0.9875843,0.00997003,0.008268579
5705,7190_right,0.98356634,0.013459053,0.00777839
5706,7192_left,0.9830725,0.012113344,0.010040333
5707,7192_right,0.98759115,0.009964811,0.008266448
5708,7193_left,0.0412808,0.9454848,0.05746091
5709,7193_right,0.9875145,0.01002832,0.008275436
5710,7198_left,0.9874091,0.01007065,0.008331767
5711,7198_right,0.98713535,0.01028005,0.008414426
5712,7200_left,0.98759115,0.009964881,0.008266464
5713,7200_right,0.98759127,0.0099648535,0.008266393
5714,7201_left,0.6000298,0.06889976,0.21115841
5715,7201_right,0.987591,0.009965008,0.008266448
5716,7204_left,0.04730147,0.8293789,0.1439171
5717,7204_right,0.033741683,0.56514084,0.44044837
5718,7205_left,0.022247268,0.053460583,0.94625163
5719,7205_right,0.029398637,0.22839071,0.7434295
5720,7209_left,0.11507254,0.86013734,0.049898945
5721,7209_right,0.038218558,0.9327163,0.06682449
5722,7210_left,0.8624581,0.13127117,0.011760379
5723,7210_right,0.14291063,0.8441542,0.033382446
5724,7213_left,0.31001878,0.6562528,0.019230356
5725,7213_right,0.47638845,0.42558306,0.025480393
5726,7214_left,0.98759127,0.009964858,0.008266389
5727,7214_right,0.02916075,0.034446966,0.9458548
5728,7217_left,0.04814823,0.94247943,0.050857753
5729,7217_right,0.057263643,0.9356328,0.04660519
5730,7219_left,0.98553675,0.011746405,0.008195224
5731,7219_right,0.98758984,0.009965922,0.008266397
5732,7222_left,0.04764156,0.94554555,0.047809817
5733,7222_right,0.97081435,0.024795502,0.009504585
5734,7225_left,0.045735005,0.87008685,0.09383735
5735,7225_right,0.9755618,0.017204076,0.012625752
5736,7228_left,0.987548,0.009972901,0.0082860915
5737,7228_right,0.9875902,0.009965357,0.008266523
5738,7232_left,0.9875909,0.00996513,0.008266265
5739,7232_right,0.98748624,0.010063223,0.0082604615
5740,7237_left,0.046439342,0.9459706,0.05079353
5741,7237_right,0.04736062,0.94625723,0.048260212
5742,7238_left,0.98759055,0.009965168,0.008266616
5743,7238_right,0.98093385,0.015737502,0.00926291
5744,7250_left,0.98757535,0.009980045,0.008265197
5745,7250_right,0.9874277,0.010069542,0.008372108
5746,7251_left,0.9875809,0.009974012,0.008265295
5747,7251_right,0.98759127,0.0099648535,0.008266386
5748,7263_left,0.036668252,0.9403248,0.06822499
5749,7263_right,0.088903435,0.89836776,0.036537837
5750,7264_left,0.7815227,0.19717123,0.014979662
5751,7264_right,0.40736517,0.5349716,0.019184982
5752,7265_left,0.04138713,0.8110269,0.13093351
5753,7265_right,0.43425652,0.56128126,0.020143775
5754,7267_left,0.026547948,0.04363454,0.9480725
5755,7267_right,0.049729668,0.94248325,0.048753448
5756,7268_left,0.98676074,0.010743907,0.008061931
5757,7268_right,0.9173171,0.0836905,0.0057851947
5758,7269_left,0.58957815,0.41568127,0.021610886
5759,7269_right,0.049257495,0.94256616,0.04958963
5760,7270_left,0.046903033,0.9469031,0.048644677
5761,7270_right,0.061608758,0.93503934,0.043407895
5762,7271_left,0.24218443,0.7589923,0.023883604
5763,7271_right,0.05558386,0.93497264,0.048463404
5764,7272_left,0.1555209,0.83885276,0.039197147
5765,7272_right,0.1907469,0.80281097,0.036753323
5766,7274_left,0.03071719,0.49722722,0.4338721
5767,7274_right,0.045908466,0.9457493,0.05156421
5768,7276_left,0.043922614,0.94155014,0.05727881
5769,7276_right,0.04378691,0.9496585,0.05090457
5770,7279_left,0.024657464,0.03894913,0.9544016
5771,7279_right,0.024657749,0.038968142,0.9543876
5772,7280_left,0.9371717,0.054118734,0.012393995
5773,7280_right,0.98755217,0.009998748,0.008268707
5774,7283_left,0.98757416,0.009960437,0.00827715
5775,7283_right,0.9875909,0.009965042,0.008266441
5776,7288_left,0.08656431,0.8285232,0.0823063
5777,7288_right,0.040045746,0.7051518,0.25690863
5778,7290_left,0.9840179,0.013081049,0.008030342
5779,7290_right,0.04920056,0.92521584,0.0620209
5780,7291_left,0.024872543,0.039608285,0.95341146
5781,7291_right,0.023854218,0.044404857,0.95058775
5782,7292_left,0.98759115,0.00996483,0.0082664285
5783,7292_right,0.9875909,0.009964915,0.008266495
5784,7295_left,0.07434273,0.88658273,0.0682333
5785,7295_right,0.02476276,0.039783828,0.9535297
5786,7297_left,0.85654444,0.13501745,0.013909525
5787,7297_right,0.95983493,0.031324826,0.013140166
5788,7298_left,0.059906825,0.755314,0.1286643
5789,7298_right,0.09006339,0.6068802,0.16080149
5790,7299_left,0.9848711,0.012127394,0.008299872
5791,7299_right,0.98759127,0.0099648535,0.008266386
5792,7300_left,0.98759127,0.009964858,0.008266397
5793,7300_right,0.9875589,0.009995265,0.008262806
5794,7304_left,0.9875826,0.009969714,0.008266729
5795,7304_right,0.98759055,0.009964383,0.0082668895
5796,7307_left,0.10079353,0.8541144,0.052326612
5797,7307_right,0.62868124,0.29010916,0.02216355
5798,7310_left,0.029977445,0.7117313,0.29020154
5799,7310_right,0.03988283,0.9410737,0.06175215
5800,7311_left,0.04208601,0.94606876,0.0554732
5801,7311_right,0.03315813,0.9134015,0.08370578
5802,7314_left,0.9875836,0.009968806,0.008268712
5803,7314_right,0.9875629,0.009945773,0.008287897
5804,7315_left,0.9875903,0.009965809,0.008265952
5805,7315_right,0.98747885,0.010069056,0.008262754
5806,7316_left,0.985552,0.011670933,0.008417796
5807,7316_right,0.05237519,0.9212927,0.061860155
5808,7318_left,0.024795296,0.039044447,0.95400417
5809,7318_right,0.024681678,0.039484113,0.95361805
5810,7320_left,0.07567863,0.91834354,0.03752261
5811,7320_right,0.9875744,0.009980116,0.008266498
5812,7322_left,0.1655911,0.82028407,0.04728422
5813,7322_right,0.9875871,0.009967319,0.008267195
5814,7326_left,0.89665544,0.11434989,0.005583183
5815,7326_right,0.28797516,0.52041864,0.065462075
5816,7328_left,0.024698677,0.039283272,0.95400673
5817,7328_right,0.9871838,0.010213305,0.008556312
5818,7329_left,0.043229364,0.94035345,0.058402453
5819,7329_right,0.10134529,0.90360004,0.03709919
5820,7335_left,0.047791827,0.9451775,0.049747273
5821,7335_right,0.13068005,0.87106586,0.03481656
5822,7339_left,0.56437767,0.41158897,0.019904863
5823,7339_right,0.9875788,0.009975538,0.008265909
5824,7342_left,0.0493609,0.87408113,0.098069996
5825,7342_right,0.045503464,0.76966655,0.16119789
5826,7346_left,0.26878235,0.7128051,0.018549299
5827,7346_right,0.9873525,0.010187606,0.008259981
5828,7349_left,0.9875888,0.009966562,0.008266589
5829,7349_right,0.9868221,0.010567193,0.008350494
5830,7351_left,0.0408756,0.83831567,0.16182914
5831,7351_right,0.041844033,0.9331696,0.06815028
5832,7352_left,0.98759115,0.009964834,0.008266413
5833,7352_right,0.9875853,0.009960729,0.008270866
5834,7354_left,0.95935917,0.030482102,0.013621188
5835,7354_right,0.984877,0.011993815,0.009265146
5836,7357_left,0.98759127,0.0099648535,0.008266386
5837,7357_right,0.98759127,0.009964849,0.008266393
5838,7359_left,0.06027187,0.88915724,0.074948564
5839,7359_right,0.14509034,0.34652525,0.29937688
5840,7360_left,0.024652826,0.039450396,0.9538975
5841,7360_right,0.03538411,0.79341704,0.22192763
5842,7361_left,0.041931357,0.7957038,0.1345888
5843,7361_right,0.037855417,0.93294823,0.07332475
5844,7363_left,0.82529324,0.15847081,0.010752226
5845,7363_right,0.978148,0.01731616,0.010163923
5846,7366_left,0.8054478,0.15548937,0.013681587
5847,7366_right,0.98758996,0.009965309,0.0082666315
5848,7368_left,0.93707746,0.05528664,0.0112695
5849,7368_right,0.9842276,0.012766494,0.008763164
5850,7371_left,0.98756367,0.009969747,0.008281237
5851,7371_right,0.985564,0.011641061,0.008599024
5852,7375_left,0.94388914,0.052903056,0.0076276795
5853,7375_right,0.9873875,0.010120003,0.008310396
5854,7378_left,0.024681259,0.03901728,0.95426375
5855,7378_right,0.036252555,0.8134444,0.20110813
5856,7379_left,0.9874471,0.010089177,0.00826746
5857,7379_right,0.9875815,0.009958157,0.008273753
5858,7383_left,0.024676317,0.038998734,0.9543041
5859,7383_right,0.024675269,0.038943686,0.9543514
5860,7390_left,0.69549704,0.27620846,0.018127063
5861,7390_right,0.90830815,0.0715993,0.01550062
5862,7391_left,0.94237936,0.047137946,0.012893645
5863,7391_right,0.97174376,0.023143016,0.0102943
5864,7393_left,0.03439706,0.6442942,0.32531714
5865,7393_right,0.06605243,0.9180824,0.053597316
5866,7395_left,0.96131724,0.03335636,0.008823523
5867,7395_right,0.11757348,0.88033974,0.030297259
5868,7396_left,0.98759127,0.0099648535,0.008266386
5869,7396_right,0.9859482,0.011008103,0.009329137
5870,7397_left,0.04435828,0.9479015,0.051676255
5871,7397_right,0.036871236,0.9053957,0.103617236
5872,7398_left,0.71033424,0.30816868,0.010180329
5873,7398_right,0.56477594,0.46185333,0.008146468
5874,7403_left,0.023795681,0.44326586,0.63125163
5875,7403_right,0.039617315,0.9350589,0.0652907
5876,7404_left,0.038390126,0.93215394,0.073753126
5877,7404_right,0.04712996,0.945364,0.04946974
5878,7405_left,0.98759115,0.009964858,0.008266405
5879,7405_right,0.98736876,0.009975683,0.008432866
5880,7410_left,0.9875252,0.0100202,0.008275174
5881,7410_right,0.9875606,0.0099911,0.008269212
5882,7411_left,0.76803035,0.20969084,0.018848106
5883,7411_right,0.7484431,0.22868833,0.024809347
5884,7415_left,0.032462846,0.67345285,0.25999224
5885,7415_right,0.026976045,0.04491644,0.9446938
5886,7417_left,0.064008474,0.9256347,0.041098434
5887,7417_right,0.034991834,0.9216408,0.07867122
5888,7419_left,0.048244882,0.8203309,0.1301829
5889,7419_right,0.057858393,0.91782266,0.058344454
5890,7425_left,0.04246403,0.9410377,0.05794942
5891,7425_right,0.046303418,0.9350086,0.058502313
5892,7426_left,0.03820157,0.93486863,0.06789908
5893,7426_right,0.041965507,0.94803095,0.054379553
5894,7429_left,0.06880722,0.9157783,0.048179764
5895,7429_right,0.05164995,0.93872267,0.0501791
5896,7430_left,0.9846661,0.012516481,0.008510192
5897,7430_right,0.53547347,0.4285399,0.014246031
5898,7437_left,0.8261694,0.15667374,0.013082193
5899,7437_right,0.98600566,0.011142012,0.008801478
5900,7438_left,0.98759127,0.009964858,0.008266386
5901,7438_right,0.98759127,0.0099648535,0.008266397
5902,7439_left,0.040945534,0.8514241,0.13248149
5903,7439_right,0.94532853,0.028388463,0.027449004
5904,7445_left,0.024690097,0.03890721,0.9543379
5905,7445_right,0.82683295,0.1735576,0.009933069
5906,7446_left,0.025077406,0.045546263,0.9482069
5907,7446_right,0.024783652,0.043432493,0.9493003
5908,7448_left,0.36176124,0.5785796,0.02022944
5909,7448_right,0.047441658,0.93256,0.05861585
5910,7457_left,0.15908048,0.7602327,0.042949907
5911,7457_right,0.9875887,0.009963061,0.008268282
5912,7459_left,0.7631331,0.22919782,0.01805252
5913,7459_right,0.5308397,0.4565549,0.02333831
5914,7460_left,0.023869725,0.046700336,0.9492191
5915,7460_right,0.04752632,0.9454867,0.050300166
5916,7461_left,0.98756254,0.009988628,0.008269943
5917,7461_right,0.98759115,0.009964798,0.008266444
5918,7463_left,0.9107256,0.074986845,0.012774652
5919,7463_right,0.054085817,0.93562895,0.047376823
5920,7464_left,0.848314,0.13762939,0.008995412
5921,7464_right,0.34447375,0.6386923,0.018482488
5922,7466_left,0.9868651,0.010508326,0.008409243
5923,7466_right,0.9870214,0.010297837,0.008424676
5924,7468_left,0.045394953,0.9404635,0.055980906
5925,7468_right,0.98757845,0.009972487,0.008271261
5926,7470_left,0.9772704,0.017849842,0.010486132
5927,7470_right,0.024690628,0.038935553,0.9542975
5928,7474_left,0.055373527,0.9295596,0.052843653
5929,7474_right,0.98758996,0.009965902,0.008266386
5930,7475_left,0.117276594,0.8745256,0.029395502
5931,7475_right,0.13177998,0.8535365,0.04019103
5932,7481_left,0.049984273,0.93489695,0.05735664
5933,7481_right,0.9400737,0.049941305,0.013030488
5934,7486_left,0.987503,0.010024506,0.008282933
5935,7486_right,0.98741406,0.010132072,0.008242589
5936,7487_left,0.0432542,0.9155173,0.072424516
5937,7487_right,0.0337844,0.8920721,0.11331696
5938,7492_left,0.042103082,0.89254695,0.09060724
5939,7492_right,0.043392472,0.9502257,0.05088709
5940,7494_left,0.54461074,0.15162756,0.14663865
5941,7494_right,0.943549,0.0147492485,0.044635806
5942,7497_left,0.9455866,0.039833304,0.017811546
5943,7497_right,0.7099462,0.22650687,0.040005255
5944,7502_left,0.1419855,0.8401496,0.03448343
5945,7502_right,0.8673097,0.116398096,0.016974485
5946,7504_left,0.044812713,0.8799509,0.09627338
5947,7504_right,0.04460486,0.9459305,0.052724138
5948,7505_left,0.9444036,0.048896793,0.011229139
5949,7505_right,0.5401028,0.432087,0.029552633
5950,7506_left,0.9875907,0.009965338,0.008266366
5951,7506_right,0.98759127,0.009964849,0.008266389
5952,7512_left,0.04198889,0.94387525,0.058365095
5953,7512_right,0.7729713,0.23158912,0.013020889
5954,7514_left,0.043250084,0.9502043,0.05105896
5955,7514_right,0.043204468,0.95008564,0.051158324
5956,7515_left,0.16782354,0.40654498,0.23148426
5957,7515_right,0.03660628,0.15105204,0.8088772
5958,7516_left,0.77231205,0.18729372,0.014033588
5959,7516_right,0.9785928,0.017272716,0.009547253
5960,7518_left,0.8820196,0.102498494,0.015207942
5961,7518_right,0.98758686,0.009969036,0.008265639
5962,7520_left,0.044031713,0.94932276,0.050896276
5963,7520_right,0.9694262,0.021715099,0.013820331
5964,7521_left,0.15247603,0.83266574,0.027531113
5965,7521_right,0.14384897,0.8336443,0.033147372
5966,7522_left,0.9875893,0.009966114,0.008266644
5967,7522_right,0.98758626,0.009969164,0.008266686
5968,7523_left,0.98759115,0.00996483,0.00826642
5969,7523_right,0.98758787,0.009965686,0.008267742
5970,7527_left,0.06143923,0.9307263,0.04233333
5971,7527_right,0.043523405,0.94983107,0.05112783
5972,7531_left,0.5924873,0.05351175,0.21870822
5973,7531_right,0.09473811,0.5369485,0.2593885
5974,7533_left,0.048876617,0.9382699,0.05437286
5975,7533_right,0.95646924,0.037767064,0.008949147
5976,7544_left,0.949963,0.047892287,0.0072342088
5977,7544_right,0.0480482,0.93350315,0.05814031
5978,7550_left,0.043298006,0.95055157,0.050769072
5979,7550_right,0.042996295,0.9343834,0.0617163
5980,7552_left,0.9875901,0.009965809,0.00826664
5981,7552_right,0.98758984,0.009964351,0.008267316
5982,7553_left,0.058292914,0.93461263,0.046769284
5983,7553_right,0.04621258,0.9422643,0.0537654
5984,7554_left,0.051965352,0.93368053,0.05520424
5985,7554_right,0.064097404,0.6314811,0.2273618
5986,7555_left,0.9871482,0.010386819,0.008190435
5987,7555_right,0.97960407,0.016474934,0.009734289
5988,7556_left,0.987591,0.009964721,0.008266519
5989,7556_right,0.9875707,0.009955595,0.008280635
5990,7558_left,0.04012536,0.8017915,0.13916646
5991,7558_right,0.040170874,0.922989,0.0737903
5992,7559_left,0.4256696,0.5621101,0.02707223
5993,7559_right,0.61523813,0.32611978,0.047363073
5994,7560_left,0.022118093,0.5236936,0.5100958
5995,7560_right,0.9540943,0.038602516,0.0119527215
5996,7563_left,0.024955072,0.04063443,0.9522951
5997,7563_right,0.98688346,0.010611276,0.008238899
5998,7568_left,0.045650445,0.94497144,0.052378416
5999,7568_right,0.043120537,0.9473855,0.053352226
6000,7573_left,0.9875886,0.009964769,0.00826838
6001,7573_right,0.98759127,0.00996484,0.0082664015
6002,7574_left,0.22432682,0.73656183,0.035615623
6003,7574_right,0.1987955,0.78106654,0.025745463
6004,7579_left,0.9874664,0.010034656,0.008314072
6005,7579_right,0.9875907,0.009965273,0.008266436
6006,7580_left,0.98759127,0.009964849,0.008266386
6007,7580_right,0.98712265,0.010256019,0.008518191
6008,7582_left,0.024676388,0.039102096,0.95421326
6009,7582_right,0.044014566,0.94786507,0.05205166
6010,7586_left,0.024936862,0.16460827,0.87746716
6011,7586_right,0.02611655,0.048634835,0.9425717
6012,7588_left,0.021262113,0.11747416,0.8782119
6013,7588_right,0.9875887,0.009965094,0.008267765
6014,7589_left,0.043631617,0.9497282,0.05114752
6015,7589_right,0.043215144,0.9504532,0.050971005
6016,7590_left,0.03658008,0.87632775,0.1023009
6017,7590_right,0.018395856,0.36918157,0.6546538
6018,7591_left,0.027581874,0.1513295,0.83652574
6019,7591_right,0.04149418,0.9364683,0.06531323
6020,7596_left,0.047086112,0.943426,0.052133054
6021,7596_right,0.9554648,0.03282946,0.013671533
6022,7597_left,0.024669174,0.039092638,0.954201
6023,7597_right,0.024335397,0.045819983,0.94759357
6024,7601_left,0.024730675,0.039439883,0.95366263
6025,7601_right,0.9797895,0.0154522965,0.010689849
6026,7603_left,0.9875893,0.00996609,0.008266374
6027,7603_right,0.98756766,0.0099801775,0.008269959
6028,7605_left,0.9866796,0.010691967,0.008326497
6029,7605_right,0.98756903,0.009985375,0.008265142
6030,7606_left,0.98687243,0.01039931,0.008393282
6031,7606_right,0.98394644,0.012968165,0.008515344
6032,7607_left,0.024667775,0.03906473,0.9542721
6033,7607_right,0.024655014,0.038938526,0.95441365
6034,7608_left,0.05105256,0.7619942,0.18353154
6035,7608_right,0.22841951,0.67616564,0.04615179
6036,7612_left,0.043732323,0.9496597,0.050940063
6037,7612_right,0.044662453,0.94846076,0.050965305
6038,7613_left,0.028868234,0.19556068,0.7794249
6039,7613_right,0.9864732,0.010909976,0.008388997
6040,7615_left,0.38252687,0.53640974,0.03762272
6041,7615_right,0.987591,0.009964985,0.008266362
6042,7616_left,0.052264787,0.89686424,0.08530641
6043,7616_right,0.23332942,0.7287999,0.027934272
6044,7617_left,0.064107075,0.9018132,0.060700253
6045,7617_right,0.05058931,0.74160135,0.22146358
6046,7623_left,0.5170038,0.4001407,0.04988513
6047,7623_right,0.09362769,0.88839024,0.042402685
6048,7629_left,0.03530547,0.9039604,0.11001251
6049,7629_right,0.04129623,0.9462953,0.056479894
6050,7631_left,0.053428184,0.8665716,0.08816325
6051,7631_right,0.024541892,0.040956527,0.95271695
6052,7633_left,0.9821571,0.015212833,0.0076552397
6053,7633_right,0.05268192,0.939548,0.048160024
6054,7637_left,0.98759127,0.0099648535,0.008266389
6055,7637_right,0.9829662,0.013579562,0.009515737
6056,7638_left,0.04837886,0.9284924,0.06281134
6057,7638_right,0.053728662,0.92042184,0.06203652
6058,7640_left,0.049519166,0.94398516,0.047594182
6059,7640_right,0.98759127,0.0099648675,0.008266389
6060,7644_left,0.987591,0.009964745,0.008266503
6061,7644_right,0.9875837,0.0099693,0.008268512
6062,7646_left,0.0464181,0.9452628,0.051556025
6063,7646_right,0.0779647,0.8817384,0.06747909
6064,7647_left,0.024831405,0.038773943,0.95406175
6065,7647_right,0.8514984,0.13128541,0.013734684
6066,7648_left,0.98758,0.009973635,0.008268227
6067,7648_right,0.9875907,0.009964693,0.008266745
6068,7650_left,0.04168993,0.9297706,0.07046553
6069,7650_right,0.03796777,0.9148858,0.08914888
6070,7651_left,0.987591,0.009964849,0.008266464
6071,7651_right,0.98758775,0.00996459,0.008268184
6072,7654_left,0.043206874,0.9467934,0.05393442
6073,7654_right,0.05204568,0.94223905,0.045288686
6074,7660_left,0.048240177,0.94533557,0.049228698
6075,7660_right,0.33225873,0.66759324,0.025353279
6076,7665_left,0.9620379,0.032505315,0.010045723
6077,7665_right,0.29230285,0.6752188,0.031476215
6078,7667_left,0.98755825,0.009995974,0.00826485
6079,7667_right,0.9875366,0.010018106,0.008260711
6080,7668_left,0.9875897,0.00996451,0.008267261
6081,7668_right,0.9875658,0.009982392,0.0082710935
6082,7672_left,0.024962272,0.038651723,0.9538121
6083,7672_right,0.024842478,0.038778067,0.9540318
6084,7675_left,0.37408996,0.58994275,0.022458393
6085,7675_right,0.13664918,0.85673904,0.024637185
6086,7676_left,0.7506676,0.23253787,0.011488621
6087,7676_right,0.7698975,0.18827048,0.013699357
6088,7677_left,0.049342748,0.94143724,0.053283725
6089,7677_right,0.024666542,0.03921552,0.95418394
6090,7679_left,0.6093376,0.37292328,0.00929144
6091,7679_right,0.7397337,0.23017374,0.023096686
6092,7682_left,0.9874778,0.010052673,0.0082959905
6093,7682_right,0.98759115,0.009964792,0.008266471
6094,7684_left,0.8894059,0.09606544,0.010555124
6095,7684_right,0.73106307,0.2533864,0.008236195
6096,7685_left,0.70121205,0.23738553,0.015019375
6097,7685_right,0.5199775,0.43522418,0.018945156
6098,7686_left,0.98738843,0.010189116,0.008151844
6099,7686_right,0.9471014,0.015481363,0.022708982
6100,7688_left,0.07536004,0.89271146,0.06058596
6101,7688_right,0.06980069,0.91915363,0.04633609
6102,7689_left,0.04274792,0.9456605,0.055211924
6103,7689_right,0.04299776,0.9096541,0.07596495
6104,7690_left,0.043286663,0.950487,0.05084949
6105,7690_right,0.04284716,0.94965595,0.05198648
6106,7695_left,0.98759127,0.0099648535,0.008266386
6107,7695_right,0.98759127,0.0099648535,0.008266386
6108,7700_left,0.044944495,0.9459537,0.05168186
6109,7700_right,0.042112112,0.926221,0.07567623
6110,7701_left,0.98748046,0.0100472495,0.008301234
6111,7701_right,0.9875832,0.009972265,0.0082661435
6112,7702_left,0.98747444,0.010072508,0.008263185
6113,7702_right,0.049908053,0.8295999,0.1140708
6114,7703_left,0.122504584,0.8656529,0.03126707
6115,7703_right,0.9125785,0.07115847,0.014299808
6116,7708_left,0.024823843,0.040091358,0.9529988
6117,7708_right,0.070509814,0.92153007,0.0424206
6118,7718_left,0.0247799,0.039236635,0.9538208
6119,7718_right,0.06694192,0.888296,0.06981143
6120,7722_left,0.98754174,0.010004324,0.008276046
6121,7722_right,0.98554546,0.011624861,0.008628375
6122,7724_left,0.98759115,0.009964778,0.008266487
6123,7724_right,0.987591,0.009964943,0.008266432
6124,7725_left,0.34529066,0.594601,0.025232771
6125,7725_right,0.3887434,0.5749668,0.015386335
6126,7726_left,0.024656393,0.04011407,0.9530944
6127,7726_right,0.22044784,0.76256394,0.034470066
6128,7727_left,0.98103654,0.015311838,0.008866573
6129,7727_right,0.27372193,0.7038651,0.035180874
6130,7730_left,0.19525644,0.80535465,0.029244117
6131,7730_right,0.046357352,0.94690216,0.049881045
6132,7731_left,0.98536474,0.011824665,0.008572155
6133,7731_right,0.98465663,0.012469661,0.0086052455
6134,7732_left,0.98759115,0.00996492,0.00826635
6135,7732_right,0.98759127,0.0099648535,0.008266386
6136,7733_left,0.049644,0.94389987,0.04846558
6137,7733_right,0.043221556,0.9467004,0.053527873
6138,7736_left,0.02233918,0.3426531,0.7227333
6139,7736_right,0.053875454,0.5023655,0.39067847
6140,7739_left,0.9873768,0.010141497,0.008281383
6141,7739_right,0.98759127,0.009964844,0.008266393
6142,7741_left,0.02468344,0.03901567,0.9542692
6143,7741_right,0.024674648,0.038999565,0.9543155
6144,7743_left,0.98759127,0.009964849,0.008266393
6145,7743_right,0.98759127,0.009964877,0.008266374
6146,7746_left,0.024631897,0.04139082,0.95174545
6147,7746_right,0.045152515,0.9355017,0.059212137
6148,7750_left,0.024727209,0.039140295,0.9541238
6149,7750_right,0.046793982,0.79253197,0.14874153
6150,7751_left,0.023617871,0.049582843,0.9436027
6151,7751_right,0.039926253,0.9424696,0.061607186
6152,7754_left,0.19169779,0.7338088,0.052007135
6153,7754_right,0.37416747,0.39265922,0.11305004
6154,7757_left,0.050668426,0.9402911,0.049833022
6155,7757_right,0.050740104,0.9425874,0.046739362
6156,7761_left,0.048703607,0.94160795,0.0513117
6157,7761_right,0.062535375,0.9283874,0.043536
6158,7763_left,0.5247934,0.47665948,0.017196579
6159,7763_right,0.19630645,0.7755194,0.029426536
6160,7764_left,0.04602019,0.93627155,0.058733467
6161,7764_right,0.045528296,0.91858387,0.06824821
6162,7767_left,0.04300941,0.9499964,0.05139268
6163,7767_right,0.03629842,0.81390595,0.2007185
6164,7773_left,0.040402424,0.78830475,0.1442393
6165,7773_right,0.054235347,0.73503816,0.1545344
6166,7774_left,0.98759043,0.009964557,0.008266882
6167,7774_right,0.98758984,0.009964091,0.008267375
6168,7776_left,0.666063,0.32802993,0.017869446
6169,7776_right,0.97476983,0.01952257,0.0116179325
6170,7784_left,0.9875893,0.009965375,0.008267363
6171,7784_right,0.98758274,0.0099599855,0.008272505
6172,7785_left,0.080238305,0.9109992,0.041189805
6173,7785_right,0.04725654,0.94636846,0.04882544
6174,7786_left,0.9875897,0.009966317,0.008266073
6175,7786_right,0.89481246,0.10049952,0.0102008665
6176,7788_left,0.024627035,0.039234973,0.9540825
6177,7788_right,0.026347192,0.09055859,0.89876693
6178,7793_left,0.9875858,0.009969846,0.008266222
6179,7793_right,0.49504286,0.45310155,0.023557447
6180,7795_left,0.45469624,0.07730818,0.23285188
6181,7795_right,0.090613686,0.070774645,0.80036896
6182,7796_left,0.9875837,0.00996325,0.008272423
6183,7796_right,0.043093096,0.036062784,0.91396344
6184,7797_left,0.9788467,0.017418303,0.009403653
6185,7797_right,0.045547776,0.93829346,0.059233725
6186,7798_left,0.047504283,0.93555564,0.057264827
6187,7798_right,0.05307407,0.9314646,0.054482285
6188,7800_left,0.18241905,0.79329824,0.040272485
6189,7800_right,0.85679626,0.124596514,0.016630411
6190,7801_left,0.9865024,0.01093624,0.0082286075
6191,7801_right,0.98759055,0.009964351,0.008266925
6192,7802_left,0.02485805,0.040326115,0.9524861
6193,7802_right,0.043279387,0.9505329,0.050827105
6194,7804_left,0.98756963,0.009981327,0.008268856
6195,7804_right,0.9875754,0.009974582,0.008271254
6196,7805_left,0.9875015,0.010034813,0.0082916375
6197,7805_right,0.98757696,0.009976587,0.008266667
6198,7807_left,0.98723865,0.01021399,0.008436687
6199,7807_right,0.9519854,0.03830298,0.014900435
6200,7808_left,0.033835664,0.8154456,0.1871382
6201,7808_right,0.5931695,0.39508253,0.026840372
6202,7810_left,0.044319175,0.9465828,0.052441172
6203,7810_right,0.047899723,0.9414732,0.052235696
6204,7811_left,0.98759127,0.00996483,0.008266405
6205,7811_right,0.987591,0.009964755,0.008266495
6206,7817_left,0.049287632,0.9331077,0.061893534
6207,7817_right,0.052836496,0.7405089,0.1962339
6208,7818_left,0.9874894,0.010056873,0.008249675
6209,7818_right,0.98582435,0.011407477,0.008550946
6210,7819_left,0.024736438,0.06951062,0.9209908
6211,7819_right,0.05294575,0.90952575,0.07251591
6212,7821_left,0.024761423,0.040198527,0.9529231
6213,7821_right,0.024805237,0.039395377,0.95384663
6214,7822_left,0.98758,0.009976653,0.0082610315
6215,7822_right,0.987457,0.010068125,0.008266342
6216,7823_left,0.9580027,0.037973292,0.0074650794
6217,7823_right,0.102748536,0.88250864,0.03889239
6218,7825_left,0.024659727,0.038945604,0.95439404
6219,7825_right,0.024659395,0.038968608,0.95437586
6220,7828_left,0.9857897,0.011450841,0.008504742
6221,7828_right,0.98250544,0.011376211,0.010717771
6222,7829_left,0.38312128,0.6243002,0.026492938
6223,7829_right,0.04403007,0.94888014,0.0510673
6224,7831_left,0.026663704,0.05840815,0.93218106
6225,7831_right,0.048004173,0.93776166,0.054413985
6226,7832_left,0.98759127,0.009964849,0.008266389
6227,7832_right,0.9875036,0.01002125,0.008305938
6228,7836_left,0.045797188,0.94472265,0.05256633
6229,7836_right,0.03937559,0.9161919,0.0746168
6230,7838_left,0.08656712,0.88742036,0.05474727
6231,7838_right,0.025276624,0.3072785,0.68904567
6232,7842_left,0.035702717,0.8354455,0.1813867
6233,7842_right,0.042914074,0.95015407,0.051524155
6234,7844_left,0.98759127,0.009964863,0.008266381
6235,7844_right,0.98759115,0.009964905,0.008266362
6236,7847_left,0.0386837,0.91135806,0.0900402
6237,7847_right,0.039525636,0.7471203,0.26331514
6238,7849_left,0.043287788,0.9504124,0.050916433
6239,7849_right,0.044491276,0.9493307,0.050126154
6240,7850_left,0.98758614,0.009963988,0.008270569
6241,7850_right,0.97620165,0.01844813,0.011964136
6242,7851_left,0.98717797,0.010250406,0.008319023
6243,7851_right,0.98759127,0.0099648535,0.008266386
6244,7852_left,0.9841627,0.012367891,0.009787332
6245,7852_right,0.9464684,0.04551521,0.0079761045
6246,7853_left,0.024677793,0.03894074,0.95436656
6247,7853_right,0.02478594,0.04056508,0.9522127
6248,7854_left,0.98759127,0.009964858,0.008266386
6249,7854_right,0.98759127,0.009964858,0.008266386
6250,7857_left,0.97873825,0.016777324,0.010172461
6251,7857_right,0.98759127,0.009964863,0.008266378
6252,7859_left,0.037720494,0.86656755,0.1202468
6253,7859_right,0.03180631,0.71153647,0.30791882
6254,7862_left,0.5932668,0.3997284,0.009717654
6255,7862_right,0.4179437,0.546309,0.01670435
6256,7863_left,0.05192237,0.92101413,0.06268289
6257,7863_right,0.04449316,0.9455885,0.05298938
6258,7869_left,0.03888018,0.92326576,0.073428676
6259,7869_right,0.02466857,0.038971275,0.95436764
6260,7875_left,0.98759127,0.009964849,0.008266389
6261,7875_right,0.98759127,0.009964844,0.008266393
6262,7876_left,0.37419826,0.5800552,0.042519398
6263,7876_right,0.04719459,0.8516783,0.100431
6264,7880_left,0.04764524,0.9420947,0.052596778
6265,7880_right,0.6928915,0.27642617,0.014916948
6266,7881_left,0.9875574,0.0099951,0.008266135
6267,7881_right,0.95296407,0.037905972,0.013701549
6268,7883_left,0.35514426,0.592515,0.025084062
6269,7883_right,0.26930943,0.7172531,0.018303402
6270,7884_left,0.029493075,0.76399237,0.20219317
6271,7884_right,0.19479892,0.6493387,0.09429188
6272,7886_left,0.053333905,0.42333272,0.40626648
6273,7886_right,0.49017456,0.44923884,0.03660151
6274,7887_left,0.06120894,0.92764586,0.048493184
6275,7887_right,0.9870723,0.010400257,0.008343113
6276,7888_left,0.71272874,0.24056531,0.03234487
6277,7888_right,0.94720525,0.04655019,0.010660263
6278,7890_left,0.038589273,0.8945586,0.105779886
6279,7890_right,0.30448708,0.68534195,0.015072523
6280,7894_left,0.047858108,0.9444796,0.050164722
6281,7894_right,0.7811555,0.13539863,0.03162934
6282,7896_left,0.9875909,0.009964811,0.008266546
6283,7896_right,0.987497,0.010049545,0.008267785
6284,7898_left,0.98748815,0.010053593,0.008278395
6285,7898_right,0.9847158,0.012267334,0.008954363
6286,7899_left,0.6202988,0.3358775,0.018165039
6287,7899_right,0.9737586,0.022243273,0.008268063
6288,7905_left,0.042441428,0.94528484,0.05484942
6289,7905_right,0.5693837,0.40658274,0.0129194325
6290,7906_left,0.98759127,0.0099648535,0.008266386
6291,7906_right,0.98759127,0.009964844,0.008266397
6292,7910_left,0.9875882,0.009966472,0.008266976
6293,7910_right,0.9842367,0.012987081,0.008357008
6294,7911_left,0.04654954,0.8730753,0.10503765
6295,7911_right,0.2677673,0.7128156,0.01939366
6296,7922_left,0.15393375,0.8345179,0.028895797
6297,7922_right,0.9241715,0.06508338,0.010039228
6298,7923_left,0.039658513,0.9340054,0.0650086
6299,7923_right,0.042203244,0.9413069,0.057520736
6300,7929_left,0.036834896,0.88935083,0.120831445
6301,7929_right,0.20943533,0.7976372,0.023363356
6302,7932_left,0.044840693,0.9475293,0.051517796
6303,7932_right,0.04637733,0.93897593,0.05604833
6304,7934_left,0.9875903,0.009965122,0.008266616
6305,7934_right,0.9875896,0.009964134,0.008267476
6306,7937_left,0.04044462,0.91706055,0.082056865
6307,7937_right,0.5582628,0.33256286,0.06653125
6308,7938_left,0.025015285,0.040233705,0.9529137
6309,7938_right,0.024836853,0.039087318,0.95392257
6310,7940_left,0.9875908,0.009964496,0.008266738
6311,7940_right,0.98759127,0.00996484,0.0082664015
6312,7943_left,0.14810918,0.6974335,0.13330469
6313,7943_right,0.11033813,0.6448806,0.18315381
6314,7944_left,0.9869725,0.010569631,0.008148167
6315,7944_right,0.98758954,0.009966303,0.008266542
6316,7945_left,0.21087845,0.77829456,0.022038234
6317,7945_right,0.96233666,0.030975001,0.012027591
6318,7946_left,0.9669321,0.027094958,0.0116715375
6319,7946_right,0.9151302,0.08141451,0.009431009
6320,7947_left,0.9874641,0.009929812,0.008346309
6321,7947_right,0.8326917,0.03770753,0.045564495
6322,7948_left,0.043259036,0.9505659,0.05082733
6323,7948_right,0.043329712,0.9504723,0.050805945
6324,7949_left,0.046036057,0.9458346,0.051330063
6325,7949_right,0.07901887,0.92145354,0.0392637
6326,7952_left,0.04876685,0.767432,0.14276156
6327,7952_right,0.98759127,0.00996483,0.008266409
6328,7953_left,0.045342684,0.9401044,0.057193767
6329,7953_right,0.040220756,0.9327167,0.06996408
6330,7959_left,0.98759055,0.009965488,0.008266213
6331,7959_right,0.9875902,0.009965845,0.008266057
6332,7961_left,0.9791794,0.017113656,0.008894386
6333,7961_right,0.979715,0.01654015,0.008848752
6334,7962_left,0.9875151,0.010028709,0.008275722
6335,7962_right,0.98740804,0.010125536,0.00827901
6336,7964_left,0.059254985,0.8735735,0.0940222
6337,7964_right,0.032969084,0.25200903,0.77982175
6338,7965_left,0.78672147,0.16495603,0.017280284
6339,7965_right,0.98738384,0.0100600775,0.008347462
6340,7966_left,0.98758,0.009960813,0.008273769
6341,7966_right,0.9875865,0.009961415,0.008270045
6342,7971_left,0.9703371,0.023764364,0.011684819
6343,7971_right,0.98004407,0.0168039,0.008670467
6344,7974_left,0.9842041,0.013406674,0.0076827165
6345,7974_right,0.9568131,0.039699376,0.008467886
6346,7976_left,0.8900912,0.09941293,0.013913732
6347,7976_right,0.8510952,0.14014839,0.011870177
6348,7980_left,0.04213648,0.9448503,0.056616582
6349,7980_right,0.041075703,0.94575036,0.055661857
6350,7981_left,0.97952706,0.017157191,0.008799739
6351,7981_right,0.17702603,0.8252583,0.04163802
6352,7982_left,0.02986021,0.07794157,0.9077777
6353,7982_right,0.024687687,0.045815613,0.947626
6354,7983_left,0.04065498,0.91079986,0.089466296
6355,7983_right,0.024788579,0.041450564,0.95137423
6356,7985_left,0.66317004,0.29462412,0.013948146
6357,7985_right,0.6600187,0.30009398,0.014006616
6358,7989_left,0.98758996,0.0099656815,0.008266882
6359,7989_right,0.98759115,0.009964934,0.008266393
6360,7991_left,0.98759127,0.00996484,0.0082664015
6361,7991_right,0.9875909,0.009964721,0.008266589
6362,7992_left,0.024707327,0.039051138,0.95420796
6363,7992_right,0.025006436,0.27895626,0.758248
6364,7993_left,0.98759115,0.0099648535,0.008266409
6365,7993_right,0.98759043,0.00996451,0.008267011
6366,7996_left,0.03454618,0.90173274,0.11350972
6367,7996_right,0.9455424,0.04636448,0.011447879
6368,7998_left,0.122547075,0.8825583,0.020122224
6369,7998_right,0.05795723,0.93616223,0.03945101
6370,8000_left,0.98719287,0.01022964,0.008419213
6371,8000_right,0.98759127,0.009964863,0.008266389
6372,8002_left,0.98757786,0.009976701,0.008266995
6373,8002_right,0.98754394,0.010008452,0.008263685
6374,8003_left,0.18520997,0.789659,0.03301294
6375,8003_right,0.97534364,0.01939657,0.009350302
6376,8006_left,0.9875787,0.009971677,0.008269736
6377,8006_right,0.98753333,0.009935833,0.008307176
6378,8007_left,0.046027362,0.91281927,0.077192105
6379,8007_right,0.9868449,0.010735148,0.007960876
6380,8011_left,0.98759127,0.009964849,0.008266389
6381,8011_right,0.98759115,0.009964783,0.008266459
6382,8013_left,0.024665022,0.038960125,0.95437837
6383,8013_right,0.02455024,0.07307084,0.9232815
6384,8014_left,0.040045124,0.87181413,0.101833515
6385,8014_right,0.9875859,0.009968029,0.008267699
6386,8015_left,0.98753184,0.010015306,0.008273613
6387,8015_right,0.98758763,0.009966736,0.008267328
6388,8020_left,0.16982335,0.85068005,0.023265501
6389,8020_right,0.029339826,0.3523563,0.68129003
6390,8023_left,0.044127293,0.9137344,0.07343201
6391,8023_right,0.036686312,0.707474,0.24203433
6392,8025_left,0.041655455,0.74340785,0.23784699
6393,8025_right,0.9875853,0.00996914,0.008266659
6394,8026_left,0.50268257,0.46020362,0.017273486
6395,8026_right,0.044332065,0.94187295,0.056529745
6396,8027_left,0.034404155,0.757472,0.24247201
6397,8027_right,0.051404282,0.93050027,0.060744885
6398,8028_left,0.024658885,0.038938474,0.95440584
6399,8028_right,0.02466002,0.03893958,0.9544019
6400,8029_left,0.987591,0.00996506,0.008266362
6401,8029_right,0.98759127,0.009964858,0.008266381
6402,8030_left,0.9875825,0.00996769,0.008270538
6403,8030_right,0.9875426,0.009982552,0.008287635
6404,8032_left,0.15602835,0.84026337,0.030326929
6405,8032_right,0.18290856,0.8043963,0.024167689
6406,8034_left,0.9875902,0.009964232,0.00826714
6407,8034_right,0.9875502,0.009946111,0.008294756
6408,8036_left,0.1286553,0.84664315,0.05323994
6409,8036_right,0.8738458,0.10143136,0.01236933
6410,8038_left,0.04035322,0.64389205,0.36424896
6411,8038_right,0.06234762,0.90799,0.06250997
6412,8039_left,0.9494756,0.036255755,0.009664875
6413,8039_right,0.9862346,0.011164505,0.008050065
6414,8040_left,0.02483152,0.03948122,0.9537026
6415,8040_right,0.04139153,0.8615324,0.10616278
6416,8041_left,0.06165693,0.86195517,0.09942524
6417,8041_right,0.043712243,0.885642,0.10351979
6418,8043_left,0.98759115,0.009964928,0.008266378
6419,8043_right,0.9820727,0.013635849,0.009774599
6420,8047_left,0.04188711,0.94320214,0.056583427
6421,8047_right,0.042516973,0.8078438,0.13029541
6422,8050_left,0.98758984,0.009964209,0.008267336
6423,8050_right,0.9875894,0.009963993,0.008267581
6424,8052_left,0.467239,0.44962922,0.05497288
6425,8052_right,0.94939584,0.044708792,0.0064018737
6426,8059_left,0.98745185,0.010075152,0.008283685
6427,8059_right,0.9875815,0.009971092,0.00826807
6428,8061_left,0.98759115,0.009964872,0.008266389
6429,8061_right,0.9875816,0.009975947,0.008260102
6430,8062_left,0.07869598,0.86133075,0.083971374
6431,8062_right,0.047270216,0.9457368,0.05043761
6432,8067_left,0.9828151,0.0140562365,0.008812029
6433,8067_right,0.48951378,0.47204322,0.026531572
6434,8072_left,0.023145517,0.08448505,0.90842754
6435,8072_right,0.035115384,0.91058147,0.08733073
6436,8073_left,0.025902256,0.07979066,0.90795624
6437,8073_right,0.029134667,0.5176181,0.42610434
6438,8074_left,0.9849604,0.012159575,0.008508169
6439,8074_right,0.055555657,0.9262552,0.054647315
6440,8080_left,0.027869817,0.64577705,0.40220967
6441,8080_right,0.03112759,0.7583506,0.27127355
6442,8087_left,0.98678106,0.0106427865,0.008382974
6443,8087_right,0.052425016,0.9415648,0.04711128
6444,8089_left,0.987571,0.009980691,0.008269326
6445,8089_right,0.9875896,0.009965432,0.008267011
6446,8090_left,0.035713084,0.82579815,0.18738523
6447,8090_right,0.034215942,0.67578274,0.3520721
6448,8091_left,0.04088029,0.900846,0.094464645
6449,8091_right,0.02611233,0.159124,0.87919676
6450,8092_left,0.031218106,0.47357327,0.46333835
6451,8092_right,0.0433172,0.9415265,0.056598183
6452,8093_left,0.9875907,0.009965046,0.008266507
6453,8093_right,0.98719054,0.010305367,0.008286965
6454,8096_left,0.036763117,0.92245585,0.08163388
6455,8096_right,0.04314744,0.9500409,0.05131491
6456,8105_left,0.9854246,0.011899476,0.008100612
6457,8105_right,0.9813254,0.014414242,0.01010874
6458,8107_left,0.24383396,0.7429485,0.022890747
6459,8107_right,0.9874463,0.009995171,0.008337209
6460,8110_left,0.98757696,0.009976687,0.008268645
6461,8110_right,0.98758847,0.009962821,0.008268528
6462,8111_left,0.042012088,0.9323876,0.063405365
6463,8111_right,0.0461537,0.9421805,0.053848576
6464,8113_left,0.9875903,0.009965686,0.008266128
6465,8113_right,0.98759043,0.009965145,0.008266831
6466,8114_left,0.46990675,0.49980566,0.030235302
6467,8114_right,0.9870183,0.0104508,0.008333457
6468,8115_left,0.98685896,0.010634384,0.008265909
6469,8115_right,0.9875422,0.010009255,0.008266882
6470,8116_left,0.024688983,0.039014086,0.95431226
6471,8116_right,0.024655392,0.03895268,0.95440227
6472,8121_left,0.04248854,0.9472494,0.054577768
6473,8121_right,0.9873842,0.010154406,0.0082607
6474,8122_left,0.045150403,0.9483607,0.04969622
6475,8122_right,0.9775482,0.018653095,0.008167385
6476,8123_left,0.035830304,0.6469636,0.33957225
6477,8123_right,0.11374258,0.87969327,0.033140145
6478,8126_left,0.98744375,0.010104824,0.0082581015
6479,8126_right,0.9594343,0.03449472,0.0102762915
6480,8129_left,0.987591,0.00996498,0.008266389
6481,8129_right,0.98759127,0.0099648535,0.008266386
6482,8132_left,0.9875866,0.009967164,0.008267715
6483,8132_right,0.9862932,0.011114574,0.008345097
6484,8133_left,0.024805697,0.03986399,0.9530873
6485,8133_right,0.024888258,0.04218401,0.9506961
6486,8134_left,0.059604272,0.6504304,0.3251963
6487,8134_right,0.29499698,0.7009053,0.02804524
6488,8141_left,0.9872853,0.010233947,0.008282115
6489,8141_right,0.024673017,0.039034482,0.9542318
6490,8143_left,0.02465625,0.038937617,0.9544119
6491,8143_right,0.02466275,0.038954053,0.9543838
6492,8144_left,0.41365802,0.5545357,0.01586195
6493,8144_right,0.14714903,0.8386046,0.028309312
6494,8146_left,0.042216893,0.94806325,0.05423098
6495,8146_right,0.26114556,0.753348,0.01968335
6496,8153_left,0.83757377,0.10836407,0.021953689
6497,8153_right,0.9875031,0.010016814,0.008302608
6498,8155_left,0.29404256,0.7026836,0.02907024
6499,8155_right,0.9860983,0.011353286,0.0081749745
6500,8160_left,0.16637719,0.83145857,0.02643617
6501,8160_right,0.72133464,0.25638613,0.019167207
6502,8162_left,0.9875344,0.010011727,0.008275342
6503,8162_right,0.98757344,0.0099799,0.008267633
6504,8168_left,0.02699691,0.05097827,0.93996143
6505,8168_right,0.047313426,0.78800094,0.17845692
6506,8169_left,0.9606775,0.010282044,0.02828955
6507,8169_right,0.23148793,0.11170192,0.42962515
6508,8180_left,0.049101148,0.90937996,0.07159599
6509,8180_right,0.44096532,0.51944256,0.023430461
6510,8181_left,0.024706097,0.038893443,0.9543496
6511,8181_right,0.024658885,0.038941506,0.9544024
6512,8187_left,0.9875897,0.009965723,0.008266761
6513,8187_right,0.9875882,0.009964434,0.008267879
6514,8190_left,0.045300007,0.94816947,0.05014212
6515,8190_right,0.043907978,0.9494028,0.05099057
6516,8191_left,0.09294271,0.8858706,0.051549982
6517,8191_right,0.06578687,0.9265691,0.04650592
6518,8202_left,0.022432659,0.15472984,0.8772011
6519,8202_right,0.9854703,0.011593427,0.008653201
6520,8203_left,0.98758507,0.009969822,0.008267652
6521,8203_right,0.98755217,0.009996025,0.008274994
6522,8207_left,0.042519126,0.94665104,0.05419242
6523,8207_right,0.04201157,0.94617313,0.055297375
6524,8209_left,0.027361244,0.07212347,0.92389876
6525,8209_right,0.024738198,0.043846186,0.9490088
6526,8215_left,0.98756963,0.009973311,0.008275189
6527,8215_right,0.98751265,0.009955195,0.008324194
6528,8216_left,0.03273236,0.5724859,0.3515486
6529,8216_right,0.02722522,0.12694827,0.8584833
6530,8217_left,0.024657577,0.03893875,0.95440954
6531,8217_right,0.024695598,0.038976643,0.9543189
6532,8221_left,0.043344025,0.9496251,0.051324658
6533,8221_right,0.043180943,0.9493901,0.051673148
6534,8222_left,0.049535993,0.93575734,0.054733258
6535,8222_right,0.054432184,0.8981414,0.08115199
6536,8223_left,0.98759127,0.009964849,0.008266389
6537,8223_right,0.9875908,0.009964562,0.00826669
6538,8227_left,0.9858176,0.011484382,0.008389842
6539,8227_right,0.9853827,0.011827129,0.008198175
6540,8229_left,0.046625514,0.9457718,0.050508793
6541,8229_right,0.043128546,0.9498202,0.051497225
6542,8231_left,0.98759115,0.00996491,0.008266381
6543,8231_right,0.987566,0.00998423,0.0082718525
6544,8232_left,0.03366868,0.6609976,0.31653857
6545,8232_right,0.57710844,0.24424358,0.09875102
6546,8233_left,0.94636095,0.045311328,0.008528224
6547,8233_right,0.9831361,0.014024157,0.008418238
6548,8234_left,0.98751324,0.010033577,0.00827364
6549,8234_right,0.98756534,0.009969149,0.008279456
6550,8236_left,0.07395564,0.9178453,0.041085206
6551,8236_right,0.46912727,0.5349088,0.020631425
6552,8238_left,0.06833289,0.9205541,0.04492845
6553,8238_right,0.7115928,0.21503343,0.03587713
6554,8239_left,0.9828661,0.014390037,0.00807656
6555,8239_right,0.97570705,0.020133618,0.009488106
6556,8242_left,0.96259356,0.033402007,0.008911295
6557,8242_right,0.9316278,0.05587203,0.015000277
6558,8244_left,0.985742,0.011405955,0.008400405
6559,8244_right,0.986132,0.011026787,0.008723664
6560,8245_left,0.024662543,0.038934913,0.9544036
6561,8245_right,0.04973214,0.07366044,0.85471195
6562,8246_left,0.27259165,0.6262976,0.05620778
6563,8246_right,0.36123544,0.46581754,0.06689811
6564,8247_left,0.9875146,0.0100118695,0.008295983
6565,8247_right,0.98759043,0.009965427,0.008266491
6566,8248_left,0.023150854,0.2726653,0.71462774
6567,8248_right,0.037974138,0.93643135,0.068908155
6568,8251_left,0.98759127,0.009964881,0.008266374
6569,8251_right,0.98757774,0.009971286,0.008271661
6570,8254_left,0.056504395,0.9013305,0.07615
6571,8254_right,0.044818375,0.65269464,0.29948097
6572,8259_left,0.047776714,0.9458021,0.047981296
6573,8259_right,0.08589886,0.9005941,0.04335759
6574,8262_left,0.042352337,0.9359819,0.06486541
6575,8262_right,0.04753685,0.945426,0.04928727
6576,8263_left,0.024688726,0.03940551,0.95382166
6577,8263_right,0.024772907,0.039319307,0.95389867
6578,8265_left,0.8547397,0.12145663,0.014533886
6579,8265_right,0.36713734,0.59370065,0.023523161
6580,8267_left,0.98759127,0.0099648535,0.008266386
6581,8267_right,0.98759127,0.0099648535,0.008266386
6582,8269_left,0.98576236,0.011229053,0.009202272
6583,8269_right,0.98733366,0.010191357,0.008273856
6584,8274_left,0.98456556,0.012442322,0.008775205
6585,8274_right,0.037481558,0.8897155,0.09274145
6586,8275_left,0.75581926,0.2363947,0.011346738
6587,8275_right,0.655027,0.3321272,0.014986707
6588,8280_left,0.98759127,0.0099648535,0.008266389
6589,8280_right,0.9875073,0.010043333,0.008262028
6590,8282_left,0.039383624,0.8878052,0.1135312
6591,8282_right,0.9855423,0.011738497,0.008456991
6592,8284_left,0.9875892,0.009965982,0.008266929
6593,8284_right,0.9875765,0.009963941,0.008274923
6594,8285_left,0.9875888,0.00996644,0.008266796
6595,8285_right,0.98758405,0.009968754,0.008268844
6596,8292_left,0.9640374,0.026904143,0.0139165195
6597,8292_right,0.2587389,0.68834114,0.048580587
6598,8295_left,0.98685235,0.010551913,0.008463952
6599,8295_right,0.9874094,0.010092973,0.008354973
6600,8297_left,0.04521829,0.9483816,0.049917825
6601,8297_right,0.26403093,0.755245,0.021749942
6602,8301_left,0.96797466,0.026458897,0.011265633
6603,8301_right,0.5811115,0.39872327,0.019367669
6604,8302_left,0.04368879,0.9443172,0.05505555
6605,8302_right,0.023307886,0.0959207,0.9101845
6606,8303_left,0.9875638,0.009979801,0.008274207
6607,8303_right,0.9875902,0.009965183,0.008266675
6608,8310_left,0.9875909,0.009965013,0.008266441
6609,8310_right,0.98759115,0.009964834,0.008266409
6610,8312_left,0.031942207,0.64854735,0.2837638
6611,8312_right,0.025143841,0.043997906,0.9481864
6612,8313_left,0.062632814,0.9095253,0.06528137
6613,8313_right,0.039211676,0.82896775,0.14183587
6614,8314_left,0.055845838,0.9112279,0.065368086
6615,8314_right,0.6328725,0.33685634,0.016055612
6616,8316_left,0.024495749,0.041089695,0.9521219
6617,8316_right,0.024676576,0.038929544,0.9543787
6618,8319_left,0.946018,0.044409715,0.013782162
6619,8319_right,0.9751106,0.019741599,0.011183619
6620,8320_left,0.987591,0.00996498,0.00826637
6621,8320_right,0.9875908,0.009965066,0.008266483
6622,8321_left,0.04148888,0.9341606,0.067510694
6623,8321_right,0.04309541,0.9423609,0.057638098
6624,8329_left,0.9875015,0.010031573,0.008285057
6625,8329_right,0.9875873,0.009967949,0.0082661
6626,8334_left,0.98158467,0.014139294,0.01028648
6627,8334_right,0.9875786,0.009960809,0.008274653
6628,8339_left,0.7190432,0.23421144,0.014260416
6629,8339_right,0.04617247,0.28966686,0.6842908
6630,8342_left,0.98628575,0.011221533,0.008182131
6631,8342_right,0.025107604,0.038748406,0.9536615
6632,8344_left,0.05398357,0.93840575,0.048215136
6633,8344_right,0.98759115,0.0099648675,0.0082664285
6634,8346_left,0.10987712,0.86640143,0.031667583
6635,8346_right,0.027474308,0.08244186,0.9069304
6636,8347_left,0.9678804,0.027227683,0.009239025
6637,8347_right,0.9875081,0.010039157,0.008266288
6638,8348_left,0.11003641,0.8627821,0.03970491
6639,8348_right,0.068728834,0.9131347,0.0545452
6640,8353_left,0.98758507,0.009969747,0.008267914
6641,8353_right,0.98758835,0.009966768,0.008267691
6642,8358_left,0.054352622,0.9265263,0.060739662
6643,8358_right,0.055914342,0.9359904,0.048575692
6644,8359_left,0.9867209,0.010852522,0.008039509
6645,8359_right,0.9871265,0.010425454,0.008174333
6646,8360_left,0.044956245,0.93098325,0.0616502
6647,8360_right,0.042023625,0.9417181,0.05741197
6648,8361_left,0.024735415,0.039435565,0.95374024
6649,8361_right,0.045556493,0.906118,0.07497396
6650,8363_left,0.024661765,0.038945887,0.9543934
6651,8363_right,0.024647774,0.039344016,0.9539586
6652,8368_left,0.9404912,0.022854876,0.040368006
6653,8368_right,0.98570675,0.011287259,0.009169717
6654,8375_left,0.9875908,0.009964661,0.008266729
6655,8375_right,0.98758674,0.0099655595,0.008268774
6656,8377_left,0.35422066,0.63882375,0.027643654
6657,8377_right,0.9836684,0.013496829,0.008443211
6658,8378_left,0.04345777,0.9407172,0.05744302
6659,8378_right,0.08071721,0.599548,0.30372563
6660,8386_left,0.19425118,0.78674906,0.028663753
6661,8386_right,0.045375645,0.9459379,0.0523921
6662,8387_left,0.9549394,0.020055214,0.020153454
6663,8387_right,0.9737031,0.01784419,0.01335594
6664,8388_left,0.38289356,0.6090427,0.026029453
6665,8388_right,0.041466717,0.94278395,0.058639634
6666,8390_left,0.073434465,0.91408455,0.047377706
6667,8390_right,0.060425624,0.9225509,0.057777062
6668,8393_left,0.10472443,0.88992876,0.038110483
6669,8393_right,0.1564372,0.8262093,0.046609085
6670,8395_left,0.9875265,0.010020096,0.008273241
6671,8395_right,0.9874774,0.010065759,0.008272333
6672,8397_left,0.9875892,0.009964106,0.008267652
6673,8397_right,0.98757577,0.00997794,0.008267953
6674,8402_left,0.02871422,0.38598928,0.5933339
6675,8402_right,0.04440424,0.9488276,0.050601427
6676,8403_left,0.04565676,0.94763124,0.050183333
6677,8403_right,0.08960243,0.89196044,0.045392193
6678,8407_left,0.9835715,0.012663429,0.0087724645
6679,8407_right,0.98759127,0.0099648535,0.008266386
6680,8408_left,0.04356353,0.9448385,0.054919515
6681,8408_right,0.04306385,0.9097351,0.08821528
6682,8410_left,0.98758495,0.009969921,0.008265799
6683,8410_right,0.9850891,0.012003521,0.00884478
6684,8412_left,0.8818099,0.1039331,0.0127619505
6685,8412_right,0.7188647,0.27246496,0.015276779
6686,8413_left,0.97159463,0.023088302,0.007531004
6687,8413_right,0.9875459,0.010004424,0.008269639
6688,8414_left,0.44895187,0.38473865,0.07460001
6689,8414_right,0.6724788,0.2589541,0.028183142
6690,8418_left,0.98759127,0.009964844,0.008266393
6691,8418_right,0.98759127,0.00996484,0.0082664015
6692,8419_left,0.528085,0.015205385,0.3039101
6693,8419_right,0.033039063,0.044879433,0.93542063
6694,8420_left,0.19465485,0.7481377,0.05423029
6695,8420_right,0.9601308,0.03430886,0.009275271
6696,8421_left,0.05983893,0.9308002,0.0475888
6697,8421_right,0.96674347,0.026922721,0.011324319
6698,8424_left,0.045455772,0.94457245,0.05270214
6699,8424_right,0.19758232,0.7008731,0.103043996
6700,8425_left,0.026561538,0.06657968,0.9236595
6701,8425_right,0.024657281,0.038995653,0.95436513
6702,8426_left,0.057629652,0.9344547,0.04950549
6703,8426_right,0.12655324,0.85410565,0.052989837
6704,8430_left,0.106254876,0.8772302,0.05221953
6705,8430_right,0.35842472,0.6449252,0.02397078
6706,8433_left,0.035953462,0.63476145,0.27020285
6707,8433_right,0.030070672,0.27198175,0.6678271
6708,8434_left,0.024654953,0.038937725,0.9544151
6709,8434_right,0.9875299,0.010010574,0.008282068
6710,8439_left,0.026790434,0.06263658,0.92670494
6711,8439_right,0.11629627,0.6158337,0.11495865
6712,8447_left,0.024869166,0.04103112,0.95196706
6713,8447_right,0.98754233,0.009961693,0.008300881
6714,8449_left,0.98751384,0.010024326,0.008285511
6715,8449_right,0.9793311,0.015231547,0.0114817945
6716,8451_left,0.987591,0.009964863,0.008266468
6717,8451_right,0.93500274,0.05234347,0.01628253
6718,8452_left,0.03551625,0.9000651,0.09136425
6719,8452_right,0.08042748,0.9059221,0.048195142
6720,8453_left,0.03179183,0.41226336,0.5622948
6721,8453_right,0.051184673,0.93422323,0.05812037
6722,8455_left,0.987316,0.010203809,0.008292465
6723,8455_right,0.9872643,0.010285612,0.008159289
6724,8456_left,0.98747534,0.010070084,0.00826587
6725,8456_right,0.98757833,0.009973734,0.008273307
6726,8462_left,0.024661604,0.03922389,0.954084
6727,8462_right,0.025278106,0.04574267,0.9480444
6728,8466_left,0.95344365,0.041129574,0.008993895
6729,8466_right,0.50058687,0.5172657,0.015176351
6730,8469_left,0.98759043,0.009965521,0.008266507
6731,8469_right,0.98759115,0.009964849,0.008266487
6732,8470_left,0.02469484,0.039044213,0.95425093
6733,8470_right,0.030945566,0.86573476,0.1597681
6734,8471_left,0.054689113,0.9357038,0.049147587
6735,8471_right,0.036896612,0.75376874,0.18816328
6736,8473_left,0.06260429,0.9253877,0.047871117
6737,8473_right,0.024896957,0.04097524,0.9523503
6738,8477_left,0.02375361,0.101768784,0.8887569
6739,8477_right,0.04683602,0.9399983,0.056385495
6740,8479_left,0.98688847,0.010430666,0.0086782295
6741,8479_right,0.98759115,0.009964938,0.008266386
6742,8482_left,0.042387623,0.85158205,0.13905099
6743,8482_right,0.040526126,0.6456507,0.33159244
6744,8484_left,0.0452691,0.92997164,0.062988564
6745,8484_right,0.051958013,0.92624515,0.059333056
6746,8486_left,0.98759043,0.009965484,0.008266577
6747,8486_right,0.98758113,0.009973584,0.00826624
6748,8487_left,0.056851204,0.9170457,0.0599318
6749,8487_right,0.98759127,0.009964863,0.008266389
6750,8490_left,0.04255565,0.9486077,0.05254014
6751,8490_right,0.38111243,0.5924411,0.017259948
6752,8492_left,0.03646613,0.5314976,0.46277308
6753,8492_right,0.637137,0.39548415,0.008419651
6754,8493_left,0.02512537,0.0385173,0.95382494
6755,8493_right,0.9875908,0.009965028,0.0082666045
6756,8494_left,0.85842526,0.12201701,0.0061219395
6757,8494_right,0.98759127,0.0099648535,0.008266386
6758,8495_left,0.94458276,0.044835325,0.01305471
6759,8495_right,0.44397962,0.41950843,0.06819824
6760,8496_left,0.9873002,0.010210326,0.008311411
6761,8496_right,0.98759127,0.0099648535,0.008266386
6762,8498_left,0.02904137,0.04536499,0.94288296
6763,8498_right,0.45446005,0.5310402,0.028538454
6764,8499_left,0.1041377,0.88275194,0.0406579
6765,8499_right,0.98759127,0.0099648675,0.008266381
6766,8500_left,0.9875908,0.009965183,0.008266405
6767,8500_right,0.9875909,0.009965004,0.008266432
6768,8503_left,0.9875897,0.009965884,0.008266581
6769,8503_right,0.987591,0.009965066,0.0082663
6770,8504_left,0.025104525,0.038952965,0.9529424
6771,8504_right,0.78945655,0.022105727,0.09364631
6772,8507_left,0.027941562,0.25687823,0.75305134
6773,8507_right,0.025369603,0.04441805,0.94804215
6774,8511_left,0.98759115,0.00996492,0.008266389
6775,8511_right,0.9875901,0.009965874,0.008266092
6776,8513_left,0.04105315,0.94555366,0.05777958
6777,8513_right,0.5678854,0.43999982,0.016878976
6778,8514_left,0.025767824,0.039177217,0.95240986
6779,8514_right,0.97726804,0.016630715,0.013697206
6780,8515_left,0.03838182,0.92562735,0.07218513
6781,8515_right,0.032279216,0.24056281,0.7221231
6782,8517_left,0.056578364,0.9363508,0.046901837
6783,8517_right,0.9618072,0.031846974,0.007339484
6784,8519_left,0.4053323,0.2299017,0.20154656
6785,8519_right,0.98751396,0.009914522,0.0083243
6786,8522_left,0.9560734,0.03438257,0.012850264
6787,8522_right,0.043904524,0.89682,0.08943019
6788,8526_left,0.024696082,0.039267357,0.95390713
6789,8526_right,0.02341471,0.5699096,0.5035438
6790,8527_left,0.02541229,0.03870613,0.9530674
6791,8527_right,0.033438824,0.24601991,0.7523226
6792,8531_left,0.97740597,0.020515228,0.0062743784
6793,8531_right,0.9875507,0.010001411,0.008266147
6794,8532_left,0.025026217,0.04101538,0.95205534
6795,8532_right,0.025918419,0.059152197,0.93767923
6796,8533_left,0.042276416,0.9391351,0.058613215
6797,8533_right,0.03994686,0.8414826,0.14570253
6798,8538_left,0.045387987,0.9199774,0.07340893
6799,8538_right,0.044922743,0.8715713,0.09537657
6800,8539_left,0.0491801,0.84561986,0.11194084
6801,8539_right,0.04631938,0.9440544,0.051963262
6802,8540_left,0.045368873,0.94750804,0.050635703
6803,8540_right,0.043709133,0.9410055,0.057675455
6804,8541_left,0.9288511,0.052517023,0.008878569
6805,8541_right,0.9780488,0.017015846,0.010546428
6806,8543_left,0.058109432,0.9324248,0.049235974
6807,8543_right,0.9689689,0.024098828,0.011994951
6808,8551_left,0.025279691,0.04262067,0.9496631
6809,8551_right,0.8430695,0.13120988,0.013681728
6810,8553_left,0.049972445,0.13447784,0.83566207
6811,8553_right,0.98728395,0.010172721,0.00842122
6812,8554_left,0.046976306,0.94543624,0.050425645
6813,8554_right,0.5044512,0.51644343,0.012071168
6814,8555_left,0.48277107,0.460404,0.021006709
6815,8555_right,0.07807868,0.85577726,0.07640876
6816,8556_left,0.9772989,0.0153883435,0.013125391
6817,8556_right,0.024567174,0.0484149,0.9461868
6818,8558_left,0.024923144,0.097350016,0.8909283
6819,8558_right,0.025159992,0.04859016,0.943456
6820,8561_left,0.97387344,0.019617489,0.013127107
6821,8561_right,0.9566626,0.011678658,0.024318624
6822,8562_left,0.063626744,0.91548735,0.0561277
6823,8562_right,0.038487677,0.4831322,0.5046309
6824,8565_left,0.043249432,0.9419304,0.056441005
6825,8565_right,0.04336487,0.94960475,0.051318273
6826,8569_left,0.02465579,0.038937725,0.95441353
6827,8569_right,0.025330806,0.0505325,0.9438958
6828,8576_left,0.043235604,0.9171909,0.079062015
6829,8576_right,0.04138816,0.9197869,0.07998414
6830,8578_left,0.024667993,0.038952786,0.9543634
6831,8578_right,0.040498678,0.73812664,0.1908341
6832,8581_left,0.23513459,0.47821668,0.12449286
6833,8581_right,0.9870477,0.010115246,0.008658009
6834,8583_left,0.02465455,0.038943585,0.9544098
6835,8583_right,0.02709882,0.11803891,0.868579
6836,8585_left,0.033620317,0.91704834,0.0967045
6837,8585_right,0.05126329,0.9389738,0.050537504
6838,8586_left,0.047696102,0.9431742,0.05268907
6839,8586_right,0.98699594,0.0104388585,0.008335235
6840,8588_left,0.024878655,0.0399028,0.9531077
6841,8588_right,0.045249816,0.9382819,0.058491908
6842,8589_left,0.07536502,0.9138903,0.043511167
6843,8589_right,0.7172255,0.23950227,0.02030494
6844,8593_left,0.9866067,0.01083157,0.008316652
6845,8593_right,0.98750764,0.010045154,0.008254838
6846,8594_left,0.71310806,0.19284035,0.03895657
6847,8594_right,0.12661716,0.15257186,0.7024716
6848,8596_left,0.02479783,0.051320303,0.9406798
6849,8596_right,0.9875881,0.0099625625,0.008268755
6850,8598_left,0.98759115,0.00996483,0.00826642
6851,8598_right,0.98759127,0.009964844,0.008266397
6852,8605_left,0.09470891,0.8868548,0.043172054
6853,8605_right,0.8898033,0.09122208,0.0150130065
6854,8610_left,0.9868929,0.010516803,0.008466849
6855,8610_right,0.9666312,0.026755992,0.01316397
6856,8614_left,0.92447954,0.06132811,0.014039488
6857,8614_right,0.9593868,0.034250185,0.010573721
6858,8616_left,0.08907905,0.90181595,0.04310488
6859,8616_right,0.0283496,0.041519355,0.9412279
6860,8619_left,0.024607593,0.04450293,0.94829094
6861,8619_right,0.024827283,0.04141511,0.95154786
6862,8620_left,0.9875902,0.009964294,0.008267144
6863,8620_right,0.97478104,0.021208372,0.009437203
6864,8621_left,0.9874845,0.01005475,0.008274391
6865,8621_right,0.064407796,0.9263738,0.043141477
6866,8623_left,0.91308624,0.07404003,0.01441607
6867,8623_right,0.8317036,0.1449531,0.023302251
6868,8627_left,0.9875909,0.009965136,0.008266397
6869,8627_right,0.98759127,0.009964877,0.008266386
6870,8631_left,0.035986457,0.72632414,0.21684529
6871,8631_right,0.045210086,0.948315,0.04996973
6872,8632_left,0.9821385,0.014151122,0.009552458
6873,8632_right,0.9875871,0.009968415,0.008266448
6874,8637_left,0.9721423,0.023202311,0.010120862
6875,8637_right,0.0239904,0.58711076,0.4306087
6876,8638_left,0.15060353,0.819082,0.040807232
6877,8638_right,0.18414588,0.79160833,0.034041513
6878,8640_left,0.98759127,0.0099648535,0.008266386
6879,8640_right,0.98759127,0.009964849,0.008266389
6880,8642_left,0.9874598,0.010081651,0.008273057
6881,8642_right,0.9875903,0.009965084,0.00826703
6882,8643_left,0.98754126,0.010001019,0.008278791
6883,8643_right,0.9875661,0.009987219,0.008267112
6884,8644_left,0.052506216,0.935959,0.05153399
6885,8644_right,0.064521074,0.9239428,0.04932704
6886,8645_left,0.80860883,0.12070565,0.04048269
6887,8645_right,0.33331072,0.104797296,0.4209856
6888,8646_left,0.9846922,0.011513374,0.00896017
6889,8646_right,0.9875567,0.009987492,0.008282903
6890,8649_left,0.04387433,0.9499587,0.050459355
6891,8649_right,0.043322757,0.950521,0.050778426
6892,8650_left,0.026994405,0.1044143,0.88346815
6893,8650_right,0.024834614,0.039656397,0.95342565
6894,8651_left,0.98759127,0.009964834,0.008266405
6895,8651_right,0.98759127,0.0099648535,0.008266386
6896,8652_left,0.043280166,0.94894195,0.05185449
6897,8652_right,0.04335026,0.9488382,0.051951893
6898,8653_left,0.9717167,0.023504538,0.009846681
6899,8653_right,0.14254321,0.8376642,0.031473715
6900,8654_left,0.1795706,0.8254519,0.036291733
6901,8654_right,0.84241885,0.07190044,0.034313157
6902,8655_left,0.044199657,0.9400999,0.057625096
6903,8655_right,0.03025229,0.79703957,0.22432198
6904,8657_left,0.9720159,0.020724354,0.01322709
6905,8657_right,0.8125153,0.041727334,0.07253069
6906,8660_left,0.9810509,0.015672693,0.00882722
6907,8660_right,0.98221266,0.014812091,0.008525544
6908,8662_left,0.027893882,0.07924429,0.9076346
6909,8662_right,0.04913492,0.9429862,0.05073549
6910,8663_left,0.024743294,0.038870472,0.9542736
6911,8663_right,0.02042231,0.3358328,0.65527827
6912,8664_left,0.9870227,0.010289967,0.008609144
6913,8664_right,0.9875801,0.009964167,0.008273835
6914,8666_left,0.024777297,0.0394388,0.9537999
6915,8666_right,0.025552042,0.045596056,0.94633096
6916,8669_left,0.026626764,0.07915752,0.90899426
6917,8669_right,0.024683554,0.03931568,0.95407563
6918,8673_left,0.04100533,0.76023513,0.18512739
6919,8673_right,0.026357299,0.17654932,0.805904
6920,8675_left,0.08236841,0.81837434,0.066793
6921,8675_right,0.98759127,0.009964858,0.0082664015
6922,8677_left,0.024725327,0.038982928,0.95421326
6923,8677_right,0.024728537,0.039424684,0.9538272
6924,8678_left,0.9275149,0.05553577,0.01026198
6925,8678_right,0.98728335,0.010238053,0.008283631
6926,8679_left,0.9841159,0.013180494,0.008250104
6927,8679_right,0.98648965,0.010695367,0.0087330295
6928,8681_left,0.02465619,0.038937386,0.95441204
6929,8681_right,0.024656454,0.038935825,0.95441324
6930,8682_left,0.055867214,0.9353649,0.047463715
6931,8682_right,0.96204275,0.032716475,0.008280415
6932,8683_left,0.7557775,0.118583255,0.059561547
6933,8683_right,0.044518687,0.93667954,0.05915991
6934,8695_left,0.9722581,0.022115774,0.011557556
6935,8695_right,0.98757,0.009983646,0.008266659
6936,8698_left,0.031931914,0.36446854,0.5989117
6937,8698_right,0.038360193,0.88316625,0.095440894
6938,8699_left,0.035409402,0.7161359,0.27442855
6939,8699_right,0.041317143,0.90601575,0.08444385
6940,8706_left,0.03846353,0.9081201,0.092702135
6941,8706_right,0.040510304,0.80086327,0.16584283
6942,8709_left,0.8270812,0.1401623,0.01564221
6943,8709_right,0.08957801,0.2414223,0.5294624
6944,8711_left,0.051988415,0.9415362,0.045349337
6945,8711_right,0.07632757,0.9140002,0.039649095
6946,8716_left,0.06525676,0.9238867,0.04827804
6947,8716_right,0.23380522,0.7454761,0.042126384
6948,8723_left,0.04409608,0.886321,0.08957119
6949,8723_right,0.02451019,0.11846191,0.86909026
6950,8726_left,0.98759127,0.00996484,0.0082664015
6951,8726_right,0.98759115,0.009964798,0.008266448
6952,8740_left,0.024658289,0.03895539,0.9543914
6953,8740_right,0.023767928,0.044939626,0.95023954
6954,8742_left,0.30045825,0.1901459,0.32774466
6955,8742_right,0.025725914,0.03794765,0.95302075
6956,8743_left,0.044638127,0.9402082,0.05651065
6957,8743_right,0.024680065,0.039190948,0.9540984
6958,8744_left,0.024389507,0.04227793,0.9510001
6959,8744_right,0.024665147,0.038930587,0.9544007
6960,8749_left,0.024704468,0.0389535,0.95430976
6961,8749_right,0.032260086,0.1809128,0.77916926
6962,8752_left,0.077362545,0.9240509,0.03883377
6963,8752_right,0.046389196,0.9472767,0.049423836
6964,8753_left,0.1447241,0.39093325,0.29199454
6965,8753_right,0.024662256,0.038975175,0.954361
6966,8754_left,0.027402109,0.5725883,0.37866884
6967,8754_right,0.04119886,0.8060596,0.13135146
6968,8755_left,0.9873908,0.010181453,0.008160991
6969,8755_right,0.9874193,0.010141271,0.0081981085
6970,8759_left,0.044057574,0.9491039,0.051098734
6971,8759_right,0.062903844,0.9262873,0.043368567
6972,8760_left,0.9875907,0.009965347,0.008266265
6973,8760_right,0.8205483,0.16481656,0.009906479
6974,8762_left,0.024656557,0.038975302,0.9543745
6975,8762_right,0.025699705,0.5308429,0.5071305
6976,8767_left,0.04993272,0.9244459,0.06129738
6977,8767_right,0.04857032,0.9362407,0.055189464
6978,8768_left,0.8306407,0.1369304,0.014622671
6979,8768_right,0.98759127,0.00996484,0.008266397
6980,8769_left,0.042870242,0.9492862,0.052005254
6981,8769_right,0.03931167,0.84912187,0.11252808
6982,8770_left,0.04329377,0.94910634,0.052017767
6983,8770_right,0.20964459,0.7790464,0.04132111
6984,8771_left,0.05255825,0.9382097,0.053564675
6985,8771_right,0.9766669,0.020059131,0.007896201
6986,8776_left,0.79962087,0.10981944,0.086230665
6987,8776_right,0.936961,0.04866272,0.01886334
6988,8778_left,0.98758626,0.009968245,0.008267976
6989,8778_right,0.98759115,0.0099649,0.008266425
6990,8779_left,0.98759127,0.0099648535,0.008266386
6991,8779_right,0.9875902,0.009964533,0.008267019
6992,8781_left,0.13231568,0.7962455,0.07333214
6993,8781_right,0.044403158,0.8847829,0.0964122
6994,8782_left,0.9868341,0.010526588,0.008511239
6995,8782_right,0.425522,0.54926383,0.020690415
6996,8783_left,0.029324364,0.4484162,0.46687424
6997,8783_right,0.058198176,0.9368668,0.046947386
6998,8784_left,0.04335413,0.94823635,0.052204687
6999,8784_right,0.9874269,0.010130053,0.008211794
7000,8786_left,0.98759127,0.009964858,0.008266389
7001,8786_right,0.9875909,0.009964708,0.008266597
7002,8788_left,0.98759127,0.009964849,0.008266386
7003,8788_right,0.98759127,0.009964858,0.008266389
7004,8789_left,0.024669712,0.039767437,0.9534867
7005,8789_right,0.024858056,0.040131155,0.9528524
7006,8790_left,0.059022844,0.8592267,0.086663276
7007,8790_right,0.67057663,0.25096473,0.033585697
7008,8793_left,0.06677869,0.92082226,0.050352883
7009,8793_right,0.091338724,0.89532435,0.04409649
7010,8794_left,0.04082914,0.87025696,0.09978911
7011,8794_right,0.2027392,0.78793216,0.025988515
7012,8795_left,0.29866618,0.57398283,0.043654177
7013,8795_right,0.13040966,0.8508928,0.030109929
7014,8797_left,0.024707362,0.03981219,0.95339143
7015,8797_right,0.024773162,0.039646663,0.9535632
7016,8798_left,0.04308057,0.948624,0.052256852
7017,8798_right,0.047031265,0.9452252,0.050450288
7018,8799_left,0.024676392,0.038991854,0.9543381
7019,8799_right,0.024490941,0.040558957,0.95328915
7020,8804_left,0.05577989,0.92877835,0.05367218
7021,8804_right,0.4727626,0.47662774,0.023999557
7022,8806_left,0.024725363,0.03905311,0.9541983
7023,8806_right,0.024565361,0.041770026,0.95127517
7024,8807_left,0.0543765,0.5331713,0.44037476
7025,8807_right,0.052603386,0.7841884,0.18062739
7026,8810_left,0.9874724,0.010094674,0.008200299
7027,8810_right,0.9875864,0.009970335,0.0082635125
7028,8812_left,0.98754823,0.009994294,0.008281077
7029,8812_right,0.9875772,0.009967676,0.008273879
7030,8814_left,0.09156245,0.5551656,0.24045667
7031,8814_right,0.384477,0.3256013,0.10567552
7032,8816_left,0.024679203,0.039931994,0.95349014
7033,8816_right,0.024913615,0.04611828,0.946923
7034,8817_left,0.048165783,0.9438064,0.050602455
7035,8817_right,0.045237623,0.94522,0.05278898
7036,8818_left,0.024856275,0.03917993,0.9537244
7037,8818_right,0.9867051,0.0105505735,0.0086176945
7038,8822_left,0.9875866,0.009967106,0.008268313
7039,8822_right,0.9869457,0.0104903085,0.008286033
7040,8825_left,0.021492425,0.12017902,0.9102491
7041,8825_right,0.03168242,0.15144457,0.8242112
7042,8827_left,0.04467232,0.9489714,0.050237995
7043,8827_right,0.9524781,0.045575716,0.007928593
7044,8830_left,0.049902424,0.93827194,0.052972253
7045,8830_right,0.04681035,0.9219125,0.06753827
7046,8831_left,0.88122463,0.07917736,0.013028519
7047,8831_right,0.9300045,0.05294074,0.011505318
7048,8834_left,0.24926688,0.7218137,0.028254718
7049,8834_right,0.97665364,0.019345345,0.009597543
7050,8835_left,0.15803827,0.81706333,0.037593726
7051,8835_right,0.055275183,0.9367992,0.046964116
7052,8837_left,0.98758554,0.009969295,0.0082670385
7053,8837_right,0.9582366,0.03462224,0.012053291
7054,8839_left,0.9868745,0.010502229,0.008455085
7055,8839_right,0.98747545,0.010065161,0.008268458
7056,8842_left,0.9875896,0.009964374,0.008267425
7057,8842_right,0.987591,0.00996484,0.008266475
7058,8843_left,0.057507142,0.8634633,0.07350771
7059,8843_right,0.987586,0.009968923,0.008267046
7060,8845_left,0.97362345,0.021759672,0.0098877
7061,8845_right,0.9848199,0.0122762695,0.008745343
7062,8851_left,0.024658628,0.038933888,0.9544081
7063,8851_right,0.027064357,0.179728,0.80324376
7064,8852_left,0.029846087,0.1767766,0.808073
7065,8852_right,0.7481253,0.23152377,0.013059299
7066,8858_left,0.043195326,0.94488704,0.055291343
7067,8858_right,0.045710053,0.93270886,0.06428241
7068,8860_left,0.04536373,0.9454134,0.052541442
7069,8860_right,0.987558,0.0099743,0.008280955
7070,8864_left,0.9875371,0.010015433,0.008262391
7071,8864_right,0.020006672,0.23968793,0.7826044
7072,8866_left,0.19216375,0.75007313,0.052051257
7073,8866_right,0.118740626,0.851324,0.04953139
7074,8873_left,0.049066737,0.9419159,0.051092517
7075,8873_right,0.9861193,0.011244593,0.008029218
7076,8874_left,0.024646733,0.040156305,0.9528586
7077,8874_right,0.9794606,0.016753955,0.009545171
7078,8876_left,0.024848979,0.039237894,0.9538395
7079,8876_right,0.04277009,0.94676715,0.0545771
7080,8877_left,0.02974944,0.8621432,0.15751491
7081,8877_right,0.0233766,0.15350801,0.85735387
7082,8878_left,0.9771064,0.015737886,0.010694227
7083,8878_right,0.9875897,0.00996572,0.008266772
7084,8879_left,0.041518886,0.9425289,0.05729696
7085,8879_right,0.04487859,0.9458659,0.05250986
7086,8881_left,0.28788465,0.68555695,0.021729304
7087,8881_right,0.029001435,0.05552374,0.93475634
7088,8882_left,0.02841557,0.59548235,0.41004232
7089,8882_right,0.024677482,0.038980037,0.95432603
7090,8883_left,0.024186207,0.047350567,0.9452839
7091,8883_right,0.79579854,0.1797217,0.01866248
7092,8884_left,0.98757553,0.009977633,0.008268465
7093,8884_right,0.9875852,0.009970279,0.00826497
7094,8885_left,0.98757035,0.009981082,0.008268938
7095,8885_right,0.95962524,0.019950556,0.026370933
7096,8888_left,0.20907885,0.76801777,0.02550322
7097,8888_right,0.86146116,0.12358404,0.014105753
7098,8889_left,0.06527799,0.93320215,0.039392833
7099,8889_right,0.08985534,0.9066139,0.037852965
7100,8893_left,0.98574466,0.009116462,0.009991322
7101,8893_right,0.9875617,0.009950746,0.008292516
7102,8895_left,0.03950106,0.7007267,0.21575092
7103,8895_right,0.024707856,0.03903947,0.9541271
7104,8896_left,0.29815453,0.57065016,0.09106795
7105,8896_right,0.9873125,0.010205157,0.0082615
7106,8897_left,0.040590502,0.78204507,0.1481893
7107,8897_right,0.032182913,0.5727178,0.38068062
7108,8899_left,0.9824547,0.013904883,0.0098689515
7109,8899_right,0.27743518,0.04141142,0.6128144
7110,8900_left,0.022987135,0.08239054,0.9116522
7111,8900_right,0.027162137,0.4377179,0.5135244
7112,8906_left,0.04341248,0.9504402,0.050778426
7113,8906_right,0.104682766,0.8922644,0.031183437
7114,8907_left,0.04842586,0.93901944,0.05666583
7115,8907_right,0.061933637,0.9318636,0.04704142
7116,8912_left,0.043287035,0.9485705,0.052373968
7117,8912_right,0.024652796,0.03896598,0.954385
7118,8914_left,0.44396943,0.5121937,0.033372384
7119,8914_right,0.97893274,0.017485637,0.00905088
7120,8915_left,0.04133439,0.938669,0.063257486
7121,8915_right,0.03586956,0.88672787,0.12014374
7122,8919_left,0.98757833,0.009975519,0.008266327
7123,8919_right,0.78048575,0.21218769,0.012996192
7124,8927_left,0.026627166,0.048148397,0.94314355
7125,8927_right,0.043195825,0.9501632,0.0512159
7126,8928_left,0.9874927,0.010057457,0.008261996
7127,8928_right,0.024684438,0.038911927,0.9543745
7128,8935_left,0.04273304,0.8651664,0.11686988
7129,8935_right,0.023053851,0.057131644,0.94265175
7130,8936_left,0.98759127,0.009964849,0.008266386
7131,8936_right,0.98758334,0.00996158,0.008273291
7132,8939_left,0.0456072,0.94777495,0.050017014
7133,8939_right,0.02741978,0.23486407,0.7444671
7134,8940_left,0.75747645,0.1818506,0.048463956
7135,8940_right,0.05846398,0.7960836,0.14704697
7136,8945_left,0.29876468,0.67363626,0.026367702
7137,8945_right,0.5588624,0.36208773,0.023709683
7138,8949_left,0.02590978,0.056596387,0.93597925
7139,8949_right,0.98726475,0.010262822,0.008247085
7140,8950_left,0.07656151,0.9179668,0.044550627
7141,8950_right,0.08640147,0.8972209,0.044016823
7142,8951_left,0.024664002,0.03904704,0.95430213
7143,8951_right,0.9868666,0.01059139,0.008339334
7144,8954_left,0.050176147,0.94271594,0.04838986
7145,8954_right,0.16293798,0.8081737,0.036188826
7146,8956_left,0.86100554,0.1141415,0.017717268
7147,8956_right,0.66131055,0.09702542,0.21727026
7148,8958_left,0.04041936,0.9378078,0.0635985
7149,8958_right,0.03100626,0.7898344,0.19656616
7150,8959_left,0.98524076,0.009683761,0.010113289
7151,8959_right,0.9640344,0.026507167,0.013402576
7152,8962_left,0.0246675,0.039007824,0.95432156
7153,8962_right,0.02580334,0.10740488,0.8816223
7154,8964_left,0.026416002,0.07918657,0.91118175
7155,8964_right,0.046116214,0.91966313,0.069421075
7156,8965_left,0.027608722,0.59469855,0.4401176
7157,8965_right,0.9875852,0.009960757,0.008270937
7158,8966_left,0.04371733,0.9495122,0.051069606
7159,8966_right,0.044743825,0.9488367,0.050299555
7160,8967_left,0.46475086,0.52218,0.03167621
7161,8967_right,0.10497676,0.88718903,0.04045097
7162,8968_left,0.19910295,0.7812005,0.036381114
7163,8968_right,0.04525407,0.94571006,0.052853893
7164,8971_left,0.024776347,0.040216718,0.9532909
7165,8971_right,0.024700912,0.04844575,0.94475615
7166,8974_left,0.113583356,0.8756845,0.03787305
7167,8974_right,0.024150738,0.049681615,0.94339085
7168,8975_left,0.987587,0.009968626,0.008266483
7169,8975_right,0.98759043,0.009965375,0.008266491
7170,8977_left,0.98356956,0.008753345,0.011319729
7171,8977_right,0.024270045,0.042185746,0.9512533
7172,8981_left,0.98759115,0.009964905,0.008266409
7173,8981_right,0.987591,0.0099649,0.008266498
7174,8988_left,0.022923384,0.056104172,0.937384
7175,8988_right,0.024537498,0.047519647,0.9460506
7176,8993_left,0.043362483,0.9504974,0.050738104
7177,8993_right,0.044242118,0.9470947,0.052582096
7178,8995_left,0.9756183,0.019793058,0.00797122
7179,8995_right,0.9829857,0.013516079,0.008224274
7180,8999_left,0.066744424,0.92490387,0.043298177
7181,8999_right,0.045212585,0.94571334,0.053257875
7182,9000_left,0.024907887,0.15925491,0.82824683
7183,9000_right,0.04728347,0.94430715,0.051265784
7184,9001_left,0.04293805,0.94179285,0.05669921
7185,9001_right,0.06846125,0.9250343,0.047893766
7186,9003_left,0.027755082,0.104382,0.9033653
7187,9003_right,0.024659801,0.038953394,0.95438784
7188,9005_left,0.9692179,0.02894965,0.0063151037
7189,9005_right,0.4066048,0.46580097,0.052883387
7190,9008_left,0.9872199,0.010273915,0.008333504
7191,9008_right,0.987591,0.009964792,0.008266542
7192,9010_left,0.98759127,0.0099648535,0.008266389
7193,9010_right,0.9874001,0.010139922,0.008266612
7194,9011_left,0.042359654,0.8862997,0.08964992
7195,9011_right,0.114244625,0.86737406,0.037804093
7196,9015_left,0.9823132,0.01624867,0.0060696322
7197,9015_right,0.98056704,0.01844447,0.005623718
7198,9016_left,0.9389121,0.058627162,0.0074089556
7199,9016_right,0.98748744,0.01004882,0.008283169
7200,9017_left,0.042197615,0.92750436,0.06644577
7201,9017_right,0.12000916,0.8830401,0.028605316
7202,9020_left,0.0502155,0.942836,0.048849426
7203,9020_right,0.045677073,0.94417644,0.0532712
7204,9024_left,0.8182757,0.177672,0.013108866
7205,9024_right,0.90957004,0.07558464,0.013661724
7206,9025_left,0.047337554,0.94618857,0.049462426
7207,9025_right,0.039639346,0.9314259,0.07042383
7208,9033_left,0.9875908,0.009965305,0.008266123
7209,9033_right,0.98651403,0.009806538,0.008933754
7210,9036_left,0.97762614,0.01835061,0.009540006
7211,9036_right,0.98759127,0.0099648535,0.008266386
7212,9040_left,0.02634954,0.04272795,0.9492194
7213,9040_right,0.98751324,0.010011444,0.008294516
7214,9042_left,0.9870111,0.010410662,0.008453705
7215,9042_right,0.987565,0.009988732,0.008266026
7216,9049_left,0.04523412,0.94733405,0.050517444
7217,9049_right,0.08540624,0.8915089,0.042965826
7218,9051_left,0.9736007,0.01947627,0.010933439
7219,9051_right,0.98759115,0.009964895,0.00826637
7220,9063_left,0.9871974,0.010314173,0.008280356
7221,9063_right,0.9869529,0.010546583,0.008262747
7222,9066_left,0.42517424,0.5411533,0.022696393
7223,9066_right,0.98483557,0.011989279,0.008552684
7224,9068_left,0.98759115,0.009964811,0.008266452
7225,9068_right,0.029285608,0.08637191,0.9025348
7226,9069_left,0.024710959,0.03910876,0.9541535
7227,9069_right,0.024763284,0.04144066,0.9516461
7228,9074_left,0.93034726,0.058575783,0.011136277
7229,9074_right,0.98455334,0.01267549,0.008403535
7230,9080_left,0.9875908,0.009965136,0.00826642
7231,9080_right,0.9875896,0.009965752,0.008266761
7232,9082_left,0.041431498,0.8631241,0.13169508
7233,9082_right,0.049448237,0.9429532,0.050657254
7234,9083_left,0.98759115,0.009964834,0.008266409
7235,9083_right,0.98758686,0.00996483,0.008268551
7236,9088_left,0.04521135,0.9051321,0.07739438
7237,9088_right,0.17462364,0.78494006,0.055657573
7238,9092_left,0.9875909,0.00996507,0.008266534
7239,9092_right,0.98754907,0.009992944,0.008291324
7240,9096_left,0.98758453,0.009969765,0.008267695
7241,9096_right,0.9861032,0.011133047,0.008606092
7242,9098_left,0.044707958,0.94476604,0.053523548
7243,9098_right,0.042587142,0.9435294,0.057621986
7244,9099_left,0.045638792,0.9438816,0.05464702
7245,9099_right,0.5147254,0.45328695,0.028531395
7246,9100_left,0.07292556,0.91104865,0.049953047
7247,9100_right,0.98462033,0.012405504,0.008897926
7248,9101_left,0.987591,0.009965004,0.008266393
7249,9101_right,0.9874449,0.010078748,0.008302871
7250,9103_left,0.041306425,0.8888336,0.09106392
7251,9103_right,0.02811695,0.26335138,0.7059763
7252,9106_left,0.025672259,0.07737257,0.9173478
7253,9106_right,0.047250852,0.8795073,0.100459434
7254,9107_left,0.98001945,0.016623996,0.008638333
7255,9107_right,0.985892,0.011333548,0.008601041
7256,9115_left,0.030267091,0.17546245,0.81666934
7257,9115_right,0.049579587,0.6912163,0.23473756
7258,9116_left,0.024658142,0.038934708,0.95441127
7259,9116_right,0.024656832,0.03893554,0.954413
7260,9119_left,0.06874767,0.7697543,0.13602236
7261,9119_right,0.47954556,0.2718313,0.06304572
7262,9120_left,0.51853836,0.43090576,0.036091108
7263,9120_right,0.8153548,0.17006634,0.013245651
7264,9122_left,0.93675673,0.052224837,0.014291938
7265,9122_right,0.025035826,0.044289425,0.94899565
7266,9123_left,0.03442908,0.9201452,0.08526286
7267,9123_right,0.03473858,0.82589036,0.19229886
7268,9126_left,0.90565246,0.07811138,0.015269422
7269,9126_right,0.96049124,0.03367268,0.010698788
7270,9131_left,0.036748454,0.7996047,0.20006323
7271,9131_right,0.038708977,0.93633,0.06630912
7272,9133_left,0.024662279,0.038966447,0.95437145
7273,9133_right,0.05168654,0.94027776,0.048220586
7274,9134_left,0.035161886,0.648931,0.340716
7275,9134_right,0.024825001,0.040877916,0.9523492
7276,9135_left,0.048686452,0.9422151,0.051765732
7277,9135_right,0.050639626,0.94045526,0.050742332
7278,9144_left,0.6794682,0.29978374,0.010297594
7279,9144_right,0.9730747,0.022637112,0.007297629
7280,9145_left,0.04742762,0.9455981,0.04951774
7281,9145_right,0.05662863,0.9364386,0.04489121
7282,9147_left,0.8649465,0.09683817,0.038781144
7283,9147_right,0.025405115,0.038137656,0.9529853
7284,9148_left,0.9875909,0.009964957,0.008266503
7285,9148_right,0.9875908,0.009964708,0.008266624
7286,9151_left,0.024894184,0.12458432,0.8722902
7287,9151_right,0.03812439,0.8939321,0.09873779
7288,9154_left,0.98693824,0.010517905,0.008352646
7289,9154_right,0.98736084,0.010137874,0.008353329
7290,9156_left,0.02468483,0.039335024,0.95394653
7291,9156_right,0.024657538,0.038944952,0.95440596
7292,9157_left,0.035773434,0.91869813,0.0889821
7293,9157_right,0.6264331,0.33655694,0.01670439
7294,9159_left,0.04067081,0.9405807,0.06055773
7295,9159_right,0.024671469,0.038975857,0.9543481
7296,9163_left,0.044076588,0.9492613,0.05085154
7297,9163_right,0.05079622,0.91750693,0.06285131
7298,9166_left,0.9852583,0.012159312,0.00772896
7299,9166_right,0.987591,0.009965046,0.008266381
7300,9167_left,0.987591,0.009964821,0.008266483
7301,9167_right,0.98758894,0.00996722,0.00826533
7302,9168_left,0.98759127,0.0099648535,0.008266386
7303,9168_right,0.98759127,0.009964849,0.008266386
7304,9173_left,0.98759127,0.00996484,0.0082664015
7305,9173_right,0.987591,0.009964712,0.008266608
7306,9177_left,0.042698238,0.9494759,0.051985513
7307,9177_right,0.047765467,0.94692063,0.048585348
7308,9180_left,0.04510074,0.9483217,0.050190832
7309,9180_right,0.944624,0.049649283,0.010901176
7310,9183_left,0.026449904,0.6214444,0.340702
7311,9183_right,0.06924432,0.8998291,0.057379138
7312,9189_left,0.044271346,0.9469045,0.052220378
7313,9189_right,0.98730356,0.01018689,0.0083383685
7314,9190_left,0.9411791,0.054645494,0.0064947866
7315,9190_right,0.97698146,0.019058907,0.008709737
7316,9198_left,0.026763113,0.42529538,0.5230041
7317,9198_right,0.03589302,0.7711472,0.2373037
7318,9199_left,0.04157115,0.78911483,0.13921896
7319,9199_right,0.98759115,0.009964905,0.008266389
7320,9200_left,0.03022267,0.2034421,0.7673247
7321,9200_right,0.041070107,0.9406551,0.058861304
7322,9203_left,0.26906258,0.6794541,0.03808373
7323,9203_right,0.04608801,0.94741374,0.049638443
7324,9204_left,0.98757917,0.009976343,0.008264931
7325,9204_right,0.9875897,0.009965902,0.00826642
7326,9205_left,0.024655417,0.038938034,0.95441353
7327,9205_right,0.024671877,0.038987003,0.9543498
7328,9207_left,0.96874756,0.021087436,0.0122546
7329,9207_right,0.9875678,0.009975599,0.008272885
7330,9213_left,0.032090794,0.41049552,0.52007
7331,9213_right,0.033564407,0.70765007,0.22157748
7332,9214_left,0.19400103,0.77739316,0.03327971
7333,9214_right,0.98685247,0.0105503,0.008470268
7334,9216_left,0.024682842,0.04045671,0.9529853
7335,9216_right,0.02115105,0.08447236,0.9248366
7336,9218_left,0.023244524,0.12700203,0.89556146
7337,9218_right,0.02491321,0.040491484,0.95256346
7338,9219_left,0.9875295,0.01002038,0.008253164
7339,9219_right,0.98743606,0.010096061,0.008288685
7340,9220_left,0.98743826,0.010085644,0.008278262
7341,9220_right,0.9852447,0.011968116,0.008572333
7342,9224_left,0.9647664,0.02772072,0.0115461815
7343,9224_right,0.96328163,0.02816124,0.0104725445
7344,9226_left,0.05824255,0.93504214,0.048600536
7345,9226_right,0.9579372,0.041868895,0.006854189
7346,9232_left,0.024403999,0.047486905,0.9453298
7347,9232_right,0.041092608,0.9427717,0.060586225
7348,9233_left,0.98758477,0.009970557,0.008266733
7349,9233_right,0.98733866,0.010093235,0.008378722
7350,9237_left,0.025029419,0.038632374,0.9539217
7351,9237_right,0.024723012,0.03886676,0.95431226
7352,9238_left,0.02428548,0.06865439,0.92240626
7353,9238_right,0.024657836,0.039398987,0.95390975
7354,9243_left,0.987591,0.009964895,0.0082664285
7355,9243_right,0.9873259,0.010207792,0.008258407
7356,9244_left,0.93685323,0.052338526,0.015497922
7357,9244_right,0.97539264,0.021053134,0.008985798
7358,9251_left,0.09102837,0.8988886,0.036501598
7359,9251_right,0.050457228,0.93759847,0.05255087
7360,9253_left,0.04067816,0.93214524,0.06477189
7361,9253_right,0.027838163,0.15260503,0.8318986
7362,9255_left,0.96723706,0.028167458,0.00976606
7363,9255_right,0.9660153,0.029263224,0.009836672
7364,9257_left,0.9206363,0.061787665,0.015612415
7365,9257_right,0.9771532,0.01700426,0.0100974385
7366,9258_left,0.024789335,0.039544076,0.9536433
7367,9258_right,0.98759127,0.009964849,0.008266389
7368,9259_left,0.987581,0.009973103,0.0082668075
7369,9259_right,0.98758614,0.009965333,0.0082696695
7370,9266_left,0.097997434,0.89053917,0.04711464
7371,9266_right,0.04683309,0.90180665,0.0786136
7372,9268_left,0.105338864,0.8838979,0.048458766
7373,9268_right,0.051794857,0.94178456,0.04817782
7374,9269_left,0.98759115,0.0099649895,0.008266319
7375,9269_right,0.98759115,0.009964952,0.008266389
7376,9271_left,0.8665044,0.13202205,0.008821505
7377,9271_right,0.10518116,0.8796303,0.042567234
7378,9277_left,0.1036177,0.8773251,0.04412979
7379,9277_right,0.044921894,0.94482726,0.05330832
7380,9278_left,0.024657978,0.038950734,0.95439804
7381,9278_right,0.23789077,0.7450585,0.030187255
7382,9279_left,0.024114842,0.43981752,0.62221515
7383,9279_right,0.98030293,0.015689535,0.009688271
7384,9280_left,0.98758996,0.009964783,0.008267089
7385,9280_right,0.98757416,0.009977417,0.0082699
7386,9281_left,0.024680467,0.07743746,0.912282
7387,9281_right,0.023478366,0.21981165,0.814352
7388,9282_left,0.036386497,0.85606915,0.12601182
7389,9282_right,0.025591442,0.12876254,0.8547103
7390,9284_left,0.98567814,0.011911643,0.0075911414
7391,9284_right,0.94411767,0.04487204,0.008364863
7392,9285_left,0.024803212,0.039811525,0.95354486
7393,9285_right,0.066773035,0.91054195,0.056019876
7394,9287_left,0.023512188,0.10968966,0.8862484
7395,9287_right,0.9796468,0.016873121,0.008920729
7396,9288_left,0.06694332,0.92476195,0.0432839
7397,9288_right,0.08799138,0.90112054,0.036715228
7398,9294_left,0.04218201,0.9461194,0.055507638
7399,9294_right,0.6348431,0.35054028,0.010497191
7400,9297_left,0.84559816,0.105189264,0.032557603
7401,9297_right,0.042439897,0.94773287,0.054065984
7402,9298_left,0.023981893,0.051168833,0.94482434
7403,9298_right,0.033685,0.6954954,0.2574156
7404,9300_left,0.98756135,0.009993075,0.008262872
7405,9300_right,0.9871219,0.01042601,0.008209861
7406,9307_left,0.031638745,0.8007426,0.21094085
7407,9307_right,0.0376493,0.9359478,0.07185312
7408,9308_left,0.027086236,0.15884641,0.8296528
7409,9308_right,0.04095777,0.94505495,0.058503337
7410,9310_left,0.9870838,0.010330098,0.008469135
7411,9310_right,0.9867748,0.009708059,0.008973285
7412,9311_left,0.025195196,0.046547297,0.9459317
7413,9311_right,0.027148759,0.52376956,0.5462867
7414,9312_left,0.04409032,0.94936544,0.050808083
7415,9312_right,0.05591044,0.93781304,0.04494118
7416,9313_left,0.050864704,0.90563804,0.07641519
7417,9313_right,0.04756795,0.94571453,0.049144644
7418,9317_left,0.9875381,0.010011662,0.008269463
7419,9317_right,0.987591,0.009964821,0.008266542
7420,9322_left,0.026889479,0.51321477,0.49728104
7421,9322_right,0.13679242,0.8461079,0.034882654
7422,9324_left,0.0296524,0.15289359,0.8192663
7423,9324_right,0.024676736,0.0465111,0.94556147
7424,9325_left,0.9875723,0.009982637,0.008265416
7425,9325_right,0.98470694,0.012258018,0.0088655
7426,9333_left,0.9875903,0.009964566,0.008266866
7427,9333_right,0.9874198,0.010120891,0.008238914
7428,9339_left,0.96671504,0.02617907,0.012784102
7429,9339_right,0.6306258,0.35104913,0.011226725
7430,9340_left,0.0433748,0.9503126,0.050887827
7431,9340_right,0.043496825,0.9503289,0.050689094
7432,9342_left,0.053666487,0.7465367,0.15822344
7433,9342_right,0.98759115,0.009964811,0.008266436
7434,9346_left,0.024699211,0.039226472,0.9540582
7435,9346_right,0.08199737,0.8999173,0.04943448
7436,9348_left,0.3562944,0.60436493,0.01904672
7437,9348_right,0.96677166,0.027863596,0.008448319
7438,9351_left,0.029519694,0.12778515,0.8848892
7439,9351_right,0.043417193,0.950429,0.050706536
7440,9353_left,0.024720505,0.038905475,0.9542536
7441,9353_right,0.024150625,0.045746353,0.94947666
7442,9358_left,0.15993598,0.8279293,0.03069953
7443,9358_right,0.057875536,0.9157903,0.056563247
7444,9359_left,0.044118706,0.67897135,0.31543255
7445,9359_right,0.024925463,0.23774377,0.7763497
7446,9366_left,0.9790318,0.017619668,0.0087838825
7447,9366_right,0.98758775,0.009968269,0.0082657365
7448,9368_left,0.98759127,0.0099648535,0.008266386
7449,9368_right,0.987591,0.0099649895,0.008266366
7450,9370_left,0.98759127,0.0099648535,0.008266386
7451,9370_right,0.98759127,0.0099648535,0.008266386
7452,9376_left,0.40214276,0.58984846,0.03616013
7453,9376_right,0.9844663,0.012678432,0.00866148
7454,9377_left,0.987591,0.00996498,0.008266397
7455,9377_right,0.98758894,0.00996611,0.008266941
7456,9379_left,0.9875866,0.00996513,0.0082689775
7457,9379_right,0.05752662,0.68142927,0.25213414
7458,9381_left,0.9875903,0.009965587,0.008266464
7459,9381_right,0.7122833,0.2669115,0.020728566
7460,9382_left,0.044137955,0.94824946,0.051842466
7461,9382_right,0.13391979,0.8534586,0.032630194
7462,9383_left,0.024801781,0.040345985,0.9527846
7463,9383_right,0.034872446,0.3967404,0.568919
7464,9384_left,0.2851311,0.71903837,0.018033443
7465,9384_right,0.07469713,0.91348624,0.046700984
7466,9390_left,0.9875772,0.009976912,0.00826653
7467,9390_right,0.987591,0.009964915,0.008266448
7468,9391_left,0.052243486,0.9288641,0.0601207
7469,9391_right,0.029700082,0.124996796,0.864804
7470,9392_left,0.98758274,0.009965084,0.008269924
7471,9392_right,0.8278289,0.16273884,0.013940915
7472,9396_left,0.023919493,0.08905871,0.91962785
7473,9396_right,0.040059287,0.8982062,0.103284076
7474,9398_left,0.9875738,0.009973075,0.008273234
7475,9398_right,0.98759115,0.009964877,0.008266417
7476,9402_left,0.9874472,0.010089048,0.008278102
7477,9402_right,0.98759115,0.009964764,0.008266483
7478,9404_left,0.024271335,0.04235201,0.9519055
7479,9404_right,0.9792155,0.013838703,0.012806865
7480,9411_left,0.05546331,0.9345045,0.051045906
7481,9411_right,0.046358746,0.9448426,0.05167301
7482,9412_left,0.024942642,0.04011335,0.9528698
7483,9412_right,0.045165606,0.94139344,0.054962326
7484,9419_left,0.024679583,0.038919106,0.95437783
7485,9419_right,0.9870331,0.010420668,0.008298561
7486,9423_left,0.044975728,0.8890249,0.08662682
7487,9423_right,0.98394793,0.012941142,0.008323454
7488,9428_left,0.9870684,0.010395689,0.0083674425
7489,9428_right,0.7192043,0.28827655,0.013594485
7490,9448_left,0.024994336,0.04039969,0.95268005
7491,9448_right,0.024881763,0.03990564,0.95320344
7492,9450_left,0.024641203,0.039861105,0.95340204
7493,9450_right,0.024678469,0.0391399,0.95414305
7494,9452_left,0.9607302,0.039273556,0.005730233
7495,9452_right,0.1892888,0.78540635,0.032047328
7496,9454_left,0.022095988,0.07886774,0.91582257
7497,9454_right,0.024752825,0.039015926,0.9540875
7498,9456_left,0.07085871,0.87759244,0.080359444
7499,9456_right,0.9875903,0.009964402,0.008266991
7500,9462_left,0.98751533,0.010015391,0.0082989335
7501,9462_right,0.9875683,0.009975872,0.00827443
7502,9463_left,0.9875908,0.009964595,0.008266667
7503,9463_right,0.9875896,0.00996427,0.008267515
7504,9464_left,0.021655262,0.08294593,0.9107882
7505,9464_right,0.98758775,0.009963065,0.00826949
7506,9465_left,0.61326844,0.08908252,0.11712121
7507,9465_right,0.9826586,0.013674465,0.009623217
7508,9467_left,0.9875865,0.009968933,0.008265482
7509,9467_right,0.9875903,0.009964369,0.008267042
7510,9469_left,0.93751407,0.0570322,0.00975307
7511,9469_right,0.0997121,0.8841112,0.046558917
7512,9478_left,0.031715244,0.121979594,0.85964143
7513,9478_right,0.04205359,0.89891285,0.08547081
7514,9485_left,0.040819522,0.8482109,0.11158639
7515,9485_right,0.025663175,0.19051754,0.84755975
7516,9487_left,0.02563912,0.054645147,0.9367531
7517,9487_right,0.044807423,0.9474187,0.051775124
7518,9488_left,0.24844933,0.741184,0.018245041
7519,9488_right,0.15506516,0.81362754,0.04012519
7520,9490_left,0.9875049,0.010019632,0.00831837
7521,9490_right,0.98603904,0.011215736,0.008623053
7522,9497_left,0.9875465,0.010001845,0.008270432
7523,9497_right,0.9875897,0.009963861,0.008267485
7524,9499_left,0.24740121,0.6966838,0.03374277
7525,9499_right,0.04984874,0.9385748,0.053571448
7526,9502_left,0.9875042,0.010042527,0.008265682
7527,9502_right,0.987591,0.009964858,0.008266471
7528,9503_left,0.98609436,0.011287399,0.008331885
7529,9503_right,0.9874542,0.010091968,0.00825868
7530,9505_left,0.9026931,0.095186956,0.009219099
7531,9505_right,0.9706359,0.024899736,0.009728939
7532,9507_left,0.98759127,0.009964844,0.008266393
7533,9507_right,0.98759115,0.0099648675,0.008266409
7534,9509_left,0.0427229,0.9394889,0.060097933
7535,9509_right,0.98759127,0.0099648535,0.008266397
7536,9511_left,0.025065795,0.039570898,0.9532206
7537,9511_right,0.3131071,0.6214727,0.032585267
7538,9513_left,0.987591,0.00996475,0.008266553
7539,9513_right,0.98754466,0.009969398,0.008292383
7540,9516_left,0.02541703,0.06229896,0.92832124
7541,9516_right,0.025097767,0.040618207,0.9519059
7542,9517_left,0.09597248,0.87625873,0.05501855
7543,9517_right,0.9875826,0.009969865,0.008268997
7544,9518_left,0.21749301,0.5416829,0.11592503
7545,9518_right,0.035848502,0.92689407,0.0796224
7546,9521_left,0.98526776,0.011547995,0.009056505
7547,9521_right,0.98753124,0.010016989,0.008269767
7548,9525_left,0.9872857,0.010211054,0.0083281975
7549,9525_right,0.98758686,0.009968923,0.008266026
7550,9526_left,0.02524016,0.04561238,0.94641393
7551,9526_right,0.03594389,0.854875,0.15232751
7552,9528_left,0.9852305,0.012072533,0.008365769
7553,9528_right,0.024797613,0.039580543,0.9536133
7554,9529_left,0.04001042,0.7018769,0.22892618
7555,9529_right,0.024749827,0.038968883,0.95416135
7556,9535_left,0.044955242,0.94735396,0.05151859
7557,9535_right,0.93910825,0.049191218,0.01133069
7558,9536_left,0.050405532,0.93691766,0.054775137
7559,9536_right,0.064070225,0.92764103,0.04629266
7560,9538_left,0.024786413,0.03907184,0.9540506
7561,9538_right,0.02490505,0.040393207,0.95242727
7562,9539_left,0.98719525,0.010229306,0.008474574
7563,9539_right,0.98756814,0.00998407,0.008270729
7564,9540_left,0.98739445,0.010149398,0.008242632
7565,9540_right,0.95615786,0.036701005,0.009887648
7566,9542_left,0.044242535,0.9492494,0.05064345
7567,9542_right,0.67976326,0.30322868,0.017042473
7568,9544_left,0.9777468,0.018522289,0.009275131
7569,9544_right,0.9872815,0.010213662,0.008323722
7570,9545_left,0.08877204,0.82117707,0.10034701
7571,9545_right,0.932638,0.028781349,0.034658078
7572,9546_left,0.9875907,0.00996537,0.008266448
7573,9546_right,0.98759115,0.009964887,0.008266389
7574,9547_left,0.025844702,0.10800614,0.8758245
7575,9547_right,0.043718703,0.935543,0.06298915
7576,9549_left,0.987591,0.009964708,0.008266569
7577,9549_right,0.9864026,0.010551185,0.008792513
7578,9553_left,0.025735926,0.04072341,0.9496127
7579,9553_right,0.027697455,0.23969084,0.77800506
7580,9555_left,0.028692039,0.17861193,0.8053919
7581,9555_right,0.11784755,0.8815654,0.029682167
7582,9560_left,0.97170794,0.024448723,0.008951651
7583,9560_right,0.95094866,0.039894752,0.007977448
7584,9564_left,0.037722036,0.8968069,0.10622344
7585,9564_right,0.056570258,0.9358279,0.04702406
7586,9566_left,0.022115309,0.06632835,0.928516
7587,9566_right,0.044348683,0.5570606,0.3704041
7588,9569_left,0.11402767,0.8590771,0.055508766
7589,9569_right,0.090942964,0.53762233,0.20537047
7590,9570_left,0.985951,0.011462209,0.008251076
7591,9570_right,0.9682943,0.027285688,0.009586109
7592,9573_left,0.8731345,0.09933985,0.027175054
7593,9573_right,0.9712682,0.02385624,0.010673452
7594,9578_left,0.9875908,0.00996514,0.008266483
7595,9578_right,0.98757964,0.009973085,0.008268856
7596,9584_left,0.41150013,0.61367714,0.016701618
7597,9584_right,0.04303193,0.9501888,0.05139635
7598,9586_left,0.029222587,0.43688777,0.53250325
7599,9586_right,0.04177035,0.94445556,0.05694012
7600,9587_left,0.66354734,0.3314006,0.021226984
7601,9587_right,0.04076246,0.9352797,0.06795034
7602,9589_left,0.98725224,0.010114836,0.008362644
7603,9589_right,0.9875124,0.010044509,0.008245377
7604,9590_left,0.024678785,0.038916174,0.95438564
7605,9590_right,0.024679473,0.03891398,0.95438445
7606,9592_left,0.98096323,0.014228009,0.01048677
7607,9592_right,0.8554578,0.10231084,0.020837417
7608,9593_left,0.06334886,0.9283233,0.044207048
7609,9593_right,0.6291876,0.35179445,0.026954895
7610,9595_left,0.038305994,0.9180793,0.08212044
7611,9595_right,0.06550268,0.7140472,0.17950384
7612,9598_left,0.024931129,0.04244477,0.9508899
7613,9598_right,0.025253832,0.0732324,0.9163507
7614,9601_left,0.042662915,0.94782764,0.053785983
7615,9601_right,0.34458885,0.6358553,0.018976811
7616,9602_left,0.029303046,0.093863584,0.8912788
7617,9602_right,0.9875888,0.009966881,0.008266483
7618,9603_left,0.04107067,0.8011983,0.18290521
7619,9603_right,0.055810925,0.36789784,0.53224415
7620,9604_left,0.9866045,0.010970783,0.008102138
7621,9604_right,0.98759055,0.00996546,0.008266342
7622,9608_left,0.024801372,0.03897709,0.9541084
7623,9608_right,0.024713282,0.038990345,0.9542713
7624,9613_left,0.9873153,0.010177024,0.008289466
7625,9613_right,0.9875893,0.009965541,0.008267187
7626,9614_left,0.04685192,0.94519305,0.05063834
7627,9614_right,0.043350156,0.9288657,0.07164757
7628,9616_left,0.9775784,0.018235171,0.010046923
7629,9616_right,0.8804917,0.11239952,0.0118827075
7630,9619_left,0.0651697,0.929121,0.04253862
7631,9619_right,0.054168563,0.9200843,0.06047177
7632,9622_left,0.025274271,0.041636545,0.951224
7633,9622_right,0.02454163,0.35175517,0.6170561
7634,9626_left,0.037452392,0.9236788,0.08167738
7635,9626_right,0.04257116,0.93689865,0.064719744
7636,9628_left,0.023900487,0.07567475,0.9168171
7637,9628_right,0.04360565,0.9378844,0.060313936
7638,9632_left,0.98755485,0.009997082,0.008264517
7639,9632_right,0.9872688,0.010223669,0.008284367
7640,9633_left,0.22241434,0.764075,0.026686324
7641,9633_right,0.98758787,0.009966227,0.008267789
7642,9636_left,0.9862223,0.011087081,0.008546549
7643,9636_right,0.98751974,0.010032023,0.008260321
7644,9638_left,0.043385092,0.9481893,0.052665774
7645,9638_right,0.04684697,0.94732636,0.048848316
7646,9640_left,0.022769349,0.12841576,0.9028081
7647,9640_right,0.97713614,0.0149800135,0.014550066
7648,9642_left,0.9513311,0.037678752,0.0143964905
7649,9642_right,0.02275072,0.050897107,0.94392025
7650,9643_left,0.046198227,0.8365531,0.14794573
7651,9643_right,0.02357672,0.04741433,0.94655436
7652,9646_left,0.024740774,0.039092116,0.95415044
7653,9646_right,0.032922823,0.87428063,0.112514794
7654,9647_left,0.05720934,0.9107499,0.06261666
7655,9647_right,0.14530328,0.8435925,0.036277544
7656,9648_left,0.987591,0.009964745,0.008266569
7657,9648_right,0.98345596,0.013328796,0.009111562
7658,9649_left,0.053504273,0.9359057,0.050346248
7659,9649_right,0.043617543,0.94706625,0.053601142
7660,9651_left,0.09448935,0.90352196,0.03158357
7661,9651_right,0.98759055,0.009964476,0.008266866
7662,9652_left,0.03413438,0.07756079,0.9054349
7663,9652_right,0.43234047,0.5690744,0.021438573
7664,9653_left,0.056672182,0.9340862,0.048435837
7665,9653_right,0.043073557,0.9502405,0.051224217
7666,9657_left,0.98759127,0.009964844,0.008266393
7667,9657_right,0.98758554,0.0099696955,0.008267081
7668,9658_left,0.98759043,0.009965441,0.00826651
7669,9658_right,0.9674575,0.028085044,0.008604831
7670,9659_left,0.024939964,0.5889189,0.40543267
7671,9659_right,0.028012916,0.72456837,0.28469655
7672,9661_left,0.06390138,0.9011535,0.07585046
7673,9661_right,0.98387146,0.013334599,0.008130448
7674,9663_left,0.7585785,0.013346593,0.22834401
7675,9663_right,0.7816655,0.010585491,0.18385257
7676,9665_left,0.9388119,0.046885863,0.016149774
7677,9665_right,0.3895271,0.6190189,0.027164934
7678,9667_left,0.115470745,0.86091477,0.04268413
7679,9667_right,0.5865989,0.36698282,0.022680754
7680,9668_left,0.48903096,0.51416224,0.017103152
7681,9668_right,0.3822961,0.6040458,0.018696543
7682,9670_left,0.03394291,0.7163924,0.23525943
7683,9670_right,0.6074731,0.32780594,0.031859268
7684,9672_left,0.0424125,0.9414197,0.059978347
7685,9672_right,0.98096704,0.0139944125,0.010752029
7686,9673_left,0.96574366,0.029503128,0.0065974644
7687,9673_right,0.9811793,0.015889114,0.0073989225
7688,9680_left,0.024363894,0.057311118,0.9347904
7689,9680_right,0.9058604,0.08004037,0.0131797
7690,9682_left,0.02479804,0.03979679,0.9532291
7691,9682_right,0.043105077,0.9500461,0.05145385
7692,9683_left,0.98758835,0.009967225,0.0082664285
7693,9683_right,0.9627119,0.028825786,0.014238834
7694,9684_left,0.07453475,0.9201666,0.03642932
7695,9684_right,0.067565106,0.9290417,0.041639104
7696,9688_left,0.024696914,0.03893004,0.9543092
7697,9688_right,0.13367833,0.8335541,0.051587857
7698,9689_left,0.09287427,0.86979824,0.059170816
7699,9689_right,0.037295476,0.7727218,0.22738941
7700,9690_left,0.024740154,0.039259445,0.95398545
7701,9690_right,0.04372505,0.8998699,0.082093515
7702,9691_left,0.6957342,0.24945877,0.02369021
7703,9691_right,0.83361727,0.1439987,0.014839022
7704,9693_left,0.1228704,0.84124666,0.053547975
7705,9693_right,0.23708704,0.6178312,0.050945174
7706,9694_left,0.98759115,0.009964905,0.008266358
7707,9694_right,0.98759127,0.0099648535,0.008266381
7708,9696_left,0.03495178,0.84835815,0.1277432
7709,9696_right,0.98488927,0.012219351,0.008001598
7710,9697_left,0.023038734,0.12904887,0.8929387
7711,9697_right,0.045471106,0.9063306,0.0889856
7712,9698_left,0.9869444,0.010556329,0.008232185
7713,9698_right,0.9875909,0.009964971,0.008266456
7714,9699_left,0.02468778,0.03949951,0.9537368
7715,9699_right,0.02551422,0.06879511,0.92257375
7716,9702_left,0.044095125,0.94849616,0.051761474
7717,9702_right,0.10721513,0.88574225,0.031936247
7718,9705_left,0.9875908,0.009965216,0.008266444
7719,9705_right,0.98759127,0.0099648535,0.008266386
7720,9708_left,0.03467019,0.87185854,0.11605255
7721,9708_right,0.02874839,0.2779708,0.7223712
7722,9709_left,0.09549988,0.87460524,0.064468265
7723,9709_right,0.51241606,0.4357819,0.03621538
7724,9713_left,0.025207233,0.13940729,0.8445502
7725,9713_right,0.031445164,0.8432794,0.14241269
7726,9714_left,0.04717748,0.9451548,0.051218543
7727,9714_right,0.038256373,0.8479105,0.16107272
7728,9716_left,0.14236526,0.7540569,0.08459372
7729,9716_right,0.98732495,0.010175237,0.008316424
7730,9717_left,0.04422055,0.9339004,0.06242035
7731,9717_right,0.033904217,0.8051573,0.1869732
7732,9721_left,0.873167,0.10361236,0.018280223
7733,9721_right,0.062323015,0.9298845,0.044233773
7734,9722_left,0.049608264,0.9412679,0.05017542
7735,9722_right,0.7930576,0.181826,0.01957574
7736,9724_left,0.987082,0.010321862,0.008471822
7737,9724_right,0.051065613,0.9215979,0.061654784
7738,9728_left,0.98758984,0.009964411,0.008267293
7739,9728_right,0.98759127,0.009964849,0.008266386
7740,9736_left,0.9875815,0.009974883,0.008263157
7741,9736_right,0.9808132,0.016152456,0.0079047065
7742,9737_left,0.98606026,0.0112668965,0.008422964
7743,9737_right,0.038569402,0.86730504,0.14028625
7744,9739_left,0.2669392,0.69296795,0.024294311
7745,9739_right,0.055931196,0.93194515,0.051832248
7746,9740_left,0.024870612,0.03896405,0.9539227
7747,9740_right,0.98758847,0.009964303,0.00826802
7748,9741_left,0.98759115,0.0099649,0.008266386
7749,9741_right,0.98759127,0.009964858,0.008266386
7750,9742_left,0.10404421,0.8836661,0.03253996
7751,9742_right,0.07366405,0.91623044,0.042386502
7752,9744_left,0.07596003,0.90342176,0.05009104
7753,9744_right,0.25153893,0.612789,0.04555668
7754,9747_left,0.024792464,0.038875315,0.95415443
7755,9747_right,0.024847113,0.03910138,0.95371044
7756,9750_left,0.98020154,0.016314304,0.009025209
7757,9750_right,0.9778153,0.019418646,0.0073861866
7758,9752_left,0.024662774,0.0389506,0.95439404
7759,9752_right,0.024654608,0.038940042,0.95441455
7760,9755_left,0.026641723,0.79217196,0.24052319
7761,9755_right,0.024637643,0.039726425,0.9536959
7762,9759_left,0.024662917,0.038932182,0.9544044
7763,9759_right,0.02821109,0.04508296,0.94295746
7764,9761_left,0.035910424,0.8108387,0.14677621
7765,9761_right,0.04204536,0.94451064,0.056067023
7766,9764_left,0.03418427,0.68184745,0.25047758
7767,9764_right,0.03762032,0.8245794,0.1688253
7768,9767_left,0.023099296,0.08033395,0.915951
7769,9767_right,0.025875736,0.048606995,0.9416311
7770,9768_left,0.058024164,0.9207066,0.058699444
7771,9768_right,0.043256536,0.9494858,0.05148288
7772,9772_left,0.05399544,0.92694557,0.05737572
7773,9772_right,0.043515757,0.95007074,0.05081797
7774,9775_left,0.98759043,0.009965451,0.008266464
7775,9775_right,0.98702323,0.010441947,0.0082011055
7776,9777_left,0.5140908,0.4344395,0.028935846
7777,9777_right,0.98759043,0.00996537,0.00826653
7778,9779_left,0.04269617,0.92420655,0.074510604
7779,9779_right,0.04351721,0.8354743,0.11350995
7780,9781_left,0.024656689,0.038954046,0.95439565
7781,9781_right,0.024658043,0.039081678,0.954245
7782,9783_left,0.21365996,0.7703691,0.0262794
7783,9783_right,0.024761247,0.038913198,0.9541768
7784,9785_left,0.98735136,0.010132708,0.008384385
7785,9785_right,0.9875617,0.009986059,0.0082752835
7786,9788_left,0.026141047,0.04490857,0.9414718
7787,9788_right,0.027503157,0.04091713,0.94426197
7788,9789_left,0.042967904,0.9486271,0.052556306
7789,9789_right,0.025107885,0.03907803,0.9534569
7790,9793_left,0.987591,0.009964798,0.008266483
7791,9793_right,0.9875816,0.0099594025,0.008273003
7792,9794_left,0.0629099,0.92631686,0.047032032
7793,9794_right,0.2089631,0.7440635,0.041513946
7794,9795_left,0.053376414,0.934866,0.048490304
7795,9795_right,0.93396443,0.051890936,0.01739717
7796,9796_left,0.94661397,0.04315201,0.012876784
7797,9796_right,0.9684568,0.025628997,0.009072602
7798,9797_left,0.9154525,0.0690841,0.008062899
7799,9797_right,0.9869077,0.010560828,0.008170568
7800,9798_left,0.9491373,0.041393355,0.0070725065
7801,9798_right,0.044615764,0.94175625,0.05578726
7802,9799_left,0.9652325,0.032249365,0.007172514
7803,9799_right,0.9775458,0.018041357,0.008168088
7804,9800_left,0.02898247,0.19286107,0.7809345
7805,9800_right,0.035726897,0.62723106,0.36889073
7806,9801_left,0.0246554,0.038955286,0.95440096
7807,9801_right,0.024754241,0.0404659,0.95267606
7808,9804_left,0.024657704,0.03893492,0.95441043
7809,9804_right,0.024694938,0.04024798,0.95292884
7810,9807_left,0.047482982,0.94086444,0.052901704
7811,9807_right,0.031567756,0.79700136,0.16972966
7812,9809_left,0.043180645,0.94803995,0.052766643
7813,9809_right,0.02583617,0.08803143,0.9196851
7814,9810_left,0.98759115,0.009964915,0.00826637
7815,9810_right,0.5648936,0.44763136,0.01720856
7816,9811_left,0.04025583,0.9325334,0.06682764
7817,9811_right,0.04320185,0.9478322,0.053038884
7818,9812_left,0.082001254,0.911651,0.03653604
7819,9812_right,0.02953473,0.31139997,0.6256475
7820,9813_left,0.98759115,0.00996483,0.008266436
7821,9813_right,0.028568212,0.041306183,0.94732654
7822,9817_left,0.033949822,0.7893927,0.21581508
7823,9817_right,0.9605474,0.029616317,0.011914601
7824,9819_left,0.93195915,0.057373337,0.0133042745
7825,9819_right,0.71006876,0.28647855,0.013556619
7826,9821_left,0.9875893,0.009966679,0.008266272
7827,9821_right,0.9872476,0.010242446,0.008331617
7828,9826_left,0.9875848,0.0099677285,0.008268199
7829,9826_right,0.9875616,0.009989124,0.008271512
7830,9828_left,0.8803441,0.106266394,0.011648619
7831,9828_right,0.094086476,0.8028931,0.120307624
7832,9830_left,0.024756722,0.03931831,0.95383555
7833,9830_right,0.04626615,0.8750069,0.092278965
7834,9831_left,0.0261873,0.16372481,0.8211703
7835,9831_right,0.024838818,0.041772105,0.95099294
7836,9832_left,0.03865898,0.9215527,0.0816161
7837,9832_right,0.04452879,0.94741184,0.05143761
7838,9840_left,0.04415043,0.94816154,0.051799662
7839,9840_right,0.9875702,0.009984697,0.008265103
7840,9844_left,0.9214759,0.06062574,0.020974392
7841,9844_right,0.9875464,0.009997931,0.008278105
7842,9845_left,0.9873946,0.010124556,0.008280584
7843,9845_right,0.98759127,0.009964849,0.008266393
7844,9846_left,0.9875909,0.009965094,0.008266397
7845,9846_right,0.84600043,0.14474843,0.009384036
7846,9848_left,0.044285573,0.94939774,0.050457
7847,9848_right,0.041504666,0.8508906,0.11342999
7848,9849_left,0.043298185,0.94987595,0.051366393
7849,9849_right,0.046862774,0.9462883,0.049450748
7850,9853_left,0.04418183,0.8127803,0.12565665
7851,9853_right,0.9818236,0.0152841555,0.008329434
7852,9854_left,0.86659235,0.13138653,0.009877761
7853,9854_right,0.9689011,0.026216075,0.0096146725
7854,9855_left,0.987591,0.009965032,0.008266417
7855,9855_right,0.98759127,0.0099648535,0.008266386
7856,9857_left,0.059667885,0.9298644,0.049613863
7857,9857_right,0.058849327,0.9305486,0.049414854
7858,9863_left,0.024668716,0.03893073,0.95439184
7859,9863_right,0.9834327,0.013932324,0.008040532
7860,9868_left,0.98759127,0.009964858,0.008266381
7861,9868_right,0.98759115,0.009964801,0.008266471
7862,9869_left,0.98732567,0.010139066,0.008315409
7863,9869_right,0.9875842,0.009971376,0.008265987
7864,9871_left,0.98759115,0.009964821,0.008266452
7865,9871_right,0.838783,0.14578837,0.0111720925
7866,9873_left,0.028734468,0.08233517,0.9036608
7867,9873_right,0.025987972,0.08505393,0.9076279
7868,9874_left,0.04946021,0.9375122,0.058734614
7869,9874_right,0.08959118,0.9055032,0.04175476
7870,9875_left,0.98759115,0.00996483,0.008266413
7871,9875_right,0.9875892,0.009963988,0.008267761
7872,9876_left,0.054494593,0.93340546,0.05157244
7873,9876_right,0.9833378,0.013784094,0.008494126
7874,9878_left,0.024587391,0.040339623,0.9529108
7875,9878_right,0.04062899,0.94049436,0.0608067
7876,9879_left,0.045398727,0.948295,0.049596667
7877,9879_right,0.9809172,0.015914388,0.00872166
7878,9884_left,0.98759127,0.0099648535,0.008266386
7879,9884_right,0.98759127,0.0099648535,0.008266386
7880,9889_left,0.9875902,0.009965587,0.008266573
7881,9889_right,0.9875909,0.009964877,0.008266537
7882,9893_left,0.04305774,0.9380466,0.062281866
7883,9893_right,0.042557456,0.73315036,0.2559391
7884,9894_left,0.047730997,0.93524677,0.057163592
7885,9894_right,0.8123986,0.19204967,0.007111742
7886,9895_left,0.98710084,0.010382277,0.0083248
7887,9895_right,0.98758835,0.009964887,0.0082679065
7888,9896_left,0.0704314,0.8996926,0.0559406
7889,9896_right,0.053537037,0.93261653,0.052578133
7890,9897_left,0.9762155,0.019048681,0.010491115
7891,9897_right,0.98147434,0.014489887,0.009594538
7892,9899_left,0.03915984,0.86527157,0.10696233
7893,9899_right,0.039741445,0.9065765,0.09255351
7894,9900_left,0.047832347,0.9201185,0.07321408
7895,9900_right,0.032091536,0.918843,0.09662376
7896,9906_left,0.9351642,0.049117237,0.00814962
7897,9906_right,0.053998653,0.9137756,0.06279839
7898,9907_left,0.024956448,0.042805616,0.94966626
7899,9907_right,0.02378308,0.075655684,0.92571425
7900,9913_left,0.9874901,0.010029835,0.008303177
7901,9913_right,0.9875301,0.009995426,0.008289936
7902,9914_left,0.04432048,0.9450447,0.05387533
7903,9914_right,0.043983046,0.94841087,0.051555835
7904,9919_left,0.9875896,0.009964035,0.008267542
7905,9919_right,0.9875908,0.009964604,0.00826671
7906,9925_left,0.9875559,0.009949111,0.008290889
7907,9925_right,0.9875908,0.0099652065,0.008266366
7908,9927_left,0.98759127,0.0099648535,0.008266386
7909,9927_right,0.98738,0.010138476,0.008306229
7910,9929_left,0.98759127,0.009964877,0.00826637
7911,9929_right,0.9875354,0.010015017,0.0082555255
7912,9930_left,0.034875285,0.68724835,0.24360782
7913,9930_right,0.025415583,0.05374685,0.9384295
7914,9933_left,0.9875759,0.009955538,0.008277573
7915,9933_right,0.9874922,0.009893374,0.008341745
7916,9934_left,0.024724005,0.039367825,0.9539477
7917,9934_right,0.05194882,0.94119096,0.04651436
7918,9937_left,0.98758954,0.009966608,0.008265596
7919,9937_right,0.9875744,0.009980267,0.008265826
7920,9939_left,0.043834716,0.94984627,0.05069297
7921,9939_right,0.76026493,0.20439073,0.016867079
7922,9940_left,0.2653938,0.6789754,0.033183273
7923,9940_right,0.13053273,0.87366974,0.03854756
7924,9942_left,0.024659103,0.038972072,0.9543835
7925,9942_right,0.024655044,0.038941063,0.9544114
7926,9945_left,0.024790665,0.040369093,0.9526636
7927,9945_right,0.024571888,0.07251006,0.92881185
7928,9947_left,0.025593262,0.05316104,0.9383554
7929,9947_right,0.025607394,0.16930999,0.86945474
7930,9948_left,0.9392838,0.047681257,0.008768716
7931,9948_right,0.9875892,0.009964473,0.008267496
7932,9949_left,0.02506533,0.039521128,0.95314705
7933,9949_right,0.02490692,0.040698577,0.95260984
7934,9951_left,0.9874588,0.010063479,0.008294614
7935,9951_right,0.9875907,0.009965423,0.008266119
7936,9952_left,0.97455424,0.02060638,0.009474439
7937,9952_right,0.63774335,0.31115577,0.015075843
7938,9957_left,0.04579722,0.9457993,0.051365696
7939,9957_right,0.052834537,0.9372864,0.048365954
7940,9958_left,0.03680697,0.9217841,0.08635097
7941,9958_right,0.024710964,0.041017506,0.9521435
7942,9959_left,0.98322093,0.013549085,0.009187207
7943,9959_right,0.9826623,0.013522394,0.008812942
7944,9961_left,0.03008056,0.76589143,0.26461738
7945,9961_right,0.22647773,0.7528849,0.03652505
7946,9963_left,0.04387636,0.9497472,0.050802127
7947,9963_right,0.069478765,0.91573083,0.050388534
7948,9964_left,0.98759115,0.009964934,0.008266432
7949,9964_right,0.9875816,0.009972256,0.008269502
7950,9965_left,0.05876641,0.8821938,0.08041394
7951,9965_right,0.033606194,0.16524464,0.7872308
7952,9966_left,0.9875683,0.009986964,0.008262555
7953,9966_right,0.98758954,0.00996547,0.008266937
7954,9967_left,0.98758346,0.009971229,0.008267569
7955,9967_right,0.06345742,0.9277996,0.044004228
7956,9971_left,0.96310943,0.028561292,0.012226633
7957,9971_right,0.1913891,0.48755318,0.08732906
7958,9972_left,0.98759127,0.009964872,0.008266374
7959,9972_right,0.987591,0.009964948,0.008266432
7960,9975_left,0.98759127,0.009964858,0.008266386
7961,9975_right,0.98759115,0.009964881,0.008266393
7962,9976_left,0.026528,0.112504415,0.8732474
7963,9976_right,0.9279718,0.0637862,0.010413939
7964,9977_left,0.043691557,0.94866294,0.051865462
7965,9977_right,0.04786766,0.944563,0.050285384
7966,9979_left,0.02469057,0.03898361,0.9543112
7967,9979_right,0.024661282,0.038942683,0.95439714
7968,9980_left,0.79866403,0.1603654,0.028175503
7969,9980_right,0.9805384,0.016344251,0.0078000817
7970,9984_left,0.054096013,0.8231716,0.14492759
7971,9984_right,0.9750568,0.020507267,0.008547814
7972,9992_left,0.02471736,0.039107166,0.95416397
7973,9992_right,0.03732245,0.85772604,0.11695949
7974,9993_left,0.8958202,0.08808854,0.017719584
7975,9993_right,0.98605275,0.009760648,0.009539934
7976,9996_left,0.29295394,0.68215024,0.02176611
7977,9996_right,0.13644814,0.8525499,0.027494268
7978,9998_left,0.90766567,0.05945139,0.023754925
7979,9998_right,0.987105,0.010339086,0.008384437
7980,9999_left,0.09761885,0.75333554,0.12539995
7981,9999_right,0.060027543,0.9162261,0.056734383
7982,10003_left,0.9776573,0.01872546,0.009036196
7983,10003_right,0.944657,0.044993088,0.0122168185
7984,10007_left,0.043851428,0.9408237,0.05674431
7985,10007_right,0.15893884,0.7585265,0.07414785
7986,10009_left,0.98758847,0.009965935,0.00826732
7987,10009_right,0.9875907,0.009964632,0.008266729
7988,10010_left,0.2501317,0.73948276,0.019401006
7989,10010_right,0.29060236,0.67802185,0.032353513
7990,10013_left,0.024689421,0.03918314,0.9541932
7991,10013_right,0.02467404,0.038999245,0.954318
7992,10014_left,0.024674842,0.038944237,0.95437026
7993,10014_right,0.024690995,0.03917962,0.95408875
7994,10015_left,0.9875908,0.0099653285,0.0082661435
7995,10015_right,0.9875908,0.009965362,0.008266084
7996,10017_left,0.043201376,0.9503535,0.051037036
7997,10017_right,0.030732963,0.6789394,0.33004466
7998,10022_left,0.91380304,0.06949683,0.020144444
7999,10022_right,0.98758775,0.00996771,0.008266718
8000,10028_left,0.039173268,0.67289054,0.22942527
8001,10028_right,0.7470481,0.2034054,0.028900413
8002,10029_left,0.9863908,0.011092091,0.008305863
8003,10029_right,0.98214734,0.015256019,0.00797789
8004,10030_left,0.987591,0.009964811,0.00826653
8005,10030_right,0.9875859,0.009963927,0.008270331
8006,10031_left,0.9875656,0.009987921,0.008266471
8007,10031_right,0.9875672,0.00998236,0.008269474
8008,10032_left,0.42590737,0.4820351,0.047023486
8009,10032_right,0.9365662,0.050409514,0.017925644
8010,10035_left,0.022770304,0.08604134,0.9255522
8011,10035_right,0.031596743,0.24397613,0.71578443
8012,10042_left,0.95828146,0.028546445,0.018238604
8013,10042_right,0.95004374,0.03585959,0.018167896
8014,10043_left,0.02465572,0.038937394,0.954413
8015,10043_right,0.024658835,0.038936187,0.9544065
8016,10046_left,0.37437624,0.59586734,0.016328061
8017,10046_right,0.13987458,0.84348094,0.03061352
8018,10047_left,0.04298153,0.948094,0.05318399
8019,10047_right,0.042086363,0.94766486,0.05426342
8020,10048_left,0.045441642,0.9456949,0.051530987
8021,10048_right,0.0788321,0.8829894,0.059124857
8022,10050_left,0.05142491,0.9423222,0.047835156
8023,10050_right,0.04424931,0.9490706,0.05082485
8024,10053_left,0.18143687,0.79430944,0.029717237
8025,10053_right,0.87828875,0.087921314,0.025937546
8026,10058_left,0.024758115,0.03999513,0.9532848
8027,10058_right,0.1901453,0.79396206,0.023595525
8028,10059_left,0.048660852,0.94064295,0.0520267
8029,10059_right,0.060080566,0.9157242,0.056432422
8030,10061_left,0.9875907,0.009965074,0.008266503
8031,10061_right,0.970833,0.02408175,0.009077476
8032,10065_left,0.9832575,0.013508128,0.009174767
8033,10065_right,0.9856082,0.01156712,0.008471129
8034,10069_left,0.23115166,0.74066216,0.02906309
8035,10069_right,0.98758996,0.0099659115,0.008266417
8036,10073_left,0.083724014,0.9000691,0.049609702
8037,10073_right,0.07584033,0.90341455,0.05179912
8038,10078_left,0.04341234,0.94999653,0.0510399
8039,10078_right,0.04295722,0.9450037,0.054664884
8040,10081_left,0.98713917,0.010297239,0.008402025
8041,10081_right,0.5947726,0.43561476,0.016669706
8042,10085_left,0.98759127,0.009964858,0.008266389
8043,10085_right,0.9875901,0.009965728,0.008266589
8044,10092_left,0.096145295,0.89434886,0.032760914
8045,10092_right,0.77579325,0.19988255,0.020082653
8046,10094_left,0.10794811,0.6914568,0.1344568
8047,10094_right,0.025845854,0.4983872,0.5172135
8048,10095_left,0.98759115,0.009964826,0.008266417
8049,10095_right,0.98745096,0.010087558,0.008274348
8050,10099_left,0.98115265,0.01726472,0.00638026
8051,10099_right,0.96841204,0.028872538,0.0060825706
8052,10100_left,0.98759115,0.009964815,0.008266425
8053,10100_right,0.98758906,0.009965643,0.008267289
8054,10104_left,0.5041637,0.4688711,0.026581237
8055,10104_right,0.6238686,0.33139837,0.023091221
8056,10109_left,0.90486723,0.09086902,0.00971241
8057,10109_right,0.37855995,0.6209032,0.02448331
8058,10112_left,0.9528032,0.035869036,0.016411373
8059,10112_right,0.10044804,0.8651553,0.059004597
8060,10115_left,0.043149844,0.94874114,0.052607425
8061,10115_right,0.44825533,0.569694,0.014052201
8062,10116_left,0.98759043,0.009965526,0.00826619
8063,10116_right,0.98759115,0.009964815,0.008266425
8064,10120_left,0.029400922,0.69310874,0.3553563
8065,10120_right,0.044623174,0.9434346,0.053609483
8066,10124_left,0.024658691,0.038934655,0.95441073
8067,10124_right,0.024670523,0.0389769,0.95436233
8068,10125_left,0.04358051,0.9095013,0.085588925
8069,10125_right,0.04763529,0.9439211,0.050920166
8070,10126_left,0.64278877,0.34541062,0.020676835
8071,10126_right,0.98107314,0.015692849,0.00892334
8072,10129_left,0.02487359,0.049055837,0.9430762
8073,10129_right,0.024771145,0.039061878,0.95405185
8074,10130_left,0.98697495,0.010598253,0.00803013
8075,10130_right,0.054687656,0.9289217,0.049693134
8076,10131_left,0.02467773,0.038921952,0.9543834
8077,10131_right,0.024686435,0.038906466,0.95436966
8078,10134_left,0.04399259,0.94900453,0.051334105
8079,10134_right,0.9860319,0.011351013,0.008126657
8080,10135_left,0.87416625,0.09931692,0.019345466
8081,10135_right,0.4840045,0.47077072,0.017501356
8082,10137_left,0.06004419,0.93460846,0.046025213
8083,10137_right,0.9447656,0.04747747,0.01161924
8084,10141_left,0.987591,0.009964764,0.008266498
8085,10141_right,0.98756486,0.00998063,0.008271078
8086,10144_left,0.024192397,0.0468788,0.9467744
8087,10144_right,0.09295709,0.21535616,0.58736223
8088,10147_left,0.025092984,0.07125524,0.9189264
8089,10147_right,0.04596707,0.88912827,0.08416703
8090,10149_left,0.44759122,0.47863507,0.022104856
8091,10149_right,0.097516425,0.8862049,0.039425775
8092,10150_left,0.9834057,0.013348044,0.009034108
8093,10150_right,0.9873275,0.010173311,0.00832284
8094,10153_left,0.104014404,0.888809,0.03318289
8095,10153_right,0.9853247,0.012111991,0.008012957
8096,10154_left,0.07664451,0.8870714,0.062390897
8097,10154_right,0.98647135,0.0110119665,0.008239834
8098,10155_left,0.90536463,0.09923684,0.006751954
8099,10155_right,0.4455097,0.5511596,0.022517039
8100,10156_left,0.026773917,0.25932524,0.71340966
8101,10156_right,0.024667047,0.03901188,0.95430326
8102,10159_left,0.9875881,0.0099663865,0.008267554
8103,10159_right,0.9875739,0.009978128,0.008269248
8104,10160_left,0.9875907,0.009965013,0.008266597
8105,10160_right,0.9875853,0.009967309,0.008268743
8106,10161_left,0.98758477,0.009969827,0.00826664
8107,10161_right,0.98759115,0.009964815,0.008266441
8108,10162_left,0.6622992,0.31698716,0.012460897
8109,10162_right,0.8954875,0.09871371,0.010195519
8110,10163_left,0.5759717,0.27209795,0.044894338
8111,10163_right,0.033806954,0.89506114,0.11132349
8112,10166_left,0.9875265,0.010020767,0.008271653
8113,10166_right,0.9875761,0.009976108,0.0082715275
8114,10169_left,0.027856171,0.11768815,0.868348
8115,10169_right,0.97149414,0.023505358,0.010268336
8116,10170_left,0.092505224,0.867815,0.05383842
8117,10170_right,0.0571845,0.9268138,0.054432098
8118,10173_left,0.98758507,0.009970656,0.008265244
8119,10173_right,0.98758954,0.009966533,0.008265998
8120,10175_left,0.024668084,0.039087962,0.9542685
8121,10175_right,0.025061145,0.04751667,0.94419056
8122,10177_left,0.98759127,0.0099648535,0.008266386
8123,10177_right,0.98759127,0.0099648535,0.008266386
8124,10181_left,0.027573466,0.16735274,0.81611866
8125,10181_right,0.043022092,0.94959563,0.051623236
8126,10182_left,0.9875881,0.009966642,0.00826682
8127,10182_right,0.98758715,0.009963334,0.008269063
8128,10183_left,0.98759127,0.0099648535,0.008266386
8129,10183_right,0.987586,0.009961979,0.008270096
8130,10184_left,0.98548675,0.011344849,0.008643895
8131,10184_right,0.9788753,0.016339462,0.009736256
8132,10187_left,0.98747325,0.010081013,0.00825042
8133,10187_right,0.9871365,0.01038402,0.008263165
8134,10190_left,0.98759127,0.009964863,0.008266381
8135,10190_right,0.9875903,0.009965375,0.008266647
8136,10193_left,0.98757744,0.009960023,0.008275596
8137,10193_right,0.9875825,0.009968316,0.00826965
8138,10194_left,0.36265182,0.60742927,0.017479781
8139,10194_right,0.9218436,0.06826131,0.008514836
8140,10199_left,0.9875907,0.009965244,0.00826648
8141,10199_right,0.98644036,0.010959117,0.008312166
8142,10206_left,0.98759127,0.009964858,0.008266381
8143,10206_right,0.9875294,0.010019301,0.0082693845
8144,10207_left,0.96852475,0.027063683,0.009429285
8145,10207_right,0.9659511,0.029866545,0.009296419
8146,10210_left,0.98759127,0.0099648535,0.008266386
8147,10210_right,0.98759127,0.009964849,0.008266386
8148,10212_left,0.12017909,0.8703907,0.031254407
8149,10212_right,0.98757255,0.009980102,0.0082688015
8150,10218_left,0.02655577,0.050578386,0.9406125
8151,10218_right,0.02507501,0.04229824,0.9505312
8152,10220_left,0.020508206,0.11155103,0.883684
8153,10220_right,0.98318267,0.01278075,0.010535183
8154,10221_left,0.10122697,0.88656527,0.041686818
8155,10221_right,0.07124279,0.898113,0.06160335
8156,10223_left,0.9875897,0.009965423,0.00826714
8157,10223_right,0.987566,0.009946753,0.008285715
8158,10224_left,0.052463934,0.92992705,0.05355837
8159,10224_right,0.9274551,0.061167315,0.014087283
8160,10226_left,0.82857406,0.14574131,0.012194823
8161,10226_right,0.98736227,0.009802075,0.008442593
8162,10230_left,0.02536458,0.0398319,0.9518016
8163,10230_right,0.023745377,0.09093045,0.91766137
8164,10232_left,0.06996775,0.9212735,0.044414874
8165,10232_right,0.107436836,0.8797229,0.03314219
8166,10233_left,0.98759055,0.009964826,0.00826682
8167,10233_right,0.9875831,0.00997171,0.00826725
8168,10234_left,0.9875903,0.009965601,0.008266389
8169,10234_right,0.024664402,0.03896955,0.95436794
8170,10239_left,0.91641647,0.06779347,0.013443905
8171,10239_right,0.98758906,0.00996563,0.008267089
8172,10241_left,0.045101527,0.94876456,0.050141186
8173,10241_right,0.039241686,0.9362588,0.06917359
8174,10242_left,0.025991667,0.22109737,0.7699705
8175,10242_right,0.04031617,0.7952095,0.20110223
8176,10243_left,0.9874418,0.010102521,0.00824973
8177,10243_right,0.9875875,0.009968227,0.008266272
8178,10244_left,0.15663685,0.82403,0.04922167
8179,10244_right,0.040393643,0.87164485,0.103381924
8180,10250_left,0.040119406,0.93375695,0.06723154
8181,10250_right,0.046313632,0.9269503,0.0687835
8182,10251_left,0.3545468,0.61600065,0.028442595
8183,10251_right,0.98758185,0.009973612,0.008265568
8184,10252_left,0.16855706,0.82980555,0.038864113
8185,10252_right,0.044514127,0.9469763,0.052016187
8186,10255_left,0.028748108,0.39323896,0.6446986
8187,10255_right,0.024697425,0.03915605,0.95413643
8188,10257_left,0.98759115,0.00996484,0.008266409
8189,10257_right,0.98738676,0.010187914,0.008158798
8190,10260_left,0.024654435,0.03893955,0.9544147
8191,10260_right,0.024696426,0.03907866,0.9542352
8192,10262_left,0.047781542,0.9447224,0.04959282
8193,10262_right,0.7969416,0.19321118,0.012691857
8194,10263_left,0.9418832,0.04708143,0.01249839
8195,10263_right,0.8597087,0.042559132,0.05683391
8196,10265_left,0.04925513,0.9424215,0.05080167
8197,10265_right,0.045786645,0.944463,0.05261869
8198,10266_left,0.039636604,0.92185354,0.0828886
8199,10266_right,0.04761577,0.94439805,0.050133348
8200,10269_left,0.041268896,0.89543617,0.102339484
8201,10269_right,0.024671406,0.03901494,0.9543136
8202,10270_left,0.123482674,0.8560573,0.03737179
8203,10270_right,0.45401716,0.55588543,0.017973201
8204,10272_left,0.79271287,0.15420696,0.013782447
8205,10272_right,0.9871317,0.01025221,0.00841258
8206,10276_left,0.98755103,0.009993241,0.008274481
8207,10276_right,0.98755485,0.009943857,0.008292618
8208,10278_left,0.043598052,0.94829595,0.05232408
8209,10278_right,0.060947556,0.9303918,0.05022298
8210,10279_left,0.04365507,0.94731265,0.05295235
8211,10279_right,0.043722782,0.9492763,0.051240347
8212,10284_left,0.9875238,0.009992821,0.008294218
8213,10284_right,0.98714465,0.010340183,0.00832227
8214,10288_left,0.024816848,0.039803114,0.95339274
8215,10288_right,0.036307488,0.8473445,0.13632348
8216,10292_left,0.06635583,0.24134172,0.59346783
8217,10292_right,0.0601748,0.8953375,0.07810277
8218,10293_left,0.02581129,0.08225387,0.91140807
8219,10293_right,0.040760353,0.7145493,0.24959621
8220,10294_left,0.037537474,0.83008456,0.17676893
8221,10294_right,0.98744684,0.01009044,0.008272228
8222,10295_left,0.043935593,0.9463681,0.05279156
8223,10295_right,0.03726036,0.909809,0.09957354
8224,10297_left,0.09113153,0.87534595,0.050922792
8225,10297_right,0.9873986,0.010017433,0.00834835
8226,10303_left,0.024680225,0.038930774,0.95436406
8227,10303_right,0.022557419,0.19575909,0.79345006
8228,10305_left,0.9871366,0.010348911,0.008331948
8229,10305_right,0.98149097,0.015176999,0.008804124
8230,10306_left,0.058278244,0.7467097,0.19214422
8231,10306_right,0.025890699,0.05858596,0.93162274
8232,10310_left,0.9861909,0.01119767,0.008366306
8233,10310_right,0.9853043,0.012019609,0.008332401
8234,10312_left,0.042604078,0.7806245,0.14632873
8235,10312_right,0.987588,0.009967582,0.008265909
8236,10317_left,0.9850659,0.012499342,0.007495933
8237,10317_right,0.73000103,0.29553118,0.0054262253
8238,10319_left,0.024656478,0.03939556,0.9539308
8239,10319_right,0.024857847,0.04081258,0.9522613
8240,10320_left,0.8399682,0.14779428,0.009222318
8241,10320_right,0.24170257,0.7225686,0.027919982
8242,10321_left,0.029494353,0.57668036,0.36233097
8243,10321_right,0.039440133,0.9187804,0.07429044
8244,10325_left,0.98759127,0.009964849,0.008266389
8245,10325_right,0.9826973,0.01396842,0.008826184
8246,10326_left,0.8241334,0.1634062,0.010224465
8247,10326_right,0.07146616,0.91709507,0.040342115
8248,10328_left,0.05265863,0.93905157,0.04841769
8249,10328_right,0.9864449,0.011082367,0.0080543
8250,10333_left,0.024701491,0.038997974,0.954211
8251,10333_right,0.98759127,0.009964849,0.008266389
8252,10334_left,0.02553608,0.045866214,0.94621867
8253,10334_right,0.04749605,0.9409703,0.053202458
8254,10337_left,0.9874865,0.01003531,0.008325997
8255,10337_right,0.9875865,0.009964609,0.008269079
8256,10339_left,0.0365485,0.56537366,0.387975
8257,10339_right,0.2233277,0.76690185,0.032985095
8258,10340_left,0.98754066,0.009989661,0.008282903
8259,10340_right,0.987591,0.009964745,0.008266523
8260,10343_left,0.024635214,0.040761534,0.95292777
8261,10343_right,0.05490697,0.88986367,0.09390022
8262,10352_left,0.057925347,0.93233514,0.051050432
8263,10352_right,0.03599019,0.8286546,0.17253356
8264,10353_left,0.16948932,0.83580875,0.019080445
8265,10353_right,0.98759115,0.009964948,0.008266362
8266,10356_left,0.98756903,0.009981063,0.008271371
8267,10356_right,0.9827571,0.01402568,0.008996688
8268,10359_left,0.13036928,0.87615836,0.032430332
8269,10359_right,0.044257406,0.94908166,0.05074187
8270,10363_left,0.024663392,0.0389476,0.9543837
8271,10363_right,0.024667326,0.039124675,0.95415616
8272,10367_left,0.023601877,0.11041404,0.87832993
8273,10367_right,0.024591552,0.03966845,0.9536763
8274,10368_left,0.98740363,0.010106574,0.008275796
8275,10368_right,0.9875888,0.009966787,0.008266135
8276,10369_left,0.9875826,0.00997171,0.008268156
8277,10369_right,0.9875836,0.009970429,0.00826931
8278,10372_left,0.04137789,0.6248449,0.35286123
8279,10372_right,0.099213034,0.8919437,0.040553223
8280,10374_left,0.04402173,0.94927657,0.05084703
8281,10374_right,0.037745927,0.90221,0.10493165
8282,10377_left,0.050540864,0.93960476,0.05156096
8283,10377_right,0.15722175,0.82728404,0.03549051
8284,10379_left,0.055229586,0.53626084,0.35016227
8285,10379_right,0.96831995,0.026004579,0.008531947
8286,10384_left,0.15240785,0.80502266,0.05960983
8287,10384_right,0.055259414,0.8142793,0.14197585
8288,10386_left,0.033968985,0.8821324,0.121816464
8289,10386_right,0.8078272,0.14439489,0.02027961
8290,10388_left,0.987591,0.009964759,0.008266519
8291,10388_right,0.8994848,0.07995197,0.018694153
8292,10389_left,0.98759127,0.00996484,0.008266397
8293,10389_right,0.98759115,0.009964834,0.00826642
8294,10391_left,0.9875896,0.0099637145,0.008267594
8295,10391_right,0.9759059,0.015821071,0.013188112
8296,10397_left,0.4256345,0.57622427,0.01070002
8297,10397_right,0.8088784,0.18488602,0.009256243
8298,10398_left,0.051728673,0.94088805,0.04872148
8299,10398_right,0.060081888,0.9270644,0.055432316
8300,10400_left,0.98758775,0.009967832,0.00826664
8301,10400_right,0.98758453,0.009969705,0.008268086
8302,10401_left,0.024919858,0.039275777,0.9534703
8303,10401_right,0.042596962,0.9358156,0.062303346
8304,10403_left,0.11425005,0.8744032,0.032339096
8305,10403_right,0.052851353,0.9403979,0.046361674
8306,10404_left,0.055736344,0.91926014,0.05099687
8307,10404_right,0.073261686,0.92109305,0.034963716
8308,10407_left,0.16826178,0.81464374,0.03540275
8309,10407_right,0.9765255,0.019017791,0.009829963
8310,10408_left,0.024850013,0.039903868,0.95327866
8311,10408_right,0.024643173,0.12358474,0.9021406
8312,10409_left,0.044298824,0.9493201,0.05039312
8313,10409_right,0.8229027,0.18701905,0.0062794704
8314,10413_left,0.061339755,0.9094722,0.06384603
8315,10413_right,0.15349464,0.78234744,0.05963611
8316,10415_left,0.2041283,0.78619295,0.018886635
8317,10415_right,0.0444475,0.94774556,0.0514735
8318,10416_left,0.028237376,0.30067533,0.7277779
8319,10416_right,0.031036504,0.15816605,0.8324732
8320,10419_left,0.28638715,0.41954872,0.14973944
8321,10419_right,0.24339317,0.5687312,0.10225494
8322,10421_left,0.98759127,0.009964849,0.008266389
8323,10421_right,0.98759127,0.0099648535,0.008266386
8324,10426_left,0.044497114,0.9399518,0.059029836
8325,10426_right,0.07406745,0.89255995,0.064742565
8326,10427_left,0.024661811,0.038935777,0.9544019
8327,10427_right,0.9874592,0.009914751,0.0083792135
8328,10429_left,0.95740104,0.033026315,0.015437729
8329,10429_right,0.98759115,0.009964923,0.008266393
8330,10431_left,0.18775892,0.7907324,0.027817072
8331,10431_right,0.79898673,0.18352127,0.011187617
8332,10437_left,0.0540804,0.9396918,0.04633145
8333,10437_right,0.9866414,0.010805863,0.008304246
8334,10438_left,0.05522078,0.806462,0.13029614
8335,10438_right,0.4659668,0.33107328,0.05275909
8336,10439_left,0.04368855,0.949402,0.051211912
8337,10439_right,0.04018826,0.8804076,0.10753688
8338,10440_left,0.024669772,0.03903071,0.9542456
8339,10440_right,0.038068917,0.75565094,0.20156303
8340,10444_left,0.024658943,0.03894611,0.9543989
8341,10444_right,0.030280942,0.18110824,0.8234432
8342,10448_left,0.066834,0.8833409,0.06681729
8343,10448_right,0.98759055,0.009964529,0.008266971
8344,10451_left,0.561178,0.35165283,0.03444768
8345,10451_right,0.98247683,0.013838526,0.009565103
8346,10452_left,0.98759115,0.009964858,0.008266409
8347,10452_right,0.98756546,0.009973263,0.008283729
8348,10454_left,0.98740965,0.010122267,0.0082327565
8349,10454_right,0.1864558,0.02841197,0.7493383
8350,10457_left,0.9833468,0.013822606,0.008431315
8351,10457_right,0.98758566,0.009968904,0.008267363
8352,10458_left,0.20100258,0.7728758,0.03102218
8353,10458_right,0.9864413,0.010986787,0.008287082
8354,10464_left,0.024662096,0.03894329,0.95439816
8355,10464_right,0.058976434,0.7274039,0.15343909
8356,10468_left,0.9875852,0.009971212,0.008263403
8357,10468_right,0.9874056,0.0101149455,0.008253663
8358,10475_left,0.63073057,0.07243762,0.13255401
8359,10475_right,0.03357262,0.6063334,0.32246748
8360,10479_left,0.025085397,0.043484032,0.9488441
8361,10479_right,0.024729306,0.039258137,0.9539437
8362,10481_left,0.98759127,0.009964849,0.008266389
8363,10481_right,0.9875908,0.009964787,0.008266663
8364,10484_left,0.05335396,0.059459586,0.88371164
8365,10484_right,0.035444908,0.15365006,0.8023216
8366,10487_left,0.046597857,0.93943584,0.055930227
8367,10487_right,0.5199545,0.45398137,0.013579116
8368,10489_left,0.025202507,0.044194236,0.94970775
8369,10489_right,0.047266405,0.89709365,0.08139503
8370,10492_left,0.026181476,0.06612668,0.9278828
8371,10492_right,0.02583311,0.043192655,0.94935477
8372,10495_left,0.04629847,0.8043997,0.12879647
8373,10495_right,0.04948741,0.9293527,0.06231211
8374,10501_left,0.9875572,0.009990737,0.008275593
8375,10501_right,0.987591,0.009965,0.008266315
8376,10502_left,0.7376828,0.21384801,0.021838445
8377,10502_right,0.98754275,0.010009185,0.0082623055
8378,10503_left,0.022649648,0.11748716,0.90740705
8379,10503_right,0.024602508,0.039558414,0.9537396
8380,10504_left,0.04365426,0.8200836,0.124967985
8381,10504_right,0.064188,0.928811,0.042157702
8382,10510_left,0.0498519,0.9420282,0.050535876
8383,10510_right,0.04493159,0.94865674,0.050083417
8384,10511_left,0.029581456,0.8584978,0.17343055
8385,10511_right,0.98759127,0.009964858,0.008266381
8386,10513_left,0.030836342,0.6371292,0.34044978
8387,10513_right,0.085695624,0.9042784,0.04731512
8388,10515_left,0.03207018,0.74673384,0.28652355
8389,10515_right,0.79222053,0.19355437,0.020364586
8390,10521_left,0.06688657,0.92167324,0.046862483
8391,10521_right,0.03836329,0.84788775,0.12494417
8392,10523_left,0.98759127,0.009964834,0.008266405
8393,10523_right,0.9875854,0.009960715,0.008270788
8394,10529_left,0.98651564,0.010931563,0.008306955
8395,10529_right,0.98758125,0.009973527,0.008266768
8396,10534_left,0.02477615,0.038898174,0.95411354
8397,10534_right,0.121217445,0.8407915,0.047875855
8398,10541_left,0.98758996,0.009965799,0.008266831
8399,10541_right,0.9875888,0.009966891,0.008266483
8400,10542_left,0.043547202,0.8676596,0.10528454
8401,10542_right,0.051158175,0.87939095,0.085699454
8402,10545_left,0.024720557,0.039076857,0.9541834
8403,10545_right,0.022997236,0.09147523,0.9201742
8404,10548_left,0.043902457,0.9465074,0.05257186
8405,10548_right,0.984602,0.012481563,0.008663364
8406,10550_left,0.04333336,0.9490141,0.051790763
8407,10550_right,0.98588353,0.011279498,0.008526438
8408,10551_left,0.034178916,0.7172572,0.30933586
8409,10551_right,0.02269605,0.067094766,0.9348809
8410,10552_left,0.0625898,0.8513135,0.0839281
8411,10552_right,0.14005357,0.7918421,0.060881793
8412,10553_left,0.98759115,0.009964895,0.008266409
8413,10553_right,0.025020134,0.038805056,0.9538169
8414,10558_left,0.9875765,0.009954787,0.008277526
8415,10558_right,0.98748827,0.009917888,0.008338392
8416,10560_left,0.98758835,0.009963508,0.008268298
8417,10560_right,0.987587,0.009962106,0.008269548
8418,10562_left,0.98656344,0.010873196,0.00832795
8419,10562_right,0.98758763,0.009968048,0.00826648
8420,10563_left,0.9836075,0.013825654,0.007452305
8421,10563_right,0.98759127,0.009964863,0.008266386
8422,10566_left,0.046174552,0.9465579,0.050541118
8423,10566_right,0.693638,0.27187136,0.018892353
8424,10567_left,0.02464125,0.03902196,0.95433027
8425,10567_right,0.03817472,0.9192774,0.079274654
8426,10568_left,0.03379936,0.2408575,0.71943885
8427,10568_right,0.06676008,0.8970258,0.05896281
8428,10569_left,0.024663284,0.038932957,0.9544004
8429,10569_right,0.048425443,0.38183856,0.45873058
8430,10570_left,0.024792874,0.039669547,0.95349115
8431,10570_right,0.024666341,0.038998805,0.95434713
8432,10579_left,0.38694933,0.5621488,0.02780289
8433,10579_right,0.93119246,0.062265355,0.010070483
8434,10583_left,0.3309766,0.6673194,0.02415376
8435,10583_right,0.29715204,0.69885427,0.03464272
8436,10585_left,0.987591,0.009964792,0.008266519
8437,10585_right,0.98758984,0.009964872,0.008267183
8438,10587_left,0.02468003,0.040591218,0.95270383
8439,10587_right,0.39125758,0.6142848,0.025587913
8440,10592_left,0.04133538,0.9182214,0.072372325
8441,10592_right,0.037004344,0.9225711,0.07991833
8442,10594_left,0.02467755,0.039560333,0.95386094
8443,10594_right,0.9872908,0.010292389,0.008110189
8444,10603_left,0.7724725,0.14339818,0.05268605
8445,10603_right,0.91367877,0.05894713,0.018793758
8446,10605_left,0.024546346,0.43250662,0.5295134
8447,10605_right,0.05114902,0.93790174,0.05161054
8448,10606_left,0.9875909,0.009964966,0.008266425
8449,10606_right,0.98759115,0.009964811,0.008266448
8450,10608_left,0.053481292,0.9377739,0.047275435
8451,10608_right,0.09787443,0.8357771,0.05827918
8452,10610_left,0.093352325,0.9005502,0.033549793
8453,10610_right,0.98759127,0.009964881,0.008266381
8454,10612_left,0.043285005,0.94945973,0.051535226
8455,10612_right,0.04331252,0.9503642,0.050900076
8456,10614_left,0.8270467,0.15785629,0.01412655
8457,10614_right,0.09222197,0.89465374,0.042071294
8458,10616_left,0.025269566,0.042331126,0.9490206
8459,10616_right,0.9875909,0.00996515,0.008266323
8460,10619_left,0.08520298,0.8972524,0.046641324
8461,10619_right,0.0802546,0.8964809,0.051724393
8462,10622_left,0.024401564,0.06701436,0.9258873
8463,10622_right,0.023794413,0.32709885,0.69934875
8464,10623_left,0.02467745,0.038950983,0.9543507
8465,10623_right,0.08398396,0.75727665,0.13808818
8466,10624_left,0.8909699,0.07776154,0.031373966
8467,10624_right,0.89306027,0.07345001,0.037478514
8468,10626_left,0.023716317,0.054116063,0.94429004
8469,10626_right,0.044473156,0.9411105,0.05673098
8470,10629_left,0.04405932,0.935397,0.05999975
8471,10629_right,0.043599166,0.95013165,0.050794266
8472,10634_left,0.0247248,0.03937324,0.95388556
8473,10634_right,0.98744756,0.010053033,0.008311045
8474,10636_left,0.9874626,0.009988265,0.008336441
8475,10636_right,0.98749894,0.009931546,0.008327749
8476,10640_left,0.024664437,0.038928688,0.95440173
8477,10640_right,0.98625445,0.010906118,0.008764291
8478,10643_left,0.04694454,0.9410452,0.055028193
8479,10643_right,0.04321063,0.9476304,0.05304322
8480,10644_left,0.98662704,0.010698692,0.008499581
8481,10644_right,0.9083537,0.092562504,0.008510703
8482,10645_left,0.024613773,0.039630525,0.9538583
8483,10645_right,0.020970682,0.31259266,0.7620508
8484,10646_left,0.25032508,0.7281362,0.025391174
8485,10646_right,0.97985244,0.016457744,0.009450126
8486,10647_left,0.96048975,0.03146578,0.0122124525
8487,10647_right,0.987591,0.009965,0.008266425
8488,10649_left,0.041360997,0.9319461,0.06917477
8489,10649_right,0.038460065,0.8028123,0.20826513
8490,10650_left,0.93567646,0.05038266,0.016970102
8491,10650_right,0.9773227,0.018989239,0.009194654
8492,10651_left,0.024705973,0.039294828,0.9539975
8493,10651_right,0.024941854,0.041910145,0.9509481
8494,10653_left,0.035518155,0.10006546,0.8517301
8495,10653_right,0.04783063,0.15647425,0.7551619
8496,10657_left,0.98759127,0.0099648535,0.008266386
8497,10657_right,0.9875864,0.00996325,0.008270491
8498,10658_left,0.6612429,0.33822665,0.0092530465
8499,10658_right,0.9875902,0.009965649,0.008266432
8500,10660_left,0.98759127,0.00996483,0.008266405
8501,10660_right,0.9628284,0.03498594,0.007115252
8502,10664_left,0.042314213,0.94662356,0.05420763
8503,10664_right,0.062188737,0.9191337,0.056284703
8504,10666_left,0.07851992,0.9093485,0.048491184
8505,10666_right,0.0849747,0.89682984,0.05525594
8506,10669_left,0.9500061,0.040371146,0.0109126065
8507,10669_right,0.92777723,0.06049441,0.009976927
8508,10671_left,0.09114559,0.869563,0.06736649
8509,10671_right,0.05539358,0.9086378,0.0707452
8510,10672_left,0.98707694,0.010336724,0.0084388815
8511,10672_right,0.9873072,0.010169159,0.008367082
8512,10674_left,0.3623881,0.6094565,0.024458824
8513,10674_right,0.37734252,0.579955,0.023370298
8514,10675_left,0.98738,0.010115289,0.0083334055
8515,10675_right,0.98697937,0.010454834,0.008393275
8516,10680_left,0.050151646,0.9178345,0.068735614
8517,10680_right,0.024681889,0.03911288,0.9541921
8518,10684_left,0.0422635,0.94607896,0.05531603
8519,10684_right,0.10946643,0.8758666,0.03342044
8520,10688_left,0.043527804,0.94925714,0.05151987
8521,10688_right,0.7261906,0.25334257,0.018028606
8522,10694_left,0.024659872,0.03893917,0.9544048
8523,10694_right,0.024656408,0.038937815,0.95441246
8524,10695_left,0.8735117,0.10141598,0.014245696
8525,10695_right,0.042888578,0.881012,0.11796128
8526,10698_left,0.9873925,0.010111943,0.008293383
8527,10698_right,0.9855269,0.011704731,0.008390021
8528,10701_left,0.041242544,0.9103108,0.0773292
8529,10701_right,0.030034993,0.73004717,0.23913461
8530,10705_left,0.9875907,0.009964548,0.0082667535
8531,10705_right,0.9493064,0.01569797,0.02781132
8532,10710_left,0.9875848,0.009970076,0.008267085
8533,10710_right,0.9853452,0.0116665065,0.008851964
8534,10720_left,0.8238077,0.15991369,0.0189512
8535,10720_right,0.05833981,0.9337683,0.04440047
8536,10722_left,0.9824766,0.014232438,0.009121301
8537,10722_right,0.8950852,0.08735836,0.019684307
8538,10723_left,0.9679059,0.026539622,0.009560501
8539,10723_right,0.9165791,0.07300728,0.007872598
8540,10726_left,0.026894242,0.04985749,0.9408963
8541,10726_right,0.93762714,0.051344577,0.014109554
8542,10727_left,0.98759127,0.0099648535,0.008266386
8543,10727_right,0.98759127,0.00996484,0.008266397
8544,10729_left,0.043505464,0.95016146,0.0507819
8545,10729_right,0.042890612,0.9487871,0.052676294
8546,10731_left,0.39416075,0.5954576,0.015340718
8547,10731_right,0.30950135,0.671075,0.020335687
8548,10732_left,0.024674827,0.03891721,0.9543887
8549,10732_right,0.96773684,0.026091311,0.010511276
8550,10734_left,0.9875871,0.009962807,0.008269447
8551,10734_right,0.9875815,0.009967046,0.00827125
8552,10737_left,0.024752058,0.044987865,0.9476336
8553,10737_right,0.04630204,0.9464857,0.049617685
8554,10743_left,0.98759115,0.009964858,0.008266413
8555,10743_right,0.98759127,0.00996484,0.0082664015
8556,10745_left,0.056606,0.9338696,0.04865971
8557,10745_right,0.07938153,0.90680623,0.046656575
8558,10748_left,0.93451077,0.052373283,0.01669026
8559,10748_right,0.80113727,0.1756921,0.023682447
8560,10751_left,0.98758477,0.009968001,0.008267992
8561,10751_right,0.98758835,0.0099670505,0.008266558
8562,10752_left,0.045035217,0.877935,0.11056015
8563,10752_right,0.9819536,0.015267737,0.0082353735
8564,10754_left,0.9401692,0.015719911,0.046719074
8565,10754_right,0.9874396,0.010066699,0.00830681
8566,10755_left,0.07933419,0.91110563,0.038499292
8567,10755_right,0.044113517,0.94860846,0.0513095
8568,10758_left,0.9870301,0.010424904,0.008209239
8569,10758_right,0.9874845,0.010034945,0.008277252
8570,10761_left,0.98729193,0.01022282,0.008296901
8571,10761_right,0.987586,0.009968777,0.008267918
8572,10762_left,0.042805642,0.9491568,0.05249188
8573,10762_right,0.04368094,0.95000374,0.050754298
8574,10763_left,0.044495624,0.92705506,0.07130932
8575,10763_right,0.19472845,0.77310055,0.03499641
8576,10770_left,0.98705786,0.010511088,0.008081183
8577,10770_right,0.05978116,0.9329243,0.042483248
8578,10771_left,0.056149226,0.9354782,0.04785801
8579,10771_right,0.9875037,0.010026488,0.008291755
8580,10772_left,0.04603116,0.82920825,0.15183762
8581,10772_right,0.08529949,0.8582928,0.0682334
8582,10773_left,0.047186453,0.8246256,0.11196345
8583,10773_right,0.0707784,0.78814316,0.13263477
8584,10777_left,0.7379025,0.2367401,0.024114342
8585,10777_right,0.7747236,0.20382474,0.017749611
8586,10779_left,0.9640981,0.027879437,0.012614343
8587,10779_right,0.04374728,0.9442154,0.055700522
8588,10781_left,0.98751885,0.01001627,0.0082891015
8589,10781_right,0.9875144,0.010032676,0.008265103
8590,10782_left,0.024656467,0.038942907,0.95440716
8591,10782_right,0.023977028,0.13235776,0.8715292
8592,10785_left,0.02620236,0.6934335,0.2584861
8593,10785_right,0.22962575,0.76639265,0.032892123
8594,10786_left,0.98750997,0.0100218505,0.008287992
8595,10786_right,0.46260342,0.21746622,0.14834087
8596,10787_left,0.28803465,0.71687746,0.022889797
8597,10787_right,0.18157819,0.8189474,0.022432277
8598,10790_left,0.98759115,0.009964891,0.008266378
8599,10790_right,0.98759127,0.0099648535,0.008266386
8600,10791_left,0.047820523,0.893886,0.08066447
8601,10791_right,0.042292345,0.7718983,0.1492991
8602,10792_left,0.046450883,0.9352625,0.060392737
8603,10792_right,0.044722084,0.91930324,0.069022976
8604,10794_left,0.024701634,0.039107382,0.9542085
8605,10794_right,0.02466032,0.03895216,0.9543904
8606,10808_left,0.048976757,0.89136404,0.09221713
8607,10808_right,0.03257831,0.82433873,0.19865337
8608,10810_left,0.13734953,0.8419827,0.04203856
8609,10810_right,0.986476,0.010906365,0.008458342
8610,10811_left,0.024662703,0.03925271,0.95415086
8611,10811_right,0.024667436,0.03930804,0.95408803
8612,10812_left,0.9875793,0.009972807,0.008269568
8613,10812_right,0.9874653,0.010055435,0.008323639
8614,10814_left,0.9868063,0.009889451,0.0088832285
8615,10814_right,0.987591,0.009964764,0.008266491
8616,10815_left,0.04459509,0.9466299,0.052920677
8617,10815_right,0.47945696,0.5442806,0.018134465
8618,10819_left,0.040966425,0.92481804,0.07639133
8619,10819_right,0.043031864,0.94903463,0.05226573
8620,10822_left,0.97047126,0.025750773,0.008770627
8621,10822_right,0.025836756,0.53918624,0.52575207
8622,10823_left,0.9869752,0.010631695,0.00798373
8623,10823_right,0.034280084,0.70122993,0.32060194
8624,10827_left,0.036658812,0.6307017,0.31124505
8625,10827_right,0.9875695,0.009982646,0.008270968
8626,10831_left,0.04196463,0.929981,0.07243485
8627,10831_right,0.052240256,0.94141865,0.04913012
8628,10832_left,0.955529,0.035692777,0.014269641
8629,10832_right,0.98753524,0.010015065,0.008267409
8630,10833_left,0.98759115,0.009964915,0.00826635
8631,10833_right,0.98759127,0.0099648535,0.008266389
8632,10835_left,0.987583,0.0099729905,0.008265354
8633,10835_right,0.98612565,0.0113288425,0.008099011
8634,10838_left,0.97935736,0.017552149,0.008553331
8635,10838_right,0.4725111,0.42672953,0.035712723
8636,10839_left,0.26998416,0.72173864,0.030637134
8637,10839_right,0.9852035,0.011761083,0.008904551
8638,10842_left,0.98758954,0.009965959,0.008266491
8639,10842_right,0.96248174,0.029436294,0.012881804
8640,10844_left,0.025270622,0.054991648,0.9370114
8641,10844_right,0.025107428,0.04130028,0.95110273
8642,10845_left,0.024661075,0.03893858,0.9544029
8643,10845_right,0.042245477,0.9449358,0.056389447
8644,10848_left,0.034066927,0.59765,0.32930672
8645,10848_right,0.03135795,0.42129797,0.62330145
8646,10851_left,0.31188795,0.52455395,0.0857357
8647,10851_right,0.027784724,0.058048233,0.93013906
8648,10853_left,0.94933563,0.03974236,0.007667754
8649,10853_right,0.024440242,0.042797107,0.9503954
8650,10854_left,0.024568586,0.07960505,0.9105002
8651,10854_right,0.026051993,0.048710965,0.94269437
8652,10861_left,0.12640893,0.8259435,0.051770087
8653,10861_right,0.9872531,0.010232807,0.008358667
8654,10864_left,0.09765914,0.8943604,0.03452807
8655,10864_right,0.040878896,0.9331882,0.06454763
8656,10865_left,0.044167325,0.9462093,0.053169277
8657,10865_right,0.08909359,0.9087913,0.043215748
8658,10873_left,0.9295359,0.059114803,0.014643736
8659,10873_right,0.46139675,0.5445355,0.021665668
8660,10874_left,0.024434555,0.045780916,0.947922
8661,10874_right,0.024863604,0.039506204,0.9533053
8662,10879_left,0.1172188,0.8600831,0.058922973
8663,10879_right,0.9868868,0.010551734,0.008375327
8664,10883_left,0.98756,0.009987591,0.008273186
8665,10883_right,0.8623838,0.118586704,0.019538572
8666,10884_left,0.9875093,0.010003663,0.0083117215
8667,10884_right,0.98696005,0.010428579,0.008457427
8668,10886_left,0.032753948,0.72599983,0.21349904
8669,10886_right,0.9875842,0.009970688,0.008265822
8670,10891_left,0.024757976,0.039143726,0.9539305
8671,10891_right,0.043885995,0.9471996,0.052627414
8672,10897_left,0.041332748,0.6697006,0.25980684
8673,10897_right,0.9823093,0.01483753,0.008410114
8674,10903_left,0.043433324,0.9423204,0.058335703
8675,10903_right,0.041304678,0.94191283,0.059340034
8676,10904_left,0.056547217,0.93031657,0.04987031
8677,10904_right,0.024176328,0.06263658,0.9368349
8678,10907_left,0.9875894,0.009966505,0.008266362
8679,10907_right,0.9875844,0.009970369,0.008267715
8680,10908_left,0.026404427,0.046910148,0.94371593
8681,10908_right,0.07747518,0.8872544,0.073303595
8682,10913_left,0.9875907,0.009965051,0.008266702
8683,10913_right,0.9875907,0.009965234,0.008266694
8684,10915_left,0.98759127,0.0099648535,0.008266386
8685,10915_right,0.98759043,0.009964251,0.008267015
8686,10916_left,0.033215735,0.56077796,0.4703579
8687,10916_right,0.98759127,0.0099648535,0.008266386
8688,10919_left,0.98759115,0.009964877,0.008266386
8689,10919_right,0.98759115,0.00996484,0.008266405
8690,10920_left,0.043845627,0.9497464,0.05076287
8691,10920_right,0.35946772,0.6197804,0.019320197
8692,10923_left,0.041810066,0.9460561,0.056229763
8693,10923_right,0.9871743,0.010295738,0.0083749555
8694,10924_left,0.98442346,0.012349889,0.008903104
8695,10924_right,0.98747593,0.010060372,0.008277279
8696,10925_left,0.5954604,0.30943146,0.02819943
8697,10925_right,0.985617,0.011356782,0.008959496
8698,10930_left,0.98754996,0.009999012,0.00827362
8699,10930_right,0.9852942,0.01164319,0.009032517
8700,10931_left,0.022201369,0.10942044,0.90961856
8701,10931_right,0.27409315,0.6773715,0.035312
8702,10934_left,0.043723986,0.9497546,0.05076372
8703,10934_right,0.043244097,0.9450005,0.055238344
8704,10936_left,0.025042128,0.03981068,0.95286316
8705,10936_right,0.02774935,0.18752585,0.7844599
8706,10940_left,0.98730856,0.010189285,0.008331633
8707,10940_right,0.98759127,0.0099648535,0.008266386
8708,10941_left,0.96260434,0.02947544,0.010118593
8709,10941_right,0.0807903,0.91257584,0.034061495
8710,10942_left,0.46948949,0.48126253,0.029497776
8711,10942_right,0.045909904,0.8586922,0.0995847
8712,10943_left,0.025437271,0.041929472,0.95097893
8713,10943_right,0.043126892,0.76033914,0.16399707
8714,10945_left,0.041261744,0.7737666,0.17248933
8715,10945_right,0.90497285,0.0728758,0.0127239125
8716,10947_left,0.98759115,0.009964844,0.008266413
8717,10947_right,0.98759115,0.00996483,0.008266409
8718,10952_left,0.025502427,0.04916352,0.94284797
8719,10952_right,0.02465705,0.0389556,0.9543964
8720,10954_left,0.024723748,0.03911705,0.95413446
8721,10954_right,0.025664965,0.045079328,0.9483706
8722,10960_left,0.0247818,0.03893538,0.9541691
8723,10960_right,0.041256227,0.8153681,0.1264704
8724,10961_left,0.9875901,0.00996572,0.008266507
8725,10961_right,0.9872273,0.010307031,0.008252758
8726,10962_left,0.024896918,0.0390661,0.95359206
8727,10962_right,0.9872972,0.010210192,0.008286804
8728,10963_left,0.04996991,0.94330007,0.047879547
8729,10963_right,0.040843196,0.94166565,0.061724782
8730,10966_left,0.98759127,0.00996484,0.0082664015
8731,10966_right,0.987591,0.009964717,0.008266519
8732,10969_left,0.98420435,0.008456339,0.011362743
8733,10969_right,0.9208057,0.0057333116,0.07742663
8734,10970_left,0.02441165,0.04158521,0.9515662
8735,10970_right,0.024769101,0.03918286,0.9539986
8736,10974_left,0.28815037,0.7073659,0.029620647
8737,10974_right,0.041724082,0.85852987,0.109628305
8738,10975_left,0.9875907,0.009965286,0.008266386
8739,10975_right,0.98758906,0.009965643,0.008267117
8740,10976_left,0.02473358,0.039613795,0.95364106
8741,10976_right,0.043109167,0.85156757,0.106262065
8742,10977_left,0.047622107,0.94062936,0.055191677
8743,10977_right,0.9673381,0.029285638,0.00706961
8744,10983_left,0.8385497,0.15684392,0.010514223
8745,10983_right,0.8883527,0.09885012,0.011169338
8746,10987_left,0.98523015,0.011840165,0.008651872
8747,10987_right,0.98750997,0.010028912,0.0082809245
8748,10988_left,0.96303844,0.03282089,0.008010118
8749,10988_right,0.9671009,0.027646879,0.010089887
8750,10989_left,0.04951707,0.9424425,0.050214387
8751,10989_right,0.042533815,0.94418067,0.055622622
8752,10994_left,0.033573966,0.80576456,0.20057362
8753,10994_right,0.07860069,0.899489,0.06144142
8754,10996_left,0.02467148,0.038921237,0.95439583
8755,10996_right,0.9875795,0.009961664,0.008274
8756,11003_left,0.209599,0.7868821,0.02763493
8757,11003_right,0.98711187,0.010300048,0.008553481
8758,11005_left,0.034701474,0.89856046,0.098467305
8759,11005_right,0.050442062,0.8764153,0.098873526
8760,11007_left,0.05320241,0.93978393,0.04805303
8761,11007_right,0.98757756,0.009975839,0.008267289
8762,11008_left,0.025837129,0.0388879,0.95227593
8763,11008_right,0.28623584,0.6823092,0.023799662
8764,11010_left,0.07179353,0.89716935,0.05921942
8765,11010_right,0.04379358,0.9467555,0.052553408
8766,11013_left,0.06358032,0.9274254,0.04505962
8767,11013_right,0.027694535,0.13170691,0.8513711
8768,11023_left,0.02464609,0.03923084,0.95410866
8769,11023_right,0.024666559,0.038957626,0.95438075
8770,11026_left,0.042395215,0.9342344,0.06662355
8771,11026_right,0.35807303,0.60756207,0.022169802
8772,11031_left,0.89459294,0.08018409,0.021713143
8773,11031_right,0.9372852,0.049580116,0.01673851
8774,11032_left,0.042972047,0.9465851,0.053944424
8775,11032_right,0.024627585,0.44506878,0.62589705
8776,11035_left,0.98684627,0.01027473,0.008624183
8777,11035_right,0.98749095,0.009983726,0.008317151
8778,11037_left,0.5736951,0.39184195,0.020069266
8779,11037_right,0.9875894,0.009965225,0.008267081
8780,11040_left,0.95162404,0.03417772,0.013836105
8781,11040_right,0.97863764,0.016648255,0.0103611965
8782,11041_left,0.98758954,0.009965432,0.008267128
8783,11041_right,0.987591,0.009965032,0.008266413
8784,11043_left,0.037665993,0.9074025,0.095805675
8785,11043_right,0.076254226,0.8574516,0.10667074
8786,11048_left,0.024752999,0.038893897,0.95421
8787,11048_right,0.7095277,0.2143768,0.02813641
8788,11049_left,0.26674023,0.71801215,0.033185307
8789,11049_right,0.987591,0.009964849,0.008266456
8790,11050_left,0.024654936,0.03893797,0.95441467
8791,11050_right,0.02466567,0.038966425,0.95437795
8792,11053_left,0.9824154,0.014198392,0.00909236
8793,11053_right,0.04752458,0.943267,0.052499734
8794,11054_left,0.039554294,0.81337714,0.13942838
8795,11054_right,0.04397334,0.94739324,0.052302025
8796,11056_left,0.44828138,0.54364973,0.018446632
8797,11056_right,0.053742215,0.91424274,0.06881371
8798,11057_left,0.98546195,0.011711478,0.008682275
8799,11057_right,0.98717016,0.0102817975,0.0083814245
8800,11058_left,0.023051476,0.14286254,0.8682151
8801,11058_right,0.043205004,0.89634687,0.08368896
8802,11067_left,0.059421133,0.3032215,0.5170647
8803,11067_right,0.9875015,0.010052943,0.008249538
8804,11069_left,0.98638576,0.011027926,0.008368622
8805,11069_right,0.04961123,0.9330913,0.056427598
8806,11072_left,0.024577282,0.055992965,0.93582916
8807,11072_right,0.044103827,0.9483169,0.05164848
8808,11079_left,0.9875717,0.009981516,0.008268446
8809,11079_right,0.025446605,0.050660722,0.93982327
8810,11080_left,0.98759127,0.009964877,0.008266381
8811,11080_right,0.9875909,0.00996515,0.008266222
8812,11083_left,0.1771726,0.80957663,0.026999053
8813,11083_right,0.025061997,0.052066956,0.94276416
8814,11085_left,0.15298314,0.82895964,0.04798835
8815,11085_right,0.9853307,0.011967919,0.008386565
8816,11087_left,0.98759127,0.00996484,0.008266405
8817,11087_right,0.9875865,0.009963551,0.008269701
8818,11089_left,0.98759115,0.0099648535,0.0082664015
8819,11089_right,0.9875608,0.009945895,0.008288674
8820,11091_left,0.034902196,0.84776855,0.12794994
8821,11091_right,0.90103847,0.07426947,0.026926894
8822,11095_left,0.16577184,0.81971824,0.028050259
8823,11095_right,0.7366624,0.2380899,0.010679158
8824,11097_left,0.98042864,0.016344283,0.008901429
8825,11097_right,0.9875838,0.009970109,0.008268321
8826,11098_left,0.042395946,0.93859446,0.061512895
8827,11098_right,0.06807469,0.9255526,0.037614867
8828,11099_left,0.04276965,0.94886094,0.052838545
8829,11099_right,0.03904379,0.9145658,0.09064579
8830,11101_left,0.02466265,0.038952697,0.9543859
8831,11101_right,0.2046851,0.79291254,0.024939653
8832,11106_left,0.98759127,0.0099648535,0.008266386
8833,11106_right,0.98759127,0.00996484,0.008266405
8834,11113_left,0.03137674,0.21903066,0.801661
8835,11113_right,0.08848314,0.8960174,0.042851716
8836,11114_left,0.915331,0.06382829,0.01573872
8837,11114_right,0.4258686,0.22508405,0.16818233
8838,11115_left,0.38823074,0.27308622,0.22622809
8839,11115_right,0.39114422,0.059588745,0.38701203
8840,11117_left,0.98759127,0.0099648535,0.008266386
8841,11117_right,0.98759115,0.009964821,0.00826642
8842,11119_left,0.98207664,0.014489961,0.0081508495
8843,11119_right,0.7477726,0.19924885,0.039381433
8844,11120_left,0.055873275,0.76367265,0.17782658
8845,11120_right,0.04488443,0.9459409,0.052589014
8846,11121_left,0.98532605,0.011170708,0.009370065
8847,11121_right,0.98741806,0.009986799,0.008369072
8848,11122_left,0.9341822,0.0728909,0.004756872
8849,11122_right,0.9874582,0.010096809,0.008229736
8850,11123_left,0.043677315,0.9499178,0.050829057
8851,11123_right,0.0471277,0.9434105,0.05218999
8852,11124_left,0.94948715,0.038304817,0.014580626
8853,11124_right,0.9875151,0.01001428,0.008269654
8854,11125_left,0.02490365,0.0422813,0.95058334
8855,11125_right,0.02579764,0.060346738,0.93191224
8856,11127_left,0.028694278,0.23937927,0.74960315
8857,11127_right,0.03089245,0.5563705,0.47902536
8858,11129_left,0.98758715,0.009967766,0.008267487
8859,11129_right,0.024463596,0.04671003,0.9486949
8860,11130_left,0.059147593,0.9283825,0.050277922
8861,11130_right,0.9772041,0.014336801,0.015529221
8862,11132_left,0.044920802,0.9489111,0.04997641
8863,11132_right,0.044972073,0.94916075,0.04969795
8864,11136_left,0.16516703,0.825519,0.025721133
8865,11136_right,0.17375538,0.8187102,0.027686253
8866,11138_left,0.044267785,0.9475497,0.0518028
8867,11138_right,0.046101544,0.8796984,0.08865173
8868,11142_left,0.06504062,0.9173898,0.056338724
8869,11142_right,0.021221248,0.116344295,0.87834984
8870,11143_left,0.98719984,0.010287112,0.008312913
8871,11143_right,0.98726416,0.010185116,0.008448917
8872,11147_left,0.026678052,0.12739743,0.85140526
8873,11147_right,0.03881646,0.92019176,0.083926745
8874,11149_left,0.9835014,0.013575846,0.008525281
8875,11149_right,0.98459435,0.012371893,0.0083125075
8876,11152_left,0.9797633,0.015476176,0.011479727
8877,11152_right,0.9875825,0.009973057,0.008265979
8878,11153_left,0.987591,0.009964985,0.008266342
8879,11153_right,0.92788833,0.06645661,0.0091471905
8880,11155_left,0.024690563,0.039129417,0.95416844
8881,11155_right,0.05350099,0.9212782,0.06110294
8882,11156_left,0.12927054,0.8547682,0.048555423
8883,11156_right,0.03935007,0.91995776,0.083273575
8884,11157_left,0.98759127,0.009964849,0.008266389
8885,11157_right,0.9875909,0.009964693,0.008266624
8886,11158_left,0.98759115,0.009964891,0.008266409
8887,11158_right,0.98759127,0.00996484,0.008266405
8888,11159_left,0.9455236,0.04847703,0.00677137
8889,11159_right,0.68284637,0.1474024,0.08264234
8890,11161_left,0.9655457,0.029992262,0.009792902
8891,11161_right,0.95792425,0.038495876,0.0081138145
8892,11162_left,0.9875896,0.009965362,0.008266741
8893,11162_right,0.9873073,0.010190905,0.008341918
8894,11163_left,0.9201714,0.019905392,0.0400408
8895,11163_right,0.74973196,0.16424814,0.037905693
8896,11164_left,0.0305505,0.1664458,0.8047455
8897,11164_right,0.078827284,0.91615146,0.03879211
8898,11165_left,0.98580223,0.011464986,0.0085052205
8899,11165_right,0.9875887,0.009967177,0.008266311
8900,11169_left,0.7108936,0.18831591,0.048280235
8901,11169_right,0.9840491,0.012719851,0.009061518
8902,11176_left,0.9874901,0.01004745,0.00827281
8903,11176_right,0.98758346,0.00996994,0.008266925
8904,11178_left,0.69766915,0.32131013,0.011199069
8905,11178_right,0.9365075,0.052586313,0.011687732
8906,11180_left,0.98759115,0.009964849,0.008266417
8907,11180_right,0.9875907,0.009964533,0.008266761
8908,11181_left,0.044548437,0.93210393,0.059732426
8909,11181_right,0.9092743,0.070300266,0.018284587
8910,11182_left,0.0246627,0.038936384,0.954402
8911,11182_right,0.024720615,0.03911041,0.95416147
8912,11183_left,0.98759115,0.009964849,0.008266413
8913,11183_right,0.9875378,0.0100119915,0.008269228
8914,11186_left,0.045111626,0.92433834,0.06728518
8915,11186_right,0.09104748,0.7909595,0.11025576
8916,11187_left,0.9688025,0.026769482,0.008626519
8917,11187_right,0.024801677,0.040634956,0.9524619
8918,11192_left,0.054395895,0.90608996,0.07748166
8919,11192_right,0.024932696,0.04064136,0.95215094
8920,11196_left,0.024658531,0.038941167,0.95440674
8921,11196_right,0.027260339,0.21067868,0.83472407
8922,11197_left,0.25946036,0.726407,0.02231824
8923,11197_right,0.037430137,0.6329757,0.37828127
8924,11198_left,0.98759127,0.009964858,0.008266389
8925,11198_right,0.024689054,0.03900078,0.95427644
8926,11203_left,0.9875759,0.00997582,0.008270295
8927,11203_right,0.9875903,0.009965179,0.008266644
8928,11204_left,0.024656214,0.038937222,0.9544126
8929,11204_right,0.022081263,0.079852775,0.9127746
8930,11206_left,0.9875108,0.010036329,0.008261079
8931,11206_right,0.98757255,0.009980404,0.008265549
8932,11207_left,0.87572443,0.11594257,0.012819898
8933,11207_right,0.9735841,0.02245922,0.008927351
8934,11209_left,0.046372987,0.94507045,0.05096196
8935,11209_right,0.12951314,0.85682935,0.030651577
8936,11211_left,0.042513244,0.8555947,0.109328076
8937,11211_right,0.9848867,0.011853081,0.009228913
8938,11216_left,0.6106697,0.3015804,0.02754046
8939,11216_right,0.44131145,0.5072905,0.020299686
8940,11217_left,0.041767906,0.30200112,0.5857022
8941,11217_right,0.18324795,0.7869041,0.031701993
8942,11219_left,0.20893411,0.78713727,0.024695426
8943,11219_right,0.13045268,0.8569654,0.032114193
8944,11221_left,0.43988645,0.56680065,0.025138143
8945,11221_right,0.9716669,0.02214383,0.012705195
8946,11222_left,0.050696574,0.9314923,0.0593292
8947,11222_right,0.04058015,0.9314424,0.07040974
8948,11228_left,0.028457256,0.35058767,0.69728327
8949,11228_right,0.95798826,0.03947628,0.007195774
8950,11229_left,0.45419896,0.28290394,0.13267194
8951,11229_right,0.10819846,0.27167028,0.5659415
8952,11230_left,0.0560711,0.7861446,0.12947404
8953,11230_right,0.042927723,0.9495766,0.051778402
8954,11231_left,0.039364126,0.8914134,0.11180374
8955,11231_right,0.14942595,0.83500797,0.036803495
8956,11232_left,0.044585265,0.9455972,0.053093083
8957,11232_right,0.9853271,0.0116936,0.008746161
8958,11234_left,0.044324636,0.949413,0.05021377
8959,11234_right,0.06859679,0.8683072,0.08561464
8960,11238_left,0.85900277,0.12751758,0.013542452
8961,11238_right,0.7928414,0.17539613,0.014650901
8962,11241_left,0.037233893,0.88048726,0.101086974
8963,11241_right,0.9180417,0.068108894,0.013027582
8964,11243_left,0.9000939,0.09264147,0.012140455
8965,11243_right,0.07883854,0.9193252,0.04219771
8966,11244_left,0.034484297,0.7227865,0.23318237
8967,11244_right,0.056535084,0.9339647,0.04804413
8968,11246_left,0.98759127,0.009964863,0.008266386
8969,11246_right,0.9875787,0.009973988,0.008268321
8970,11247_left,0.98706144,0.010310052,0.008436172
8971,11247_right,0.9791101,0.011414507,0.012629176
8972,11249_left,0.025374118,0.10392001,0.88535225
8973,11249_right,0.046761077,0.94492334,0.05156945
8974,11261_left,0.20235305,0.7497923,0.037605166
8975,11261_right,0.20045468,0.7632445,0.042935267
8976,11262_left,0.66243345,0.30429232,0.015936889
8977,11262_right,0.70711315,0.24516165,0.015864817
8978,11263_left,0.05557291,0.42722502,0.53727394
8979,11263_right,0.07234351,0.85743785,0.09290324
8980,11265_left,0.9875903,0.0099656535,0.008266213
8981,11265_right,0.98731333,0.010130029,0.008339086
8982,11267_left,0.041940197,0.8358695,0.1514122
8983,11267_right,0.22050078,0.7865374,0.03319253
8984,11268_left,0.060295936,0.93293756,0.04322661
8985,11268_right,0.9750245,0.021262128,0.008282322
8986,11270_left,0.040388756,0.94281363,0.060235072
8987,11270_right,0.04272439,0.94521457,0.054669317
8988,11271_left,0.24740766,0.7539033,0.040059626
8989,11271_right,0.98759127,0.009964858,0.008266389
8990,11273_left,0.05233535,0.93589514,0.053108525
8991,11273_right,0.98750275,0.010035551,0.008282248
8992,11283_left,0.9784832,0.014174093,0.011984388
8993,11283_right,0.9525664,0.035797685,0.014904025
8994,11288_left,0.034674533,0.59497,0.32426575
8995,11288_right,0.03404953,0.6950006,0.2974321
8996,11289_left,0.07583298,0.9168126,0.040744323
8997,11289_right,0.9871996,0.010318789,0.008255923
8998,11291_left,0.05886821,0.93289846,0.045033697
8999,11291_right,0.048398547,0.94310904,0.050654642
9000,11292_left,0.9875909,0.0099647315,0.008266569
9001,11292_right,0.98759127,0.009964858,0.008266397
9002,11293_left,0.048634592,0.9368055,0.055772346
9003,11293_right,0.9875196,0.010019571,0.00827735
9004,11294_left,0.98759127,0.00996484,0.0082664015
9005,11294_right,0.9875887,0.009964115,0.008267839
9006,11298_left,0.9849064,0.012428654,0.008314701
9007,11298_right,0.98685294,0.010716548,0.008033614
9008,11299_left,0.043269426,0.95018935,0.051064227
9009,11299_right,0.0421946,0.9358798,0.06495015
9010,11301_left,0.034621086,0.6814027,0.24104863
9011,11301_right,0.03369067,0.66990584,0.2635714
9012,11304_left,0.024659302,0.038949735,0.9543924
9013,11304_right,0.02241708,0.05759149,0.94176966
9014,11305_left,0.9498123,0.03954483,0.015352051
9015,11305_right,0.98759115,0.009964895,0.008266386
9016,11308_left,0.54291713,0.44232735,0.024797434
9017,11308_right,0.04905397,0.9383212,0.052382987
9018,11310_left,0.9737369,0.021843426,0.008833417
9019,11310_right,0.96580404,0.026544727,0.009170103
9020,11313_left,0.044387437,0.94861734,0.050904248
9021,11313_right,0.98085505,0.015592735,0.009158326
9022,11314_left,0.044838272,0.91915417,0.07008637
9023,11314_right,0.039200287,0.91768056,0.0811126
9024,11315_left,0.07066484,0.9213591,0.04422293
9025,11315_right,0.36510098,0.6000633,0.016915135
9026,11316_left,0.035349116,0.6665135,0.35002303
9027,11316_right,0.037503514,0.31831366,0.61755764
9028,11317_left,0.91830635,0.07290105,0.010595928
9029,11317_right,0.9686772,0.025933353,0.0077596
9030,11319_left,0.093721,0.83506566,0.07718697
9031,11319_right,0.04836605,0.93480706,0.057229284
9032,11321_left,0.048833244,0.9446618,0.04945617
9033,11321_right,0.05791,0.9312716,0.05081774
9034,11325_left,0.09351447,0.86334556,0.050620943
9035,11325_right,0.9875888,0.009966838,0.008266729
9036,11326_left,0.61213523,0.2235794,0.09350709
9037,11326_right,0.02517525,0.03874994,0.95353955
9038,11332_left,0.9681235,0.012411523,0.01833804
9039,11332_right,0.5574199,0.038680147,0.25833583
9040,11335_left,0.27412114,0.7023602,0.019453637
9041,11335_right,0.72329485,0.23013665,0.014249848
9042,11340_left,0.024671802,0.038972016,0.95435655
9043,11340_right,0.92419595,0.07580802,0.007545117
9044,11341_left,0.0499033,0.9076153,0.0785292
9045,11341_right,0.047427006,0.877071,0.10880297
9046,11345_left,0.36231562,0.5247125,0.0468062
9047,11345_right,0.9874769,0.010060286,0.008276559
9048,11348_left,0.03354199,0.60562783,0.35948005
9049,11348_right,0.043360554,0.9502973,0.050956037
9050,11349_left,0.039527036,0.16499075,0.82268757
9051,11349_right,0.08580373,0.68330735,0.19390006
9052,11362_left,0.98759115,0.009964858,0.008266405
9053,11362_right,0.9875327,0.010017703,0.008267918
9054,11364_left,0.9683272,0.026626859,0.010332832
9055,11364_right,0.9767086,0.018958,0.0090465825
9056,11365_left,0.9875908,0.009964613,0.008266799
9057,11365_right,0.9875909,0.009964689,0.008266655
9058,11366_left,0.98699284,0.010335925,0.008440617
9059,11366_right,0.9873487,0.010183837,0.0082554
9060,11370_left,0.8632138,0.13439745,0.010721094
9061,11370_right,0.6205662,0.3512349,0.027068764
9062,11371_left,0.04390759,0.9304633,0.065678366
9063,11371_right,0.08651071,0.89744896,0.04850434
9064,11375_left,0.04734317,0.9423466,0.053958714
9065,11375_right,0.26693287,0.71995753,0.016501063
9066,11378_left,0.027332505,0.60848385,0.43272007
9067,11378_right,0.041314717,0.94243866,0.057820544
9068,11382_left,0.98752767,0.010012682,0.008283693
9069,11382_right,0.9844965,0.012571481,0.008610405
9070,11384_left,0.040788263,0.8962945,0.095308915
9071,11384_right,0.0581142,0.82324535,0.12652874
9072,11385_left,0.98759055,0.00996483,0.008266745
9073,11385_right,0.987591,0.009964971,0.008266393
9074,11387_left,0.83339065,0.13410953,0.01459234
9075,11387_right,0.9192783,0.06615107,0.013780043
9076,11388_left,0.9875066,0.010042911,0.00825035
9077,11388_right,0.98728395,0.010238401,0.008278939
9078,11391_left,0.97835517,0.01716689,0.009947627
9079,11391_right,0.9843055,0.012541943,0.008955945
9080,11392_left,0.044005226,0.94944096,0.05079716
9081,11392_right,0.047538806,0.9465472,0.048777293
9082,11393_left,0.987177,0.010312192,0.008276935
9083,11393_right,0.98759127,0.0099648535,0.008266389
9084,11394_left,0.028939331,0.24621147,0.7843547
9085,11394_right,0.10018305,0.89165866,0.030931832
9086,11395_left,0.04319092,0.944765,0.055668
9087,11395_right,0.05813259,0.9280912,0.053255398
9088,11397_left,0.9874778,0.010050888,0.008291814
9089,11397_right,0.98758715,0.009968707,0.008265748
9090,11407_left,0.025356404,0.043221917,0.94846964
9091,11407_right,0.17350303,0.81898504,0.025269577
9092,11408_left,0.028398281,0.13605595,0.8525265
9093,11408_right,0.023803702,0.1024149,0.90243566
9094,11409_left,0.027209662,0.1394519,0.842193
9095,11409_right,0.40567848,0.44153762,0.06632837
9096,11417_left,0.024718609,0.03913833,0.95405537
9097,11417_right,0.024609562,0.039889585,0.95358425
9098,11420_left,0.987519,0.010010201,0.008282507
9099,11420_right,0.9875909,0.009964642,0.00826662
9100,11421_left,0.96716934,0.026424916,0.011111514
9101,11421_right,0.9781818,0.011273592,0.015643502
9102,11425_left,0.90209544,0.081996046,0.0088482285
9103,11425_right,0.38462034,0.61045057,0.018544413
9104,11427_left,0.98759127,0.009964858,0.008266386
9105,11427_right,0.98759127,0.0099648535,0.008266389
9106,11428_left,0.04022003,0.9360967,0.06654532
9107,11428_right,0.057869505,0.93374413,0.046010308
9108,11431_left,0.024679635,0.039010208,0.95430976
9109,11431_right,0.080027275,0.87365645,0.07936122
9110,11432_left,0.04348611,0.9493475,0.05137906
9111,11432_right,0.044210564,0.9487449,0.050961275
9112,11435_left,0.024647888,0.15656757,0.88467896
9113,11435_right,0.02357285,0.063189015,0.9362416
9114,11437_left,0.06573688,0.9246658,0.046578307
9115,11437_right,0.36468607,0.606768,0.01810028
9116,11438_left,0.036112446,0.74585664,0.19379407
9117,11438_right,0.025186649,0.04926929,0.94281965
9118,11439_left,0.024666123,0.038928635,0.95439565
9119,11439_right,0.043131694,0.9368575,0.06309847
9120,11443_left,0.05878447,0.91697985,0.0577681
9121,11443_right,0.08348677,0.8856697,0.04933667
9122,11444_left,0.023365727,0.27246505,0.72392595
9123,11444_right,0.04696273,0.92893887,0.06521195
9124,11445_left,0.98671687,0.010645046,0.008304234
9125,11445_right,0.9481668,0.041505493,0.011345534
9126,11446_left,0.06471808,0.929905,0.037011936
9127,11446_right,0.046919595,0.9396978,0.052593358
9128,11448_left,0.98759127,0.0099648535,0.008266386
9129,11448_right,0.9873934,0.010032429,0.00836764
9130,11455_left,0.98759127,0.0099648535,0.008266386
9131,11455_right,0.98759127,0.0099648535,0.008266386
9132,11462_left,0.052476715,0.9417706,0.04501496
9133,11462_right,0.9459147,0.050202288,0.007987508
9134,11464_left,0.02473665,0.038959716,0.9542023
9135,11464_right,0.024007635,0.07500022,0.9179202
9136,11471_left,0.98759127,0.009964858,0.008266381
9137,11471_right,0.98759127,0.0099648535,0.008266386
9138,11474_left,0.024948593,0.059551235,0.934653
9139,11474_right,0.980138,0.016563326,0.008314186
9140,11476_left,0.5095005,0.49504447,0.0108908005
9141,11476_right,0.5002235,0.49043813,0.011024089
9142,11482_left,0.98759115,0.009964815,0.008266452
9143,11482_right,0.98759127,0.009964849,0.008266389
9144,11484_left,0.98750615,0.010027004,0.008277956
9145,11484_right,0.9875853,0.009969469,0.008267898
9146,11485_left,0.041404303,0.9436531,0.056969486
9147,11485_right,0.2883709,0.6801986,0.02686847
9148,11487_left,0.98758715,0.009966961,0.008267891
9149,11487_right,0.9875897,0.0099654645,0.008266569
9150,11490_left,0.98759127,0.009964849,0.008266389
9151,11490_right,0.9875909,0.009964755,0.008266655
9152,11492_left,0.025540862,0.09703715,0.89261496
9153,11492_right,0.024808114,0.039645404,0.9534835
9154,11494_left,0.9875801,0.009970768,0.008270112
9155,11494_right,0.98733425,0.010213242,0.008230254
9156,11495_left,0.98732865,0.010190905,0.008293417
9157,11495_right,0.10463695,0.3067582,0.49259946
9158,11496_left,0.076782614,0.91198295,0.050422132
9159,11496_right,0.107444674,0.8817847,0.03647102
9160,11500_left,0.038627982,0.87249506,0.111173145
9161,11500_right,0.0267946,0.07757317,0.91216296
9162,11503_left,0.9861648,0.010755975,0.008893125
9163,11503_right,0.987591,0.009964962,0.008266444
9164,11504_left,0.98759115,0.0099649,0.008266378
9165,11504_right,0.98739064,0.010134405,0.008291775
9166,11505_left,0.32053322,0.64919657,0.019740663
9167,11505_right,0.83307,0.1380478,0.010422419
9168,11512_left,0.08116491,0.900444,0.046531342
9169,11512_right,0.044304524,0.85753375,0.10206773
9170,11516_left,0.98561525,0.011549622,0.008698267
9171,11516_right,0.98626095,0.01120973,0.008193081
9172,11519_left,0.024676416,0.038987298,0.9543374
9173,11519_right,0.024672754,0.0389954,0.95433754
9174,11520_left,0.03097245,0.83326375,0.19096117
9175,11520_right,0.92142075,0.06892317,0.012389682
9176,11526_left,0.0447064,0.9408661,0.056049082
9177,11526_right,0.974498,0.021156847,0.007823988
9178,11527_left,0.7144938,0.19508395,0.06145038
9179,11527_right,0.19565347,0.7907085,0.035591245
9180,11529_left,0.36901224,0.6268705,0.0138914725
9181,11529_right,0.024683693,0.03892265,0.95436054
9182,11534_left,0.987591,0.009964934,0.008266417
9183,11534_right,0.987591,0.009964703,0.008266553
9184,11539_left,0.86709195,0.099377476,0.012951605
9185,11539_right,0.024642823,0.040018883,0.95335895
9186,11541_left,0.92502606,0.06243794,0.015155455
9187,11541_right,0.048337705,0.94512445,0.048075546
9188,11542_left,0.292373,0.39860845,0.16033979
9189,11542_right,0.07494692,0.37099093,0.49163622
9190,11543_left,0.9875907,0.00996491,0.008266757
9191,11543_right,0.98748153,0.010067436,0.008258918
9192,11545_left,0.9875557,0.009996506,0.008266984
9193,11545_right,0.98759115,0.009964962,0.008266319
9194,11546_left,0.987591,0.009964952,0.008266452
9195,11546_right,0.98758686,0.009962996,0.008269419
9196,11547_left,0.9874937,0.010046614,0.008277225
9197,11547_right,0.9875858,0.009966749,0.008268215
9198,11550_left,0.98759115,0.009964957,0.008266386
9199,11550_right,0.98759127,0.009964849,0.008266386
9200,11551_left,0.7248195,0.26766288,0.010405912
9201,11551_right,0.70260644,0.12527603,0.08694473
9202,11553_left,0.9875887,0.009966858,0.008266663
9203,11553_right,0.9875903,0.00996546,0.0082664285
9204,11555_left,0.028499776,0.6911144,0.33122483
9205,11555_right,0.84037113,0.1460686,0.01622025
9206,11573_left,0.21764663,0.7658673,0.02143873
9207,11573_right,0.65272796,0.30363908,0.021702906
9208,11574_left,0.98758686,0.009961344,0.008269806
9209,11574_right,0.9875678,0.009947923,0.008284144
9210,11575_left,0.5169739,0.49723706,0.013138651
9211,11575_right,0.05657204,0.9345725,0.046492346
9212,11579_left,0.024761172,0.039698713,0.9536836
9213,11579_right,0.030705165,0.27594513,0.6748874
9214,11581_left,0.024032747,0.07905608,0.92785275
9215,11581_right,0.027553897,0.06319905,0.92622554
9216,11584_left,0.024765952,0.039291315,0.9538501
9217,11584_right,0.044108853,0.9440696,0.054997284
9218,11590_left,0.98711306,0.010425611,0.008150072
9219,11590_right,0.9827944,0.012928058,0.009322855
9220,11593_left,0.95643944,0.03542844,0.01000996
9221,11593_right,0.9875622,0.009984211,0.008272079
9222,11594_left,0.9875744,0.009979594,0.008267887
9223,11594_right,0.9875894,0.009966391,0.00826653
9224,11598_left,0.9875875,0.009968434,0.008265916
9225,11598_right,0.9875245,0.010031166,0.008251555
9226,11600_left,0.9860547,0.01129655,0.008406305
9227,11600_right,0.9873734,0.010158058,0.00827699
9228,11601_left,0.02497192,0.21674487,0.7758341
9229,11601_right,0.03158637,0.21666849,0.8089549
9230,11603_left,0.024671791,0.038943898,0.9543745
9231,11603_right,0.035100166,0.7911633,0.22940993
9232,11605_left,0.051589373,0.9233617,0.06000112
9233,11605_right,0.047767125,0.8058252,0.1245843
9234,11607_left,0.04467084,0.948793,0.050304133
9235,11607_right,0.18080361,0.8065824,0.027978897
9236,11610_left,0.9745677,0.02281826,0.006948433
9237,11610_right,0.9841532,0.012983207,0.008434406
9238,11612_left,0.8732691,0.09198964,0.016582234
9239,11612_right,0.98673487,0.01070671,0.008342163
9240,11616_left,0.987591,0.009964755,0.008266537
9241,11616_right,0.9875874,0.009962807,0.008269341
9242,11618_left,0.9875908,0.009964689,0.008266702
9243,11618_right,0.97980803,0.015247047,0.011749067
9244,11619_left,0.04072795,0.8149128,0.12673092
9245,11619_right,0.038240403,0.90498793,0.09730718
9246,11623_left,0.024759801,0.039406613,0.953836
9247,11623_right,0.024868276,0.03990882,0.95326054
9248,11624_left,0.98759115,0.009964905,0.008266374
9249,11624_right,0.98759115,0.00996484,0.008266405
9250,11625_left,0.98759127,0.009964858,0.008266381
9251,11625_right,0.98759127,0.009964849,0.008266389
9252,11626_left,0.043575037,0.9384577,0.059972733
9253,11626_right,0.03364847,0.80416805,0.21359903
9254,11630_left,0.02499866,0.042561106,0.9507778
9255,11630_right,0.05220058,0.83279896,0.13610287
9256,11631_left,0.98594344,0.011190397,0.008897073
9257,11631_right,0.9875908,0.0099652065,0.008266425
9258,11638_left,0.9875873,0.009962971,0.008269141
9259,11638_right,0.9875907,0.009964689,0.008266729
9260,11639_left,0.987591,0.009964726,0.008266546
9261,11639_right,0.98759127,0.009964849,0.008266389
9262,11640_left,0.98757833,0.009966016,0.008272865
9263,11640_right,0.97824407,0.016923653,0.011030416
9264,11642_left,0.98759055,0.009965244,0.008266726
9265,11642_right,0.98759127,0.0099648535,0.008266386
9266,11645_left,0.9872284,0.010293993,0.008254471
9267,11645_right,0.97420233,0.0215635,0.009720826
9268,11646_left,0.98755884,0.009995558,0.008264064
9269,11646_right,0.50092304,0.4587256,0.029956244
9270,11647_left,0.024552142,0.04055738,0.9530861
9271,11647_right,0.02911701,0.2040933,0.7725845
9272,11648_left,0.02470264,0.03891132,0.9543368
9273,11648_right,0.028351003,0.21371391,0.75400007
9274,11649_left,0.025139295,0.044672363,0.9472817
9275,11649_right,0.984377,0.012649319,0.008725726
9276,11650_left,0.5584789,0.011218613,0.2900418
9277,11650_right,0.025155924,0.039270874,0.9526344
9278,11651_left,0.13226297,0.86357296,0.033788744
9279,11651_right,0.64571345,0.36978266,0.01774416
9280,11652_left,0.987591,0.009964872,0.008266475
9281,11652_right,0.9875907,0.009964501,0.0082668075
9282,11655_left,0.98759127,0.00996483,0.008266409
9283,11655_right,0.987591,0.009964721,0.008266534
9284,11661_left,0.043555614,0.94994885,0.050951403
9285,11661_right,0.04556031,0.9472921,0.0505779
9286,11665_left,0.98759127,0.009964849,0.008266389
9287,11665_right,0.98759127,0.0099648535,0.008266386
9288,11677_left,0.9754739,0.021135567,0.0086666895
9289,11677_right,0.9446552,0.04801545,0.0119859865
9290,11679_left,0.02723803,0.16207555,0.8210172
9291,11679_right,0.027190765,0.1863879,0.7957739
9292,11684_left,0.02659001,0.40920207,0.5570073
9293,11684_right,0.05422918,0.9344069,0.050986692
9294,11691_left,0.0286024,0.11691755,0.8690752
9295,11691_right,0.04167577,0.8007542,0.17074503
9296,11697_left,0.98697144,0.010471225,0.008369753
9297,11697_right,0.98715276,0.010244613,0.008447936
9298,11698_left,0.8698102,0.11682608,0.012928484
9299,11698_right,0.98759055,0.00996467,0.008266827
9300,11703_left,0.54119253,0.26702043,0.0650648
9301,11703_right,0.98759127,0.00996484,0.0082664015
9302,11704_left,0.2487184,0.5732941,0.073413186
9303,11704_right,0.070304565,0.89629734,0.064401574
9304,11707_left,0.13093498,0.86246866,0.040866718
9305,11707_right,0.44043773,0.5643085,0.023048718
9306,11717_left,0.9855838,0.011848274,0.0078280745
9307,11717_right,0.987427,0.010108621,0.008269772
9308,11719_left,0.83769304,0.061397903,0.027294585
9309,11719_right,0.98757255,0.009970468,0.0082717305
9310,11720_left,0.024719004,0.038906936,0.95431125
9311,11720_right,0.044350766,0.9491815,0.050756823
9312,11724_left,0.98758554,0.009969785,0.008266523
9313,11724_right,0.9875908,0.009965102,0.008266507
9314,11726_left,0.9569867,0.035750035,0.009971879
9315,11726_right,0.91766864,0.06355806,0.015183422
9316,11727_left,0.8967785,0.08542937,0.016327119
9317,11727_right,0.98728347,0.010207773,0.0082938885
9318,11730_left,0.056434985,0.93769646,0.046056293
9319,11730_right,0.7554876,0.222651,0.027043244
9320,11734_left,0.024667729,0.039029635,0.9543292
9321,11734_right,0.02711182,0.086382374,0.90250415
9322,11736_left,0.98758614,0.009966759,0.008268426
9323,11736_right,0.98710644,0.010399433,0.008231876
9324,11738_left,0.9875702,0.009984277,0.008262384
9325,11738_right,0.9871818,0.010310568,0.00831463
9326,11740_left,0.2610219,0.6870372,0.040674157
9327,11740_right,0.06049719,0.92772496,0.053730093
9328,11741_left,0.0535683,0.9350483,0.053939555
9329,11741_right,0.78549564,0.19463974,0.017615575
9330,11744_left,0.98759127,0.00996484,0.008266397
9331,11744_right,0.98759115,0.009964783,0.008266456
9332,11749_left,0.055049624,0.9388647,0.047059547
9333,11749_right,0.048627015,0.94451714,0.048816092
9334,11750_left,0.02465932,0.038934894,0.95440865
9335,11750_right,0.026818793,0.16780566,0.80139834
9336,11754_left,0.06905843,0.9129039,0.046939176
9337,11754_right,0.983033,0.013825927,0.008489994
9338,11758_left,0.9871449,0.010321233,0.008356806
9339,11758_right,0.106724456,0.87959427,0.037035517
9340,11759_left,0.024689076,0.039441463,0.953936
9341,11759_right,0.02465791,0.03894338,0.95440596
9342,11760_left,0.050738357,0.9427981,0.049231753
9343,11760_right,0.044000532,0.94830173,0.051573023
9344,11768_left,0.72925395,0.22606987,0.024500785
9345,11768_right,0.5622617,0.3607296,0.040431168
9346,11770_left,0.987591,0.009964826,0.008266475
9347,11770_right,0.98759127,0.009964849,0.008266386
9348,11772_left,0.9805832,0.016019313,0.007982129
9349,11772_right,0.97836566,0.018526334,0.008292273
9350,11773_left,0.038380396,0.93630874,0.06922197
9351,11773_right,0.043764517,0.94900906,0.0514802
9352,11775_left,0.028164038,0.10057487,0.8825871
9353,11775_right,0.02698795,0.15378319,0.85294425
9354,11776_left,0.10779256,0.86849004,0.049763616
9355,11776_right,0.25142577,0.74155307,0.03852431
9356,11778_left,0.045460552,0.94775105,0.050290897
9357,11778_right,0.04738955,0.9455389,0.050053302
9358,11779_left,0.05926943,0.937118,0.044543825
9359,11779_right,0.98732054,0.010203476,0.008272192
9360,11780_left,0.029654704,0.7331222,0.2410933
9361,11780_right,0.0392947,0.9334283,0.065088496
9362,11781_left,0.036774248,0.85778064,0.15475959
9363,11781_right,0.024673248,0.039498057,0.9539034
9364,11786_left,0.04394375,0.93534917,0.06415845
9365,11786_right,0.055541497,0.90581465,0.07834714
9366,11789_left,0.043354265,0.94668,0.05408511
9367,11789_right,0.5081622,0.44113898,0.036545005
9368,11790_left,0.98725986,0.0097933505,0.008502994
9369,11790_right,0.98325735,0.014062298,0.008067782
9370,11791_left,0.2316741,0.75908726,0.018546782
9371,11791_right,0.76095706,0.19167934,0.013716512
9372,11793_left,0.8987816,0.0960116,0.010659162
9373,11793_right,0.53762484,0.37158293,0.021948796
9374,11796_left,0.14486836,0.83245265,0.03733554
9375,11796_right,0.76649916,0.23594677,0.01146477
9376,11802_left,0.98758894,0.009966707,0.00826651
9377,11802_right,0.12119015,0.8629415,0.037099563
9378,11805_left,0.9875838,0.009959384,0.0082721375
9379,11805_right,0.98759127,0.0099648535,0.008266386
9380,11807_left,0.9836437,0.01299503,0.0089224195
9381,11807_right,0.2448027,0.1617616,0.30512628
9382,11808_left,0.9857927,0.011628899,0.00801691
9383,11808_right,0.071741425,0.77257377,0.1565914
9384,11811_left,0.025392449,0.04123244,0.95122904
9385,11811_right,0.98759127,0.009964849,0.008266389
9386,11815_left,0.87963367,0.10336064,0.020190267
9387,11815_right,0.98647946,0.010831555,0.008607817
9388,11816_left,0.98758775,0.009964223,0.008268556
9389,11816_right,0.9875888,0.009963264,0.008268152
9390,11817_left,0.983943,0.012886868,0.009103471
9391,11817_right,0.97807914,0.01825203,0.009154416
9392,11818_left,0.04318497,0.81480926,0.12387982
9393,11818_right,0.83352107,0.14414065,0.012438696
9394,11819_left,0.98537225,0.011620336,0.008485496
9395,11819_right,0.9843237,0.0126810055,0.008636728
9396,11823_left,0.03710953,0.86571527,0.1166253
9397,11823_right,0.02729814,0.74470425,0.28414798
9398,11824_left,0.93553483,0.051300954,0.015627049
9399,11824_right,0.9720186,0.02478039,0.008501972
9400,11826_left,0.024659103,0.038933747,0.9544053
9401,11826_right,0.04047268,0.93987286,0.06252562
9402,11828_left,0.039968077,0.93315023,0.06851578
9403,11828_right,0.024670286,0.03895461,0.9543555
9404,11829_left,0.23416686,0.70845723,0.036439516
9405,11829_right,0.069345675,0.91973394,0.045051828
9406,11830_left,0.1476382,0.8351315,0.029190991
9407,11830_right,0.03052001,0.25502175,0.68835187
9408,11832_left,0.033126954,0.8823856,0.12223539
9409,11832_right,0.041427825,0.9400099,0.062283922
9410,11833_left,0.97646844,0.01853152,0.0085003935
9411,11833_right,0.98498315,0.012214074,0.0085182795
9412,11838_left,0.044149302,0.9490486,0.05091395
9413,11838_right,0.053221248,0.93205106,0.056820497
9414,11840_left,0.025617301,0.048477523,0.9443864
9415,11840_right,0.043549545,0.9502496,0.050725132
9416,11845_left,0.13501912,0.81308913,0.07310793
9417,11845_right,0.9770183,0.018626256,0.009829698
9418,11847_left,0.9763387,0.019133287,0.010371308
9419,11847_right,0.049870886,0.94348794,0.048063587
9420,11849_left,0.6802966,0.28083855,0.012375092
9421,11849_right,0.0246756,0.038923576,0.95437175
9422,11854_left,0.04763133,0.94193053,0.052138876
9423,11854_right,0.024862887,0.039741218,0.95326424
9424,11855_left,0.04198934,0.8122178,0.12964226
9425,11855_right,0.04422706,0.9484912,0.051702432
9426,11856_left,0.9874588,0.010036755,0.008330951
9427,11856_right,0.9839125,0.012500189,0.009861904
9428,11858_left,0.98758054,0.009972576,0.008269811
9429,11858_right,0.98758984,0.009965573,0.008266847
9430,11863_left,0.0400531,0.9197095,0.073328115
9431,11863_right,0.085413784,0.89216137,0.0483791
9432,11866_left,0.024674883,0.03954146,0.9536379
9433,11866_right,0.045798812,0.94834924,0.049176656
9434,11870_left,0.03498705,0.75751275,0.26402393
9435,11870_right,0.04221651,0.93863773,0.0602219
9436,11871_left,0.0524292,0.9400148,0.049246535
9437,11871_right,0.042275757,0.920799,0.076815255
9438,11874_left,0.106129274,0.86440045,0.055971026
9439,11874_right,0.045638606,0.9471689,0.050875824
9440,11888_left,0.02661366,0.20635122,0.7921392
9441,11888_right,0.19948424,0.7927475,0.027729778
9442,11889_left,0.02890495,0.18661328,0.79569024
9443,11889_right,0.029582383,0.046666786,0.93820214
9444,11890_left,0.98759115,0.009964826,0.008266475
9445,11890_right,0.98758847,0.009966815,0.0082667805
9446,11894_left,0.024787104,0.041961692,0.9515867
9447,11894_right,0.9875881,0.00996294,0.008268629
9448,11896_left,0.97809577,0.009667303,0.016791716
9449,11896_right,0.98745733,0.009954011,0.008377347
9450,11899_left,0.044511836,0.9482162,0.05113972
9451,11899_right,0.9363638,0.051673885,0.016064933
9452,11900_left,0.9875802,0.00997428,0.008267081
9453,11900_right,0.9805936,0.014869341,0.010541085
9454,11903_left,0.16593535,0.81754804,0.026606381
9455,11903_right,0.044156164,0.9485193,0.051304482
9456,11904_left,0.9875882,0.009966938,0.008267007
9457,11904_right,0.98756105,0.009985521,0.008275092
9458,11909_left,0.025430983,0.05195808,0.9406262
9459,11909_right,0.029615257,0.82013226,0.1718502
9460,11910_left,0.024702026,0.0396258,0.95369565
9461,11910_right,0.024796221,0.040861335,0.95212483
9462,11913_left,0.034665976,0.9103844,0.100677066
9463,11913_right,0.17505008,0.8101752,0.033555623
9464,11914_left,0.055794775,0.8752775,0.092100024
9465,11914_right,0.08475418,0.9035611,0.04275212
9466,11915_left,0.9875909,0.009964651,0.00826662
9467,11915_right,0.9872091,0.009683285,0.008557752
9468,11916_left,0.98759127,0.0099648535,0.008266386
9469,11916_right,0.98759115,0.009964934,0.008266378
9470,11920_left,0.12551323,0.8575183,0.033761106
9471,11920_right,0.97281396,0.02271511,0.008807848
9472,11923_left,0.055161227,0.93886864,0.044047955
9473,11923_right,0.04899228,0.9389604,0.053283293
9474,11926_left,0.9875907,0.009964571,0.008266745
9475,11926_right,0.98738176,0.0098363,0.008419834
9476,11929_left,0.03983489,0.93318665,0.06898604
9477,11929_right,0.98583174,0.011486255,0.008170495
9478,11930_left,0.046681266,0.94540733,0.05151255
9479,11930_right,0.07069534,0.9227935,0.03642174
9480,11935_left,0.046746563,0.8704225,0.093674906
9481,11935_right,0.070411704,0.9034885,0.05646935
9482,11937_left,0.046225045,0.93238735,0.06078342
9483,11937_right,0.9875425,0.01000893,0.008267175
9484,11940_left,0.045601476,0.9479029,0.05022107
9485,11940_right,0.11928701,0.87013495,0.033948265
9486,11942_left,0.13306041,0.8564395,0.028220007
9487,11942_right,0.036161095,0.9004552,0.10839915
9488,11943_left,0.26067162,0.5727446,0.09116948
9489,11943_right,0.042804275,0.9355904,0.06368368
9490,11946_left,0.28617927,0.6963479,0.038709342
9491,11946_right,0.98682123,0.010605645,0.0083755925
9492,11949_left,0.98759127,0.009964844,0.008266393
9493,11949_right,0.9875908,0.00996459,0.008266699
9494,11952_left,0.8692966,0.11890511,0.012741673
9495,11952_right,0.04862944,0.94449383,0.0484245
9496,11953_left,0.9754411,0.02205942,0.007872787
9497,11953_right,0.02139369,0.34479472,0.66052
9498,11956_left,0.63947487,0.36130217,0.015132363
9499,11956_right,0.04454433,0.7657399,0.23179209
9500,11957_left,0.9875908,0.009965258,0.00826624
9501,11957_right,0.98759127,0.009964849,0.008266389
9502,11959_left,0.9872126,0.010260086,0.008381516
9503,11959_right,0.98743665,0.010088296,0.008307226
9504,11962_left,0.044397473,0.94694746,0.05228534
9505,11962_right,0.03969973,0.819669,0.14575389
9506,11965_left,0.98368883,0.01334206,0.008546052
9507,11965_right,0.045216087,0.9430305,0.056000944
9508,11966_left,0.94145566,0.043039236,0.013227768
9509,11966_right,0.98712265,0.010324171,0.008304268
9510,11968_left,0.98665327,0.010758329,0.008389251
9511,11968_right,0.049952064,0.9420338,0.0492978
9512,11970_left,0.98724294,0.010322764,0.008140833
9513,11970_right,0.7813846,0.20463146,0.01737941
9514,11971_left,0.02471531,0.039178133,0.9540755
9515,11971_right,0.053177103,0.90759504,0.06752462
9516,11974_left,0.9843121,0.011868624,0.010601799
9517,11974_right,0.052444275,0.9318902,0.056582566
9518,11975_left,0.98261285,0.014199673,0.008944314
9519,11975_right,0.9875893,0.0099637015,0.008267812
9520,11980_left,0.69870055,0.31389546,0.013394538
9521,11980_right,0.07525397,0.9188306,0.04123297
9522,11982_left,0.07002008,0.9015434,0.05559437
9523,11982_right,0.054477982,0.9352867,0.049805503
9524,11983_left,0.98519045,0.01175367,0.008490074
9525,11983_right,0.94897544,0.03574205,0.014949754
9526,11988_left,0.049296588,0.9421363,0.050856717
9527,11988_right,0.038997527,0.9281482,0.076402724
9528,11989_left,0.024806857,0.040365845,0.95286584
9529,11989_right,0.024657281,0.03894107,0.9544082
9530,11990_left,0.98707366,0.0103984615,0.008270424
9531,11990_right,0.9673989,0.02826953,0.009038405
9532,11992_left,0.8474289,0.12502226,0.010302513
9533,11992_right,0.6448533,0.30067897,0.014639327
9534,11995_left,0.042558007,0.28367826,0.61168486
9535,11995_right,0.039707147,0.4058954,0.55164576
9536,11996_left,0.5676475,0.38691136,0.027936745
9537,11996_right,0.9849659,0.012104901,0.0086044
9538,11997_left,0.9875674,0.009983759,0.008268098
9539,11997_right,0.986267,0.01100747,0.0085023185
9540,12000_left,0.98752844,0.010017656,0.008272205
9541,12000_right,0.98556244,0.011018117,0.009170125
9542,12001_left,0.11600697,0.8240934,0.08457792
9543,12001_right,0.03524101,0.7019515,0.22983903
9544,12003_left,0.037433363,0.80988175,0.14735939
9545,12003_right,0.043339707,0.94574887,0.05426621
9546,12005_left,0.4571894,0.50556666,0.041902624
9547,12005_right,0.9875907,0.009964877,0.008266644
9548,12010_left,0.024405329,0.042763684,0.9504668
9549,12010_right,0.04298445,0.9358534,0.063680895
9550,12014_left,0.04278034,0.944677,0.055847373
9551,12014_right,0.033911504,0.9206253,0.09097815
9552,12018_left,0.041673046,0.9451966,0.05634846
9553,12018_right,0.034154464,0.9180352,0.08723782
9554,12023_left,0.7197203,0.25903672,0.020875365
9555,12023_right,0.9871427,0.010359778,0.008291778
9556,12026_left,0.03099464,0.42992544,0.49428374
9557,12026_right,0.19310792,0.38666916,0.3104406
9558,12027_left,0.98759115,0.009964915,0.008266381
9559,12027_right,0.98745126,0.010081917,0.008286734
9560,12031_left,0.987535,0.009983142,0.00828916
9561,12031_right,0.10878316,0.6820273,0.09209974
9562,12036_left,0.05019881,0.9333378,0.057666123
9563,12036_right,0.026077578,0.04054711,0.9500258
9564,12040_left,0.04931112,0.94379133,0.04810366
9565,12040_right,0.040847283,0.94223946,0.06067394
9566,12042_left,0.049462114,0.9389322,0.055192027
9567,12042_right,0.041122295,0.9356193,0.06760495
9568,12056_left,0.9814447,0.014588192,0.009217022
9569,12056_right,0.08631291,0.90501887,0.036460333
9570,12058_left,0.061197523,0.921738,0.051458992
9571,12058_right,0.14506634,0.8084315,0.04700584
9572,12061_left,0.15448348,0.7824517,0.048800815
9573,12061_right,0.9290703,0.07199778,0.0052754856
9574,12063_left,0.04730807,0.9448556,0.050401445
9575,12063_right,0.05361241,0.92134786,0.06546846
9576,12067_left,0.0876844,0.23039053,0.6029496
9577,12067_right,0.030053014,0.15615161,0.8436446
9578,12068_left,0.03445647,0.17759521,0.76777315
9579,12068_right,0.03038439,0.4407591,0.45860618
9580,12070_left,0.45784226,0.35036394,0.08214735
9581,12070_right,0.19615681,0.7549553,0.04958015
9582,12072_left,0.98759127,0.0099648535,0.008266386
9583,12072_right,0.9875502,0.009986427,0.008279539
9584,12074_left,0.9430556,0.046705473,0.009070308
9585,12074_right,0.9875629,0.009986361,0.008267539
9586,12075_left,0.98759127,0.009964844,0.008266393
9587,12075_right,0.98740023,0.010155134,0.008223904
9588,12076_left,0.04755337,0.94408566,0.05131674
9589,12076_right,0.056500338,0.9378147,0.045971856
9590,12079_left,0.98759127,0.0099648535,0.008266386
9591,12079_right,0.987591,0.009965017,0.00826635
9592,12082_left,0.9874729,0.010085016,0.008223033
9593,12082_right,0.9845338,0.012483443,0.008588952
9594,12086_left,0.6478044,0.22400592,0.031960126
9595,12086_right,0.024834765,0.040276095,0.9530125
9596,12089_left,0.63523054,0.3194282,0.015533591
9597,12089_right,0.9875896,0.009965281,0.008266784
9598,12092_left,0.98759127,0.00996484,0.0082664015
9599,12092_right,0.987591,0.009964863,0.008266468
9600,12095_left,0.7949775,0.19212115,0.01667725
9601,12095_right,0.44207525,0.5718719,0.014019417
9602,12098_left,0.024664426,0.038935456,0.9543992
9603,12098_right,0.048190042,0.9350923,0.05809645
9604,12100_left,0.055992804,0.93656653,0.046069242
9605,12100_right,0.028412197,0.05826855,0.931175
9606,12101_left,0.02469569,0.03904012,0.9541953
9607,12101_right,0.024654403,0.03893883,0.9544154
9608,12103_left,0.04829761,0.61063623,0.3315939
9609,12103_right,0.48329642,0.4442936,0.027438784
9610,12104_left,0.047708068,0.94561243,0.049262386
9611,12104_right,0.7705611,0.19186065,0.040542744
9612,12105_left,0.9873445,0.0101781525,0.008289278
9613,12105_right,0.9757888,0.020140989,0.009628885
9614,12106_left,0.9875909,0.009964778,0.008266601
9615,12106_right,0.98759127,0.00996484,0.0082664015
9616,12107_left,0.06429357,0.92093486,0.047399987
9617,12107_right,0.042460985,0.84385616,0.14369206
9618,12108_left,0.024907906,0.04137901,0.9514611
9619,12108_right,0.024703067,0.03890275,0.9543356
9620,12110_left,0.09170528,0.8984819,0.035100777
9621,12110_right,0.32600996,0.65381414,0.015830489
9622,12111_left,0.024572512,0.04019813,0.95352113
9623,12111_right,0.03524,0.88662124,0.12752634
9624,12114_left,0.23522165,0.74567974,0.020950466
9625,12114_right,0.725749,0.20206021,0.01634692
9626,12119_left,0.043803964,0.94999576,0.050606076
9627,12119_right,0.6077217,0.3792592,0.020141818
9628,12124_left,0.9875216,0.010010877,0.008307261
9629,12124_right,0.968627,0.025443135,0.011475908
9630,12126_left,0.025312154,0.0946389,0.8954503
9631,12126_right,0.9648408,0.029789358,0.0102395415
9632,12127_left,0.1258523,0.863715,0.036194034
9633,12127_right,0.2877925,0.7346051,0.021338565
9634,12128_left,0.95137715,0.029868228,0.030235734
9635,12128_right,0.9758507,0.020875242,0.008670615
9636,12129_left,0.04486805,0.9472751,0.051271092
9637,12129_right,0.044913515,0.9080341,0.075074226
9638,12133_left,0.05365741,0.93929315,0.045720983
9639,12133_right,0.9875854,0.009965978,0.008268661
9640,12139_left,0.9875852,0.009969761,0.008266381
9641,12139_right,0.98759115,0.009964792,0.008266452
9642,12140_left,0.9713812,0.022748262,0.010980318
9643,12140_right,0.94318604,0.047751524,0.012125709
9644,12141_left,0.987591,0.009965017,0.008266342
9645,12141_right,0.987591,0.009964769,0.008266498
9646,12144_left,0.024660084,0.03893303,0.95440674
9647,12144_right,0.98758787,0.009963357,0.008268661
9648,12146_left,0.98759127,0.0099648535,0.008266386
9649,12146_right,0.9875409,0.010016086,0.008251111
9650,12147_left,0.9029775,0.07911486,0.016012505
9651,12147_right,0.04971294,0.94205153,0.050143093
9652,12148_left,0.98759055,0.009964872,0.008266784
9653,12148_right,0.057954077,0.93244624,0.045688353
9654,12149_left,0.03868456,0.7406822,0.23491064
9655,12149_right,0.036761496,0.69604236,0.27634788
9656,12154_left,0.14581773,0.8537735,0.032604586
9657,12154_right,0.9672248,0.024874143,0.012806309
9658,12155_left,0.98759127,0.0099648535,0.008266386
9659,12155_right,0.98759115,0.009964801,0.008266441
9660,12156_left,0.93850034,0.010834243,0.05877371
9661,12156_right,0.9801088,0.0073994864,0.015740478
9662,12157_left,0.024710339,0.040661898,0.9527038
9663,12157_right,0.043530364,0.92550534,0.071783625
9664,12159_left,0.98399323,0.013263374,0.008299715
9665,12159_right,0.98757976,0.009974723,0.008264802
9666,12168_left,0.024677988,0.038913533,0.9543747
9667,12168_right,0.024735317,0.038929243,0.9542365
9668,12170_left,0.915881,0.028598262,0.031193003
9669,12170_right,0.987402,0.010125656,0.008289242
9670,12171_left,0.02689187,0.037906997,0.95009327
9671,12171_right,0.9680829,0.028172368,0.009033251
9672,12175_left,0.9851066,0.011667887,0.009506676
9673,12175_right,0.9875897,0.009965837,0.008266686
9674,12176_left,0.9815956,0.014279142,0.010035291
9675,12176_right,0.9875634,0.009985168,0.008267163
9676,12179_left,0.03775036,0.9207957,0.07670183
9677,12179_right,0.41517165,0.46934032,0.04853463
9678,12182_left,0.4052651,0.610641,0.01584067
9679,12182_right,0.18012853,0.80862105,0.028022166
9680,12187_left,0.9875838,0.0099712955,0.008266776
9681,12187_right,0.9871465,0.010376772,0.008261633
9682,12193_left,0.026027966,0.0464956,0.94566965
9683,12193_right,0.03508506,0.85833037,0.1584458
9684,12194_left,0.98103356,0.015568958,0.008703996
9685,12194_right,0.0862338,0.9055432,0.036516223
9686,12205_left,0.987591,0.009964934,0.0082664285
9687,12205_right,0.98759127,0.009964858,0.008266381
9688,12206_left,0.08091589,0.30198693,0.5106939
9689,12206_right,0.090411,0.21365115,0.5671282
9690,12208_left,0.041810498,0.9432921,0.05835422
9691,12208_right,0.045724533,0.9336178,0.059663747
9692,12209_left,0.9823385,0.015354315,0.007132439
9693,12209_right,0.98616725,0.0111486595,0.0084404135
9694,12210_left,0.94319445,0.04653183,0.014107795
9695,12210_right,0.9870495,0.010400641,0.008369461
9696,12211_left,0.9875329,0.0100217,0.008260367
9697,12211_right,0.97091764,0.025085662,0.0091028055
9698,12213_left,0.29521078,0.67226475,0.03194738
9699,12213_right,0.9782673,0.01742966,0.010317333
9700,12214_left,0.045259222,0.9480717,0.05035644
9701,12214_right,0.04716613,0.9368332,0.059102967
9702,12215_left,0.043811604,0.77945787,0.15065295
9703,12215_right,0.2158988,0.7691329,0.022063006
9704,12216_left,0.141465,0.8167752,0.04340429
9705,12216_right,0.075195335,0.9072712,0.04786416
9706,12225_left,0.08336979,0.9069193,0.040113404
9707,12225_right,0.9398552,0.04893455,0.008463628
9708,12227_left,0.98759115,0.009964923,0.008266378
9709,12227_right,0.9875322,0.010008873,0.008280051
9710,12231_left,0.025098054,0.38802922,0.59732044
9711,12231_right,0.037265647,0.74755543,0.22487381
9712,12232_left,0.044536915,0.94897586,0.050563596
9713,12232_right,0.043848842,0.9497068,0.050759993
9714,12233_left,0.98759127,0.009964849,0.0082664015
9715,12233_right,0.98759115,0.009964887,0.008266378
9716,12238_left,0.9746149,0.021105383,0.00946894
9717,12238_right,0.98516196,0.012025358,0.008473622
9718,12239_left,0.043432314,0.5809187,0.39034697
9719,12239_right,0.81958944,0.15604053,0.010001146
9720,12241_left,0.98753417,0.0100122,0.0082751345
9721,12241_right,0.9875902,0.009965649,0.0082664285
9722,12246_left,0.9485768,0.04188752,0.009880597
9723,12246_right,0.79633474,0.16507883,0.018697793
9724,12247_left,0.98759127,0.009964849,0.008266386
9725,12247_right,0.98759127,0.0099648535,0.008266386
9726,12255_left,0.9870008,0.009761132,0.008707054
9727,12255_right,0.987591,0.009964877,0.008266483
9728,12256_left,0.04326402,0.9446507,0.054627024
9729,12256_right,0.024734678,0.0411773,0.9525219
9730,12257_left,0.028383061,0.04797659,0.9417886
9731,12257_right,0.85879034,0.11610414,0.01474701
9732,12258_left,0.98759127,0.009964844,0.008266397
9733,12258_right,0.98759115,0.009964858,0.00826642
9734,12260_left,0.27584562,0.6923416,0.022370752
9735,12260_right,0.15503512,0.8390051,0.021417694
9736,12264_left,0.04373637,0.82587785,0.12813608
9737,12264_right,0.028602323,0.30528757,0.6420283
9738,12268_left,0.9582625,0.03530196,0.010177552
9739,12268_right,0.9867611,0.010659187,0.008405522
9740,12271_left,0.03025346,0.490255,0.5148647
9741,12271_right,0.037819415,0.7895694,0.2244086
9742,12278_left,0.9875566,0.009981582,0.00827715
9743,12278_right,0.14419225,0.74606735,0.088846244
9744,12279_left,0.9875218,0.010024614,0.008258188
9745,12279_right,0.9875717,0.0099824155,0.008266342
9746,12286_left,0.9875881,0.009966806,0.008267273
9747,12286_right,0.98526055,0.011564106,0.009097529
9748,12287_left,0.9873432,0.010194446,0.008221843
9749,12287_right,0.96192306,0.035245784,0.0073431223
9750,12289_left,0.043632343,0.9463211,0.05412445
9751,12289_right,0.040786237,0.82953024,0.12162234
9752,12290_left,0.031779632,0.5663389,0.39036128
9753,12290_right,0.028584613,0.38873917,0.56171477
9754,12292_left,0.98757046,0.009983216,0.008266726
9755,12292_right,0.9388089,0.039049868,0.023296686
9756,12294_left,0.9070613,0.10495017,0.004381548
9757,12294_right,0.058358494,0.9353806,0.04172083
9758,12295_left,0.98759115,0.009964787,0.008266464
9759,12295_right,0.9875908,0.009964581,0.008266686
9760,12299_left,0.04773038,0.94011897,0.05441661
9761,12299_right,0.9786659,0.017124657,0.009809127
9762,12301_left,0.98758274,0.009971329,0.00826809
9763,12301_right,0.98759043,0.009965535,0.0082664015
9764,12303_left,0.9875802,0.00997657,0.008260774
9765,12303_right,0.9358183,0.013869283,0.032811098
9766,12305_left,0.9875907,0.009964468,0.00826682
9767,12305_right,0.987591,0.009964745,0.008266498
9768,12306_left,0.042565674,0.89189845,0.08528471
9769,12306_right,0.04401827,0.94784087,0.05213496
9770,12307_left,0.9875674,0.00998415,0.008271684
9771,12307_right,0.9870494,0.0103759,0.008460186
9772,12311_left,0.9874702,0.010051486,0.008291222
9773,12311_right,0.98728997,0.010168731,0.008357474
9774,12313_left,0.98759115,0.009964952,0.008266381
9775,12313_right,0.9872808,0.0102165155,0.0082524065
9776,12316_left,0.043640107,0.9491686,0.051528748
9777,12316_right,0.04109299,0.9308867,0.06504713
9778,12320_left,0.038918503,0.9318648,0.06596569
9779,12320_right,0.1345908,0.84462035,0.033646777
9780,12321_left,0.3801672,0.30565935,0.119618386
9781,12321_right,0.9874872,0.010051305,0.00827915
9782,12325_left,0.029485127,0.7560064,0.22654901
9783,12325_right,0.050760303,0.91022736,0.076846756
9784,12326_left,0.98759127,0.009964849,0.008266386
9785,12326_right,0.987591,0.009964712,0.008266542
9786,12327_left,0.04571622,0.21459009,0.7417909
9787,12327_right,0.7566285,0.037538927,0.11798034
9788,12329_left,0.024668004,0.038926367,0.9543963
9789,12329_right,0.024684679,0.038914274,0.95437694
9790,12333_left,0.98753357,0.010021497,0.008259411
9791,12333_right,0.9873903,0.010157003,0.008251282
9792,12335_left,0.9379399,0.05019165,0.0151310265
9793,12335_right,0.9873562,0.010177566,0.008266468
9794,12339_left,0.98757,0.009961401,0.008279836
9795,12339_right,0.98724186,0.010105143,0.00846954
9796,12348_left,0.042095467,0.91995865,0.07097067
9797,12348_right,0.03396936,0.7885435,0.22622594
9798,12349_left,0.8985655,0.08600941,0.012955555
9799,12349_right,0.96212286,0.01802528,0.018092528
9800,12352_left,0.02300837,0.047850776,0.94690067
9801,12352_right,0.025042845,0.039266232,0.95320964
9802,12353_left,0.038687985,0.89701414,0.10997052
9803,12353_right,0.02244605,0.09132987,0.9218437
9804,12356_left,0.0246615,0.039014384,0.95434713
9805,12356_right,0.06380486,0.92696637,0.044532258
9806,12362_left,0.98749,0.010014086,0.008310346
9807,12362_right,0.9869458,0.010516614,0.008206534
9808,12370_left,0.02464106,0.039215386,0.9541494
9809,12370_right,0.0340749,0.4187959,0.54925156
9810,12372_left,0.9828569,0.013710482,0.009466548
9811,12372_right,0.9560233,0.03801514,0.010772502
9812,12378_left,0.85536253,0.009215376,0.0737802
9813,12378_right,0.025348837,0.038377386,0.9532858
9814,12382_left,0.04433691,0.9494859,0.05043551
9815,12382_right,0.043212373,0.9506513,0.050822824
9816,12386_left,0.032154597,0.86540306,0.15807727
9817,12386_right,0.032782406,0.8875695,0.13264357
9818,12392_left,0.8215836,0.10941492,0.02689892
9819,12392_right,0.98754174,0.009947242,0.008295477
9820,12395_left,0.12807089,0.815802,0.059764307
9821,12395_right,0.049153876,0.8852428,0.09530294
9822,12396_left,0.98758894,0.00996331,0.00826818
9823,12396_right,0.98759115,0.009964821,0.008266417
9824,12397_left,0.98647434,0.010687121,0.008685082
9825,12397_right,0.98698413,0.0104230195,0.008455216
9826,12399_left,0.04368082,0.95005494,0.05077121
9827,12399_right,0.04321403,0.95035225,0.051020343
9828,12400_left,0.02856783,0.16021854,0.8197299
9829,12400_right,0.042874064,0.9479057,0.05285881
9830,12403_left,0.04606197,0.94357646,0.053144097
9831,12403_right,0.07043866,0.9200207,0.041674796
9832,12404_left,0.044736978,0.9461889,0.052646082
9833,12404_right,0.91667485,0.0766905,0.008631956
9834,12409_left,0.038479626,0.8046296,0.13965036
9835,12409_right,0.07347948,0.75459826,0.14875306
9836,12410_left,0.829357,0.12723614,0.022844376
9837,12410_right,0.98294926,0.013863858,0.008073237
9838,12411_left,0.8375354,0.15044084,0.014700932
9839,12411_right,0.043233495,0.9506119,0.05082467
9840,12413_left,0.072717465,0.63960797,0.24673305
9841,12413_right,0.91063774,0.027489958,0.051727712
9842,12417_left,0.98758507,0.009968264,0.00827064
9843,12417_right,0.98758787,0.009966223,0.008268477
9844,12418_left,0.031942174,0.8478264,0.16436829
9845,12418_right,0.04289437,0.94879365,0.052392576
9846,12419_left,0.037246935,0.80313694,0.20462042
9847,12419_right,0.024698425,0.039094716,0.95421845
9848,12425_left,0.04801545,0.7910995,0.12597437
9849,12425_right,0.98756915,0.009983099,0.008265342
9850,12428_left,0.98490417,0.012359827,0.0078065125
9851,12428_right,0.98756707,0.009984315,0.008269991
9852,12429_left,0.13690133,0.7614836,0.07157013
9853,12429_right,0.9875901,0.009965573,0.008266679
9854,12432_left,0.929865,0.055513237,0.017281208
9855,12432_right,0.44940495,0.56282717,0.020448087
9856,12433_left,0.9875894,0.00996667,0.008265756
9857,12433_right,0.9860182,0.010955164,0.00880506
9858,12434_left,0.6166037,0.3004978,0.0684292
9859,12434_right,0.98743665,0.010113575,0.008252968
9860,12436_left,0.05916211,0.9281906,0.050854005
9861,12436_right,0.063710816,0.9269992,0.046703536
9862,12437_left,0.078295,0.91264874,0.037769888
9863,12437_right,0.047493238,0.9408131,0.05350133
9864,12441_left,0.028683715,0.048375256,0.9362312
9865,12441_right,0.047666695,0.9009747,0.08804517
9866,12444_left,0.043050863,0.9488481,0.052264646
9867,12444_right,0.65875715,0.32941642,0.017450437
9868,12445_left,0.035692614,0.78868806,0.21892807
9869,12445_right,0.03380901,0.760004,0.22885033
9870,12447_left,0.03758567,0.93458784,0.07268445
9871,12447_right,0.33624712,0.643252,0.016588097
9872,12448_left,0.12847961,0.75465393,0.09314731
9873,12448_right,0.98405474,0.012821975,0.008627726
9874,12450_left,0.9623426,0.029534042,0.008531035
9875,12450_right,0.10222819,0.83607364,0.06396652
9876,12451_left,0.2768444,0.69887066,0.045294728
9877,12451_right,0.083944194,0.7674906,0.14200176
9878,12452_left,0.9061261,0.08341467,0.01086278
9879,12452_right,0.053229094,0.940143,0.048536
9880,12458_left,0.043556977,0.94900936,0.051584754
9881,12458_right,0.043201096,0.90798485,0.08197968
9882,12460_left,0.023363713,0.0581149,0.939438
9883,12460_right,0.75732166,0.25434056,0.011866912
9884,12461_left,0.021753715,0.30602694,0.7569045
9885,12461_right,0.024664868,0.038943004,0.954386
9886,12464_left,0.02439939,0.04558222,0.947873
9887,12464_right,0.98752767,0.010010282,0.008296199
9888,12468_left,0.024804965,0.47935346,0.5455301
9889,12468_right,0.044879258,0.94698423,0.051610865
9890,12469_left,0.043025237,0.94994885,0.05152751
9891,12469_right,0.04029955,0.89791775,0.09818871
9892,12471_left,0.025886977,0.14414369,0.83870536
9893,12471_right,0.98759115,0.009964801,0.008266483
9894,12472_left,0.1276205,0.8603127,0.029392915
9895,12472_right,0.20439357,0.78224385,0.021631403
9896,12474_left,0.9875688,0.009985823,0.008263231
9897,12474_right,0.9856107,0.011686117,0.008481041
9898,12476_left,0.98759115,0.009964821,0.008266417
9899,12476_right,0.9875888,0.009964655,0.008267809
9900,12478_left,0.028522728,0.04548665,0.93967444
9901,12478_right,0.025203772,0.039573055,0.9526109
9902,12480_left,0.9875908,0.009965042,0.008266624
9903,12480_right,0.9875873,0.009965611,0.008268786
9904,12481_left,0.48637247,0.46393016,0.019830747
9905,12481_right,0.81886685,0.13114798,0.013978228
9906,12484_left,0.9875909,0.009965066,0.008266413
9907,12484_right,0.98759115,0.009964934,0.008266393
9908,12488_left,0.98750323,0.010035973,0.008284517
9909,12488_right,0.9808148,0.0162775,0.008286809
9910,12490_left,0.042178098,0.9433983,0.05666007
9911,12490_right,0.025472261,0.18037182,0.8059244
9912,12491_left,0.9875044,0.010028614,0.008289223
9913,12491_right,0.98759115,0.009964891,0.008266381
9914,12492_left,0.045756407,0.94682294,0.050253835
9915,12492_right,0.034363095,0.8261777,0.1778016
9916,12496_left,0.97519946,0.02090434,0.008800771
9917,12496_right,0.9874466,0.010091301,0.008269244
9918,12503_left,0.04732434,0.9453376,0.049846116
9919,12503_right,0.92012215,0.07874921,0.007968622
9920,12506_left,0.9875531,0.009993921,0.008279566
9921,12506_right,0.98759127,0.0099648535,0.008266386
9922,12511_left,0.9871623,0.009772282,0.008565317
9923,12511_right,0.9875414,0.010010791,0.008262391
9924,12513_left,0.96480024,0.029758358,0.0102836415
9925,12513_right,0.9022824,0.08644803,0.012946796
9926,12514_left,0.042700574,0.9472892,0.053234007
9927,12514_right,0.98579514,0.011402552,0.008654567
9928,12515_left,0.98758286,0.009971625,0.008267864
9929,12515_right,0.98759127,0.009964849,0.008266389
9930,12519_left,0.98759127,0.0099648535,0.008266386
9931,12519_right,0.98759115,0.009964801,0.008266448
9932,12521_left,0.9875887,0.009963429,0.008268156
9933,12521_right,0.98758614,0.009963884,0.008269302
9934,12523_left,0.024683135,0.039014373,0.9543102
9935,12523_right,0.06414834,0.9264065,0.04675821
9936,12525_left,0.8756873,0.11419095,0.0127920965
9937,12525_right,0.0737034,0.9174519,0.042757098
9938,12527_left,0.98703533,0.009740371,0.008700458
9939,12527_right,0.98759115,0.009964811,0.008266444
9940,12533_left,0.024758672,0.039340485,0.95378804
9941,12533_right,0.035178818,0.3586462,0.6192455
9942,12536_left,0.98759115,0.00996484,0.008266405
9943,12536_right,0.9865329,0.010346642,0.008962728
9944,12539_left,0.040218227,0.94413614,0.05973579
9945,12539_right,0.74288064,0.14659445,0.022396483
9946,12546_left,0.23822756,0.78772736,0.019444771
9947,12546_right,0.02495807,0.0432254,0.9493747
9948,12547_left,0.9875887,0.009966872,0.008266683
9949,12547_right,0.9875858,0.009968231,0.008267996
9950,12553_left,0.054769877,0.9011112,0.072503395
9951,12553_right,0.049314134,0.93883175,0.05255426
9952,12554_left,0.062956125,0.9261375,0.047943734
9953,12554_right,0.98385864,0.013287004,0.0084547205
9954,12560_left,0.05601737,0.9359332,0.04588527
9955,12560_right,0.04638121,0.94428205,0.052587297
9956,12561_left,0.02478526,0.039462436,0.9536521
9957,12561_right,0.043664448,0.9390747,0.058037248
9958,12563_left,0.02469491,0.03913077,0.95417047
9959,12563_right,0.9842451,0.013904275,0.00662405
9960,12565_left,0.98759115,0.009964821,0.00826642
9961,12565_right,0.9875888,0.009963691,0.00826807
9962,12567_left,0.98759127,0.009964844,0.008266397
9963,12567_right,0.723161,0.28218737,0.016891237
9964,12568_left,0.9874029,0.010111637,0.008305097
9965,12568_right,0.9590009,0.032491833,0.012219166
9966,12573_left,0.98758984,0.009966161,0.008266268
9967,12573_right,0.91032,0.07660032,0.013474974
9968,12575_left,0.025467787,0.08224937,0.906524
9969,12575_right,0.024687987,0.038903877,0.95437145
9970,12577_left,0.047006726,0.9438271,0.052142974
9971,12577_right,0.043695483,0.93069416,0.065902576
9972,12581_left,0.02852216,0.07305376,0.91432756
9973,12581_right,0.04303728,0.93874663,0.0597229
9974,12586_left,0.9875896,0.009966246,0.008266334
9975,12586_right,0.96543634,0.031476665,0.007223207
9976,12587_left,0.04130117,0.9200814,0.070862934
9977,12587_right,0.043826442,0.94843715,0.05152043
9978,12589_left,0.05667014,0.93159366,0.05235201
9979,12589_right,0.6938568,0.27672976,0.023579251
9980,12590_left,0.98758394,0.009969667,0.008270542
9981,12590_right,0.09084629,0.89659566,0.04015683
9982,12591_left,0.9518975,0.03333833,0.010001377
9983,12591_right,0.98745537,0.010076502,0.008264834
9984,12595_left,0.26655513,0.4735614,0.07627717
9985,12595_right,0.67351,0.060303234,0.081386544
9986,12596_left,0.98758906,0.009965931,0.008267202
9987,12596_right,0.048829157,0.7249667,0.17321366
9988,12597_left,0.9875907,0.009965333,0.008266358
9989,12597_right,0.9287463,0.06568684,0.010621995
9990,12602_left,0.9865906,0.010845353,0.008327214
9991,12602_right,0.9841313,0.01284016,0.0085192425
9992,12604_left,0.9714145,0.01900716,0.014198292
9993,12604_right,0.9839198,0.01283668,0.009076434
9994,12606_left,0.27229878,0.70788366,0.027023617
9995,12606_right,0.060412604,0.9277016,0.051272325
9996,12608_left,0.034265935,0.84801257,0.13090453
9997,12608_right,0.047525853,0.90404904,0.08261664
9998,12612_left,0.055126358,0.9369585,0.046084084
9999,12612_right,0.05198637,0.92501104,0.057743493
10000,12614_left,0.9875622,0.009993397,0.008257575
10001,12614_right,0.987543,0.010008798,0.008265139
10002,12616_left,0.056302056,0.8537137,0.11537542
10003,12616_right,0.04317121,0.9455948,0.054896187
10004,12618_left,0.043819766,0.940088,0.058999304
10005,12618_right,0.97110784,0.02322056,0.009432907
10006,12620_left,0.98576134,0.011150079,0.008945447
10007,12620_right,0.33680946,0.3596319,0.14092277
10008,12623_left,0.9655618,0.028595421,0.011106946
10009,12623_right,0.12464792,0.8311764,0.055973526
10010,12624_left,0.089555115,0.90184426,0.04855796
10011,12624_right,0.24497305,0.75158817,0.041346505
10012,12626_left,0.98705196,0.009748359,0.0086515285
10013,12626_right,0.98669446,0.010592304,0.008446877
10014,12628_left,0.044549793,0.9284037,0.06841549
10015,12628_right,0.043249827,0.94967926,0.051325653
10016,12629_left,0.024859611,0.039104477,0.9536403
10017,12629_right,0.02485147,0.039247945,0.95367706
10018,12630_left,0.02525611,0.1673468,0.85529137
10019,12630_right,0.024677115,0.03902175,0.9543002
10020,12631_left,0.98759115,0.009964895,0.008266409
10021,12631_right,0.9875908,0.0099648535,0.008266577
10022,12633_left,0.02475721,0.039018057,0.9541285
10023,12633_right,0.034179397,0.8943569,0.11267942
10024,12639_left,0.9875887,0.009965884,0.0082676085
10025,12639_right,0.98758185,0.009970189,0.008271031
10026,12641_left,0.036527447,0.19272825,0.73406714
10027,12641_right,0.0258417,0.112059176,0.8694297
10028,12642_left,0.9875909,0.009965107,0.00826642
10029,12642_right,0.9866518,0.010788678,0.008333288
10030,12643_left,0.06233823,0.9134346,0.059723936
10031,12643_right,0.044482134,0.17619038,0.7795331
10032,12645_left,0.7647249,0.17681082,0.019032605
10033,12645_right,0.028591447,0.104474336,0.8641968
10034,12646_left,0.5089274,0.44356045,0.022253169
10035,12646_right,0.048782673,0.94377065,0.04886487
10036,12649_left,0.024666617,0.038943093,0.9543887
10037,12649_right,0.024666283,0.03903422,0.95432127
10038,12650_left,0.7827604,0.21006042,0.010731258
10039,12650_right,0.04580821,0.9296619,0.06496257
10040,12651_left,0.9873351,0.010175323,0.008319263
10041,12651_right,0.9875838,0.009971229,0.00826703
10042,12652_left,0.98746556,0.01006939,0.008254838
10043,12652_right,0.98757195,0.009978232,0.008270182
10044,12653_left,0.9849273,0.012188626,0.0080945995
10045,12653_right,0.02489466,0.03887873,0.95398873
10046,12654_left,0.026062392,0.054990593,0.9352835
10047,12654_right,0.026653798,0.18683083,0.7842241
10048,12655_left,0.024662107,0.038930375,0.9544062
10049,12655_right,0.94472826,0.012482086,0.048225485
10050,12656_left,0.97054124,0.025311787,0.009387924
10051,12656_right,0.97960246,0.017570784,0.008085901
10052,12660_left,0.9875854,0.009965357,0.008269232
10053,12660_right,0.9872317,0.010225242,0.008367296
10054,12662_left,0.027998852,0.38112837,0.5542549
10055,12662_right,0.5933549,0.362104,0.016432809
10056,12666_left,0.043030184,0.92873424,0.06861394
10057,12666_right,0.04315063,0.94387025,0.055775836
10058,12667_left,0.053385306,0.88870513,0.08098042
10059,12667_right,0.048737373,0.79078895,0.12561221
10060,12672_left,0.9875795,0.009975783,0.008265682
10061,12672_right,0.98758113,0.009973828,0.008266425
10062,12673_left,0.97646797,0.01842211,0.011334799
10063,12673_right,0.9875486,0.009998616,0.008276782
10064,12675_left,0.98627067,0.010898852,0.0089049
10065,12675_right,0.987568,0.009985375,0.008267531
10066,12676_left,0.024654321,0.03893884,0.95441574
10067,12676_right,0.027889954,0.09123838,0.89725095
10068,12678_left,0.9875908,0.00996513,0.008266498
10069,12678_right,0.987591,0.009964877,0.008266441
10070,12680_left,0.10515886,0.8816447,0.044576004
10071,12680_right,0.028247453,0.07043251,0.9165176
10072,12681_left,0.31946295,0.60080737,0.046929467
10073,12681_right,0.9832192,0.013016079,0.009768191
10074,12683_left,0.044783667,0.94800717,0.050896347
10075,12683_right,0.7272831,0.23442875,0.020514533
10076,12687_left,0.04605275,0.9449801,0.052641228
10077,12687_right,0.0447744,0.94672036,0.052259803
10078,12689_left,0.98678106,0.010559438,0.008382391
10079,12689_right,0.037620254,0.85383505,0.15083036
10080,12694_left,0.028615838,0.21132584,0.79894495
10081,12694_right,0.59574807,0.38204452,0.01724412
10082,12699_left,0.024658153,0.03894288,0.9544052
10083,12699_right,0.024671858,0.040936977,0.9527772
10084,12700_left,0.98757404,0.009982284,0.008260059
10085,12700_right,0.98759115,0.009964887,0.008266374
10086,12707_left,0.045132358,0.93199414,0.061942834
10087,12707_right,0.8141937,0.16127315,0.016241994
10088,12708_left,0.987591,0.009965042,0.008266288
10089,12708_right,0.98759127,0.0099648535,0.008266386
10090,12709_left,0.05182468,0.87355846,0.09941137
10091,12709_right,0.595712,0.3685138,0.01888175
10092,12712_left,0.036599223,0.7218479,0.20313226
10093,12712_right,0.04454071,0.94696575,0.052432813
10094,12714_left,0.98759127,0.009964849,0.008266397
10095,12714_right,0.98759127,0.009964849,0.008266386
10096,12715_left,0.98759127,0.009964849,0.008266389
10097,12715_right,0.98119813,0.015607615,0.008743781
10098,12716_left,0.9500287,0.044221066,0.010623247
10099,12716_right,0.98756856,0.009985545,0.008263379
10100,12721_left,0.024715845,0.039268408,0.95394284
10101,12721_right,0.024675736,0.039003845,0.9543088
10102,12724_left,0.052002035,0.9403785,0.049208414
10103,12724_right,0.9451736,0.044570584,0.012383377
10104,12725_left,0.98384696,0.012911013,0.009025298
10105,12725_right,0.98758787,0.009967949,0.008266265
10106,12729_left,0.98756427,0.009983443,0.008264763
10107,12729_right,0.9875668,0.009986242,0.008265537
10108,12731_left,0.23274073,0.7588178,0.017594472
10109,12731_right,0.38474014,0.65944993,0.007522281
10110,12734_left,0.26951197,0.34953472,0.21307288
10111,12734_right,0.98734933,0.0101415925,0.008312287
10112,12735_left,0.024673473,0.03897649,0.9543406
10113,12735_right,0.024809984,0.039833486,0.9532706
10114,12739_left,0.04593715,0.9469988,0.050786033
10115,12739_right,0.704145,0.24805774,0.03165099
10116,12741_left,0.98759127,0.009964849,0.008266386
10117,12741_right,0.98759127,0.009964858,0.008266386
10118,12743_left,0.057151947,0.93297225,0.047640804
10119,12743_right,0.08540642,0.8979829,0.04442362
10120,12745_left,0.98759115,0.009964928,0.008266397
10121,12745_right,0.15829529,0.81477016,0.034814507
10122,12746_left,0.046868257,0.94634974,0.049249433
10123,12746_right,0.057515915,0.9338214,0.045120765
10124,12751_left,0.04915239,0.93911016,0.053081438
10125,12751_right,0.8745974,0.12278402,0.010155949
10126,12752_left,0.03075843,0.71631503,0.29400763
10127,12752_right,0.98312056,0.013948618,0.008436483
10128,12754_left,0.06524232,0.9287266,0.037093144
10129,12754_right,0.9585057,0.034920026,0.010026929
10130,12756_left,0.9873338,0.010176893,0.008307509
10131,12756_right,0.9853581,0.011705916,0.008803937
10132,12759_left,0.98686695,0.010628787,0.008199337
10133,12759_right,0.04156243,0.7534607,0.23794305
10134,12761_left,0.04772536,0.93639284,0.056053452
10135,12761_right,0.04074186,0.44034985,0.57686025
10136,12764_left,0.045065656,0.94815713,0.050634235
10137,12764_right,0.044601213,0.94896257,0.05033214
10138,12769_left,0.056406096,0.9355821,0.046536315
10139,12769_right,0.05077821,0.94313025,0.04593124
10140,12770_left,0.9800963,0.01708407,0.008068477
10141,12770_right,0.9463625,0.044890225,0.0125199305
10142,12775_left,0.09816718,0.8765332,0.049540367
10143,12775_right,0.16421045,0.81346065,0.05053693
10144,12778_left,0.06219976,0.9122662,0.060137462
10145,12778_right,0.04113214,0.43538368,0.46479273
10146,12779_left,0.98759115,0.00996483,0.008266409
10147,12779_right,0.98759127,0.009964844,0.0082664015
10148,12783_left,0.024513463,0.045133896,0.9474356
10149,12783_right,0.02467421,0.03968173,0.95347327
10150,12787_left,0.043057956,0.9489504,0.05228657
10151,12787_right,0.9874751,0.0100655835,0.008275722
10152,12789_left,0.043061994,0.9404446,0.059601225
10153,12789_right,0.095299274,0.85235184,0.064877845
10154,12790_left,0.81741905,0.16213101,0.010666908
10155,12790_right,0.024654664,0.03893776,0.9544153
10156,12792_left,0.039829582,0.47620812,0.44532365
10157,12792_right,0.062001467,0.77501315,0.12243352
10158,12793_left,0.5502177,0.4408119,0.010270784
10159,12793_right,0.5244779,0.50071615,0.014010837
10160,12794_left,0.85815233,0.1243827,0.017178424
10161,12794_right,0.067356005,0.92555535,0.04129505
10162,12795_left,0.9875239,0.010038408,0.008232414
10163,12795_right,0.9875881,0.009967907,0.008265717
10164,12798_left,0.08552649,0.8919283,0.056575313
10165,12798_right,0.02866653,0.06540422,0.92179376
10166,12799_left,0.033367723,0.18732686,0.7893709
10167,12799_right,0.045646373,0.9349302,0.061038215
10168,12804_left,0.04788822,0.9422693,0.05124218
10169,12804_right,0.98758453,0.009970321,0.008266815
10170,12805_left,0.37212425,0.6233542,0.030161178
10171,12805_right,0.98759127,0.0099648675,0.008266378
10172,12806_left,0.7093735,0.28464913,0.019900704
10173,12806_right,0.9875738,0.009980738,0.008266096
10174,12810_left,0.04436758,0.87405527,0.105711795
10175,12810_right,0.21849912,0.78264886,0.038638715
10176,12811_left,0.9869342,0.010459092,0.0084407525
10177,12811_right,0.9835202,0.013087977,0.009233135
10178,12815_left,0.043375295,0.5241696,0.38982093
10179,12815_right,0.12618542,0.84590787,0.043937676
10180,12817_left,0.9820864,0.007854971,0.012565381
10181,12817_right,0.9864944,0.009459187,0.009064494
10182,12822_left,0.9875873,0.009967841,0.0082666045
10183,12822_right,0.9875908,0.009965112,0.00826648
10184,12827_left,0.8187029,0.1349953,0.0143091595
10185,12827_right,0.9840732,0.012900687,0.0082348315
10186,12831_left,0.044170346,0.9455494,0.054020006
10187,12831_right,0.98367864,0.013194679,0.008993606
10188,12835_left,0.028106228,0.10952059,0.8695487
10189,12835_right,0.029146034,0.23985456,0.7198569
10190,12838_left,0.9180837,0.078218974,0.009356306
10191,12838_right,0.043444477,0.9497468,0.051192526
10192,12839_left,0.98758125,0.009972237,0.008266601
10193,12839_right,0.98759115,0.0099648535,0.008266417
10194,12842_left,0.9868482,0.010830166,0.0078028543
10195,12842_right,0.9838403,0.012968226,0.008857208
10196,12844_left,0.98759127,0.00996484,0.008266397
10197,12844_right,0.98759115,0.009964783,0.008266459
10198,12847_left,0.04359062,0.9501433,0.0508096
10199,12847_right,0.12905529,0.86237466,0.034686953
10200,12848_left,0.22579448,0.79855424,0.021094184
10201,12848_right,0.35084492,0.67080355,0.016290538
10202,12849_left,0.06998211,0.032042067,0.853073
10203,12849_right,0.07503715,0.028057482,0.85531795
10204,12851_left,0.05605422,0.9380673,0.048552077
10205,12851_right,0.043556537,0.94884247,0.051976655
10206,12857_left,0.043249298,0.9504993,0.050872695
10207,12857_right,0.06994775,0.92173207,0.04130192
10208,12859_left,0.9875557,0.009972322,0.008285499
10209,12859_right,0.9867128,0.010199673,0.0086902
10210,12861_left,0.024641,0.039192494,0.9542316
10211,12861_right,0.024662267,0.0389328,0.9544037
10212,12863_left,0.98758894,0.009966659,0.008266714
10213,12863_right,0.987591,0.009964872,0.008266459
10214,12865_left,0.98732066,0.010172193,0.008337461
10215,12865_right,0.98554695,0.011510655,0.008783471
10216,12866_left,0.02473958,0.03939431,0.9538595
10217,12866_right,0.024678573,0.03892535,0.9543708
10218,12867_left,0.10104389,0.887708,0.035718013
10219,12867_right,0.043881305,0.94970304,0.05066719
10220,12868_left,0.9704441,0.024017066,0.010056075
10221,12868_right,0.98657554,0.010858877,0.008281434
10222,12870_left,0.043465134,0.9504305,0.05065313
10223,12870_right,0.07866239,0.9182846,0.044162385
10224,12871_left,0.7937911,0.055367287,0.101623
10225,12871_right,0.8033515,0.18661006,0.019133164
10226,12872_left,0.02478148,0.041718334,0.951236
10227,12872_right,0.042892072,0.95000774,0.05145969
10228,12876_left,0.06117686,0.9329824,0.042028405
10229,12876_right,0.042649217,0.9446305,0.05564118
10230,12878_left,0.987591,0.009964675,0.008266573
10231,12878_right,0.987591,0.009964834,0.008266514
10232,12881_left,0.95513904,0.031348594,0.016026028
10233,12881_right,0.024964632,0.04839666,0.9431769
10234,12882_left,0.044794805,0.94810593,0.050935682
10235,12882_right,0.056640424,0.91984564,0.060703788
10236,12895_left,0.6402661,0.36459526,0.015978701
10237,12895_right,0.23052065,0.7629997,0.037331376
10238,12900_left,0.7306896,0.2666879,0.015484424
10239,12900_right,0.17085287,0.8022439,0.033092476
10240,12903_left,0.97069037,0.025067199,0.009378585
10241,12903_right,0.90372944,0.08725406,0.012620718
10242,12904_left,0.043042634,0.9501232,0.05125892
10243,12904_right,0.4032749,0.5918842,0.019596634
10244,12907_left,0.98672044,0.010396523,0.008615019
10245,12907_right,0.074643664,0.6346901,0.23621966
10246,12910_left,0.9875896,0.009966203,0.008266558
10247,12910_right,0.9875666,0.009987766,0.008264283
10248,12912_left,0.98757035,0.009982132,0.0082639
10249,12912_right,0.9875896,0.009965667,0.008266823
10250,12915_left,0.024677048,0.03893287,0.9543773
10251,12915_right,0.033640273,0.8451722,0.1592028
10252,12917_left,0.9861915,0.011103641,0.008569485
10253,12917_right,0.9875057,0.010020853,0.008284226
10254,12918_left,0.98298484,0.012708443,0.011256049
10255,12918_right,0.98753345,0.010002364,0.008301658
10256,12920_left,0.98759115,0.009964858,0.00826642
10257,12920_right,0.98759127,0.009964872,0.008266393
10258,12922_left,0.9771941,0.017877482,0.011235308
10259,12922_right,0.06297718,0.9298345,0.041916177
10260,12923_left,0.95936984,0.036501445,0.008672013
10261,12923_right,0.04508148,0.9482715,0.05061024
10262,12924_left,0.14780751,0.7991552,0.040347967
10263,12924_right,0.9875901,0.009965799,0.008266292
10264,12929_left,0.9872022,0.010329112,0.008252036
10265,12929_right,0.98759115,0.00996475,0.008266487
10266,12931_left,0.04792415,0.6427974,0.26584202
10267,12931_right,0.029163396,0.565213,0.36628506
10268,12933_left,0.044501815,0.7744959,0.19859022
10269,12933_right,0.9869272,0.010329537,0.008490489
10270,12934_left,0.03417642,0.8051564,0.15672065
10271,12934_right,0.028850826,0.12340349,0.8608039
10272,12937_left,0.024432624,0.06588959,0.9286248
10273,12937_right,0.025940591,0.087427616,0.9071323
10274,12938_left,0.9717927,0.021943709,0.010669847
10275,12938_right,0.82691455,0.12874469,0.01860452
10276,12941_left,0.98759115,0.009964858,0.008266405
10277,12941_right,0.9875854,0.009970091,0.008266342
10278,12944_left,0.031607702,0.40696692,0.50776565
10279,12944_right,0.043804463,0.94834936,0.052085195
10280,12945_left,0.04729271,0.9448701,0.0501522
10281,12945_right,0.042870782,0.9485251,0.052904356
10282,12946_left,0.040169705,0.931589,0.07117382
10283,12946_right,0.045196947,0.9465942,0.05188451
10284,12947_left,0.024666702,0.039001342,0.95431304
10285,12947_right,0.024666594,0.038977373,0.95434463
10286,12948_left,0.97560614,0.018515369,0.013134424
10287,12948_right,0.9865118,0.010926269,0.008340344
10288,12950_left,0.024735138,0.038860284,0.9543152
10289,12950_right,0.025257483,0.038544204,0.9534256
10290,12951_left,0.98759127,0.009964849,0.008266386
10291,12951_right,0.98759127,0.0099648535,0.008266386
10292,12954_left,0.023027698,0.0868607,0.9233923
10293,12954_right,0.039461892,0.94039464,0.062811635
10294,12955_left,0.017108733,0.1537521,0.8583333
10295,12955_right,0.045547422,0.9477114,0.050519865
10296,12958_left,0.98759043,0.009965545,0.008266381
10297,12958_right,0.5985195,0.3806849,0.013621156
10298,12965_left,0.9875908,0.009965154,0.008266475
10299,12965_right,0.9875694,0.009981167,0.008271895
10300,12967_left,0.042882815,0.83394825,0.11532554
10301,12967_right,0.1942236,0.34043872,0.2227872
10302,12968_left,0.024710005,0.038887594,0.9543408
10303,12968_right,0.03329783,0.8437795,0.16351557
10304,12970_left,0.18665472,0.8176719,0.02572411
10305,12970_right,0.17667788,0.8102481,0.049532443
10306,12971_left,0.9875064,0.0100172255,0.008324406
10307,12971_right,0.98710364,0.010290097,0.008551649
10308,12974_left,0.9445307,0.04291041,0.014075706
10309,12974_right,0.98736376,0.010167882,0.008237092
10310,12975_left,0.9874644,0.010068178,0.008266057
10311,12975_right,0.6053024,0.35423848,0.03497395
10312,12977_left,0.02819772,0.8404855,0.18679006
10313,12977_right,0.07348334,0.92025214,0.03865322
10314,12979_left,0.032796063,0.32914335,0.6056645
10315,12979_right,0.024901925,0.0407109,0.9522039
10316,12985_left,0.02739669,0.063563645,0.92602503
10317,12985_right,0.04120492,0.9156006,0.07861399
10318,12986_left,0.037226446,0.54744565,0.40583533
10319,12986_right,0.040732536,0.7279524,0.23901184
10320,12988_left,0.98474264,0.010697168,0.0102525735
10321,12988_right,0.6829791,0.27994964,0.016064549
10322,12990_left,0.042343132,0.9310628,0.06689716
10323,12990_right,0.03549641,0.8834077,0.11253685
10324,12991_left,0.06389248,0.920917,0.05338506
10325,12991_right,0.08484555,0.8179064,0.10165361
10326,12992_left,0.024683468,0.03917279,0.95414305
10327,12992_right,0.025310565,0.042802136,0.9496481
10328,12995_left,0.04109696,0.80244046,0.1327829
10329,12995_right,0.95428425,0.038476333,0.010955903
10330,12998_left,0.21167271,0.12170985,0.4996837
10331,12998_right,0.9843487,0.012725464,0.008417334
10332,13002_left,0.028684782,0.117465235,0.8936865
10333,13002_right,0.024967613,0.04095514,0.95184696
10334,13005_left,0.9630876,0.030367551,0.010694443
10335,13005_right,0.76684606,0.20683657,0.01883144
10336,13006_left,0.9875907,0.009965309,0.008266507
10337,13006_right,0.023985991,0.045758124,0.94992507
10338,13008_left,0.6952301,0.289109,0.014142165
10339,13008_right,0.96698976,0.02419717,0.011614494
10340,13012_left,0.9872186,0.010239914,0.008369396
10341,13012_right,0.91522187,0.08283914,0.009060379
10342,13013_left,0.9875739,0.0099836225,0.00825702
10343,13013_right,0.987591,0.009965051,0.008266307
10344,13014_left,0.98759127,0.009964849,0.008266386
10345,13014_right,0.98759127,0.009964858,0.008266389
10346,13015_left,0.04365993,0.9489614,0.051586974
10347,13015_right,0.21542925,0.7519694,0.03507966
10348,13016_left,0.10773959,0.88532615,0.032838788
10349,13016_right,0.13842022,0.8498054,0.026821867
10350,13017_left,0.9875908,0.009965296,0.0082661705
10351,13017_right,0.9875908,0.009965319,0.008266315
10352,13019_left,0.9874873,0.010065949,0.00825617
10353,13019_right,0.9874243,0.010106913,0.008286248
10354,13022_left,0.024661878,0.03900935,0.9543205
10355,13022_right,0.024776945,0.03957398,0.95356244
10356,13025_left,0.04652889,0.9466881,0.049666658
10357,13025_right,0.045281656,0.9481038,0.050226577
10358,13027_left,0.97280204,0.021728318,0.008942099
10359,13027_right,0.9828895,0.013383061,0.008581359
10360,13029_left,0.033186518,0.77725065,0.22104229
10361,13029_right,0.042249065,0.93877625,0.06020544
10362,13031_left,0.97934693,0.0176835,0.007309134
10363,13031_right,0.9847163,0.012319391,0.008792967
10364,13033_left,0.05436862,0.12757681,0.8199288
10365,13033_right,0.02392904,0.043480184,0.9516337
10366,13036_left,0.9875903,0.009965837,0.008265826
10367,13036_right,0.98758894,0.009967164,0.008265925
10368,13038_left,0.90848684,0.06669632,0.028319402
10369,13038_right,0.20873553,0.6791259,0.08289111
10370,13041_left,0.07060627,0.83118135,0.12304105
10371,13041_right,0.15122977,0.80707085,0.04449738
10372,13042_left,0.9875566,0.009946627,0.008295912
10373,13042_right,0.98758835,0.009967164,0.008267011
10374,13043_left,0.09167569,0.89716965,0.034063473
10375,13043_right,0.046989948,0.9457237,0.049923252
10376,13051_left,0.024664609,0.038928144,0.95440215
10377,13051_right,0.024887731,0.060463004,0.9369434
10378,13052_left,0.08170601,0.837272,0.09615789
10379,13052_right,0.052654285,0.8395484,0.12698634
10380,13054_left,0.98758507,0.009970796,0.008265639
10381,13054_right,0.9866534,0.010729655,0.008290771
10382,13058_left,0.046446446,0.9403155,0.054934222
10383,13058_right,0.052475933,0.939698,0.04919922
10384,13062_left,0.98470217,0.012710262,0.007941506
10385,13062_right,0.987392,0.010143033,0.008271156
10386,13064_left,0.9875859,0.009966152,0.008269134
10387,13064_right,0.9875909,0.009964887,0.008266612
10388,13065_left,0.98758566,0.009967225,0.008266792
10389,13065_right,0.98682845,0.010624851,0.00830853
10390,13066_left,0.98759127,0.009964863,0.008266386
10391,13066_right,0.98759115,0.009964821,0.008266432
10392,13069_left,0.98759127,0.009964849,0.008266389
10393,13069_right,0.9875909,0.009964651,0.008266608
10394,13075_left,0.96584153,0.030196527,0.0063207257
10395,13075_right,0.9822735,0.014899874,0.007998344
10396,13078_left,0.98759115,0.009964811,0.008266436
10397,13078_right,0.95032907,0.041321903,0.01225963
10398,13081_left,0.072797105,0.859541,0.092327386
10399,13081_right,0.7693551,0.2052103,0.020336324
10400,13085_left,0.9872251,0.010256431,0.008339248
10401,13085_right,0.97939694,0.016451424,0.010214423
10402,13089_left,0.019641383,0.75375736,0.31056112
10403,13089_right,0.024077367,0.046209235,0.9473151
10404,13094_left,0.9875902,0.009964251,0.008267124
10405,13094_right,0.987591,0.009964764,0.008266542
10406,13095_left,0.044174746,0.94845486,0.051689785
10407,13095_right,0.047698766,0.94515395,0.049715
10408,13099_left,0.038692605,0.8292828,0.12739973
10409,13099_right,0.049674064,0.93790036,0.05795275
10410,13100_left,0.8278156,0.114033416,0.027558818
10411,13100_right,0.1367447,0.8281316,0.04350958
10412,13101_left,0.053018186,0.94058055,0.046906743
10413,13101_right,0.052105542,0.93281555,0.05420523
10414,13103_left,0.95067716,0.039644167,0.009849237
10415,13103_right,0.9737191,0.02143245,0.008258465
10416,13106_left,0.024259957,0.048793003,0.9438064
10417,13106_right,0.024663445,0.038932174,0.95440304
10418,13112_left,0.98750836,0.010030418,0.008289407
10419,13112_right,0.9870292,0.010471373,0.008260184
10420,13113_left,0.950414,0.041155506,0.012136721
10421,13113_right,0.9552431,0.037212905,0.011485367
10422,13116_left,0.7627953,0.18737212,0.017927375
10423,13116_right,0.98759127,0.009964849,0.008266393
10424,13122_left,0.046513744,0.93722445,0.057485167
10425,13122_right,0.050294235,0.941474,0.049446218
10426,13125_left,0.029923843,0.106723145,0.8790825
10427,13125_right,0.024656,0.03894512,0.9544077
10428,13126_left,0.98759127,0.0099648535,0.008266386
10429,13126_right,0.98759127,0.009964849,0.008266389
10430,13128_left,0.98579293,0.009674378,0.009762662
10431,13128_right,0.9816651,0.013540159,0.011596843
10432,13130_left,0.043262664,0.95018977,0.051082645
10433,13130_right,0.03849316,0.8810708,0.096683465
10434,13132_left,0.03308131,0.78228134,0.23202147
10435,13132_right,0.04698522,0.94254553,0.0528648
10436,13133_left,0.8783614,0.10104318,0.020008616
10437,13133_right,0.03279974,0.90004236,0.10243563
10438,13136_left,0.028459836,0.66530526,0.2891316
10439,13136_right,0.9875907,0.009964468,0.008266796
10440,13137_left,0.98758125,0.0099744685,0.008264607
10441,13137_right,0.9875908,0.009965273,0.008266303
10442,13144_left,0.8967692,0.08699889,0.016165093
10443,13144_right,0.031104293,0.30226934,0.68200743
10444,13146_left,0.04328222,0.9493323,0.051555227
10445,13146_right,0.04090372,0.93918204,0.06384116
10446,13147_left,0.7911781,0.09735459,0.045376018
10447,13147_right,0.981556,0.015200544,0.0087450165
10448,13150_left,0.024663452,0.038967837,0.95435536
10449,13150_right,0.047610007,0.9418602,0.052461457
10450,13156_left,0.98758566,0.009970401,0.008265389
10451,13156_right,0.9875787,0.009971607,0.008270327
10452,13158_left,0.98732924,0.010226792,0.008195934
10453,13158_right,0.9875808,0.009968462,0.0082689775
10454,13160_left,0.4562004,0.4713236,0.047015604
10455,13160_right,0.9656743,0.019780956,0.016662851
10456,13161_left,0.043247767,0.94525844,0.054123398
10457,13161_right,0.04552279,0.94822854,0.0496989
10458,13162_left,0.023687806,0.07873492,0.91564745
10459,13162_right,0.031068623,0.7895184,0.24297632
10460,13167_left,0.98759115,0.0099648675,0.008266409
10461,13167_right,0.98758686,0.009967437,0.008267707
10462,13169_left,0.04621321,0.8185316,0.16026773
10463,13169_right,0.9875902,0.0099652065,0.008267069
10464,13170_left,0.9872766,0.009864767,0.008527151
10465,13170_right,0.9871516,0.009784671,0.00864513
10466,13173_left,0.98758906,0.009966891,0.0082659125
10467,13173_right,0.15807733,0.82388335,0.02792416
10468,13175_left,0.4157909,0.5145574,0.053591225
10469,13175_right,0.029937485,0.27361703,0.6887491
10470,13176_left,0.98759127,0.0099648535,0.008266386
10471,13176_right,0.987591,0.009964764,0.008266534
10472,13177_left,0.35786855,0.62069833,0.025502997
10473,13177_right,0.8705262,0.11921146,0.011464851
10474,13178_left,0.987591,0.009964966,0.008266389
10475,13178_right,0.987591,0.009964787,0.008266491
10476,13180_left,0.025085881,0.03904051,0.9534677
10477,13180_right,0.05073693,0.9334119,0.057522178
10478,13184_left,0.024658123,0.038941864,0.9544044
10479,13184_right,0.04832947,0.9446995,0.04839937
10480,13186_left,0.1170437,0.7074408,0.13973019
10481,13186_right,0.76736397,0.12990691,0.052887443
10482,13188_left,0.037721653,0.84279007,0.156333
10483,13188_right,0.03184618,0.4990883,0.47516444
10484,13189_left,0.8633219,0.115712434,0.015736755
10485,13189_right,0.084885664,0.90185016,0.043544024
10486,13190_left,0.043157313,0.94969237,0.051479083
10487,13190_right,0.048398413,0.9425976,0.05127339
10488,13192_left,0.02468344,0.039018817,0.9542651
10489,13192_right,0.037482064,0.83748305,0.17308497
10490,13196_left,0.03530596,0.89537406,0.10806907
10491,13196_right,0.042421643,0.89940304,0.10013032
10492,13201_left,0.024884498,0.040991332,0.95178896
10493,13201_right,0.024699917,0.039284315,0.95399916
10494,13206_left,0.06801941,0.9265569,0.04430093
10495,13206_right,0.9851339,0.012046814,0.008570777
10496,13209_left,0.043235783,0.94934714,0.05162816
10497,13209_right,0.058311872,0.93367547,0.04588581
10498,13210_left,0.987591,0.009964721,0.0082666045
10499,13210_right,0.97503227,0.0062908735,0.02155475
10500,13211_left,0.98365676,0.013695441,0.008081566
10501,13211_right,0.9874149,0.0101298615,0.008260606
10502,13212_left,0.9827449,0.01421327,0.00876541
10503,13212_right,0.63464844,0.24602062,0.06959739
10504,13213_left,0.938972,0.051222734,0.013414175
10505,13213_right,0.9841235,0.013434244,0.0075818785
10506,13214_left,0.05782231,0.915379,0.059028532
10507,13214_right,0.045462012,0.9329413,0.06062586
10508,13220_left,0.043451138,0.95029616,0.050835248
10509,13220_right,0.043233573,0.9499078,0.051403794
10510,13222_left,0.02480786,0.04308258,0.94990367
10511,13222_right,0.02466942,0.038993686,0.9543345
10512,13229_left,0.98759115,0.0099648675,0.008266409
10513,13229_right,0.9875908,0.00996514,0.008266413
10514,13230_left,0.047222428,0.931976,0.059906017
10515,13230_right,0.035350386,0.60890627,0.30483615
10516,13234_left,0.04712495,0.94451374,0.05094799
10517,13234_right,0.8173021,0.16107416,0.010533956
10518,13237_left,0.98759127,0.0099648535,0.008266386
10519,13237_right,0.987591,0.00996507,0.008266366
10520,13239_left,0.034709908,0.77367526,0.17353158
10521,13239_right,0.04526149,0.9478316,0.050775528
10522,13240_left,0.45033664,0.516639,0.020799575
10523,13240_right,0.982547,0.014925883,0.007728393
10524,13242_left,0.9867198,0.010797257,0.008131367
10525,13242_right,0.13103113,0.8635134,0.02494937
10526,13250_left,0.024152346,0.32549843,0.69543046
10527,13250_right,0.0405855,0.89054596,0.1131159
10528,13251_left,0.024802646,0.0399444,0.95314956
10529,13251_right,0.024664965,0.038941685,0.954385
10530,13252_left,0.04932472,0.9416106,0.051096767
10531,13252_right,0.8676301,0.12302143,0.0134095
10532,13254_left,0.024654763,0.038941346,0.9544131
10533,13254_right,0.027282752,0.132997,0.8563621
10534,13259_left,0.03856195,0.64219993,0.2804582
10535,13259_right,0.47468266,0.38461694,0.052662686
10536,13260_left,0.07008982,0.9216065,0.040886555
10537,13260_right,0.54099876,0.4317168,0.026657566
10538,13264_left,0.98557913,0.011904036,0.007928889
10539,13264_right,0.98758954,0.009965845,0.008266487
10540,13267_left,0.64217895,0.32862252,0.014405864
10541,13267_right,0.987573,0.009978269,0.008268774
10542,13268_left,0.05756329,0.8060538,0.14320415
10543,13268_right,0.8619799,0.11143813,0.013930896
10544,13270_left,0.9875897,0.009963904,0.008267554
10545,13270_right,0.98757917,0.009959073,0.0082771
10546,13271_left,0.98759115,0.009964863,0.008266397
10547,13271_right,0.8269067,0.16512832,0.013986742
10548,13273_left,0.9825994,0.014088826,0.008895685
10549,13273_right,0.65771836,0.3252116,0.011711804
10550,13274_left,0.9875781,0.00997494,0.008269736
10551,13274_right,0.91802263,0.07629645,0.010425179
10552,13275_left,0.024749871,0.03890956,0.95422965
10553,13275_right,0.024910564,0.038859528,0.95397353
10554,13276_left,0.024655536,0.038942683,0.954409
10555,13276_right,0.02685755,0.048721425,0.94214994
10556,13278_left,0.9874586,0.010065094,0.008279123
10557,13278_right,0.9867864,0.010694075,0.008148043
10558,13283_left,0.6162006,0.11753949,0.15314539
10559,13283_right,0.036912948,0.053073622,0.9135825
10560,13285_left,0.024649289,0.039253734,0.9540907
10561,13285_right,0.04408743,0.9414446,0.057267502
10562,13290_left,0.10994534,0.89298624,0.03510086
10563,13290_right,0.9483436,0.04215802,0.012664395
10564,13294_left,0.16690797,0.80050635,0.038534716
10565,13294_right,0.36809164,0.6102608,0.034296237
10566,13295_left,0.04893923,0.9406126,0.051395744
10567,13295_right,0.09562499,0.8723272,0.058228426
10568,13296_left,0.022071037,0.058492124,0.93841964
10569,13296_right,0.0288243,0.28104627,0.6759808
10570,13299_left,0.030292718,0.06099724,0.9164338
10571,13299_right,0.94138277,0.01363325,0.030413177
10572,13300_left,0.11309782,0.86328566,0.040060576
10573,13300_right,0.94697183,0.03930995,0.013136254
10574,13304_left,0.024659745,0.038943104,0.9543999
10575,13304_right,0.98759115,0.009964863,0.008266413
10576,13305_left,0.94806534,0.04287109,0.013117672
10577,13305_right,0.043737087,0.94987625,0.05074534
10578,13307_left,0.9875321,0.010030119,0.008233353
10579,13307_right,0.9845351,0.009544197,0.010867392
10580,13308_left,0.9875799,0.009974714,0.008267375
10581,13308_right,0.7172778,0.13076222,0.10031944
10582,13309_left,0.98759043,0.009964689,0.0082667535
10583,13309_right,0.98759127,0.0099648535,0.008266386
10584,13310_left,0.10789908,0.837038,0.07032355
10585,13310_right,0.051249422,0.9294639,0.056026336
10586,13312_left,0.043406893,0.95021516,0.050904386
10587,13312_right,0.050359074,0.94231755,0.048683085
10588,13320_left,0.9875728,0.009979951,0.0082692085
10589,13320_right,0.9875825,0.009972543,0.008266452
10590,13323_left,0.9872162,0.010322223,0.008204348
10591,13323_right,0.8775491,0.110833816,0.01457981
10592,13324_left,0.039220855,0.9289752,0.076315396
10593,13324_right,0.9874794,0.010062832,0.008273844
10594,13325_left,0.08001069,0.9059062,0.044793785
10595,13325_right,0.04808098,0.9442118,0.0508896
10596,13326_left,0.043143857,0.9497824,0.05141044
10597,13326_right,0.98758847,0.009967413,0.008266276
10598,13328_left,0.06863326,0.8843082,0.060848787
10599,13328_right,0.022702591,0.06711733,0.92664665
10600,13333_left,0.035641223,0.7837064,0.2130929
10601,13333_right,0.024661064,0.038967703,0.9543831
10602,13341_left,0.9535132,0.042564392,0.0070469324
10603,13341_right,0.9875594,0.009949445,0.008289701
10604,13344_left,0.024630988,0.08070971,0.919481
10605,13344_right,0.043451868,0.94993424,0.050986093
10606,13345_left,0.050466277,0.93572074,0.05417894
10607,13345_right,0.03723048,0.8620308,0.14210209
10608,13350_left,0.06472149,0.92742497,0.043376323
10609,13350_right,0.26902273,0.7323211,0.021323543
10610,13353_left,0.04790403,0.9213331,0.07128558
10611,13353_right,0.92325956,0.06679627,0.012596158
10612,13356_left,0.024491262,0.12777297,0.8986469
10613,13356_right,0.98057246,0.016268713,0.008239815
10614,13359_left,0.04795755,0.31387058,0.59103155
10615,13359_right,0.08300981,0.8473515,0.08037731
10616,13363_left,0.9749536,0.021771073,0.008460234
10617,13363_right,0.98644185,0.011028065,0.008256525
10618,13371_left,0.06936328,0.92052954,0.042450108
10619,13371_right,0.98299176,0.013679245,0.008516786
10620,13375_left,0.024727186,0.039273303,0.9539222
10621,13375_right,0.98755544,0.009988473,0.008269986
10622,13376_left,0.9849861,0.0122012915,0.008553805
10623,13376_right,0.9859035,0.009295735,0.0098088905
10624,13379_left,0.98759127,0.009964858,0.008266389
10625,13379_right,0.987591,0.0099649895,0.00826642
10626,13383_left,0.03565486,0.83715236,0.1789202
10627,13383_right,0.49257827,0.48826504,0.028234448
10628,13384_left,0.9875909,0.009964887,0.008266523
10629,13384_right,0.98133874,0.014000283,0.011640671
10630,13387_left,0.024905479,0.041795358,0.9506695
10631,13387_right,0.026039744,0.079384066,0.90807766
10632,13388_left,0.09627141,0.89619,0.031406064
10633,13388_right,0.06933237,0.9206432,0.043275565
10634,13390_left,0.041952234,0.94735235,0.05499902
10635,13390_right,0.07825618,0.90994525,0.04259665
10636,13391_left,0.05120801,0.9419681,0.047345456
10637,13391_right,0.04426828,0.9492191,0.050608043
10638,13392_left,0.024680007,0.039206035,0.95406955
10639,13392_right,0.02466454,0.038985465,0.9543588
10640,13395_left,0.02627424,0.046315666,0.945478
10641,13395_right,0.026691351,0.39924318,0.5760186
10642,13396_left,0.9875909,0.009964721,0.0082666045
10643,13396_right,0.97945124,0.01717596,0.00886607
10644,13397_left,0.98759127,0.0099648535,0.008266386
10645,13397_right,0.98759127,0.009964858,0.008266389
10646,13400_left,0.32785785,0.6501727,0.031102264
10647,13400_right,0.98759127,0.0099648535,0.008266386
10648,13404_left,0.87723815,0.10550884,0.013291248
10649,13404_right,0.9872801,0.010199326,0.008380541
10650,13407_left,0.024659097,0.038936403,0.9544068
10651,13407_right,0.059881687,0.8464263,0.10283961
10652,13408_left,0.053163182,0.89860994,0.08415447
10653,13408_right,0.9797631,0.016430072,0.009406101
10654,13409_left,0.026442269,0.084644936,0.9082345
10655,13409_right,0.044624627,0.94858825,0.050923463
10656,13410_left,0.98759115,0.00996483,0.008266413
10657,13410_right,0.98759127,0.0099648535,0.008266393
10658,13417_left,0.025218999,0.26957917,0.70803744
10659,13417_right,0.046791878,0.9429489,0.05429649
10660,13420_left,0.047708806,0.94560313,0.047651734
10661,13420_right,0.12977673,0.8453017,0.038309447
10662,13427_left,0.98759115,0.009964801,0.008266444
10663,13427_right,0.987591,0.009964769,0.008266546
10664,13430_left,0.9863355,0.011018802,0.008469435
10665,13430_right,0.9874291,0.010064433,0.008336768
10666,13431_left,0.024684243,0.038976017,0.95432526
10667,13431_right,0.024664069,0.03893151,0.95439816
10668,13432_left,0.98758763,0.009967897,0.008266573
10669,13432_right,0.9875731,0.009980823,0.008265494
10670,13436_left,0.41824922,0.58623844,0.020324595
10671,13436_right,0.048368584,0.9445913,0.049681786
10672,13438_left,0.98694384,0.010594534,0.008169788
10673,13438_right,0.98551756,0.01179447,0.008406858
10674,13446_left,0.9324143,0.05534001,0.014115053
10675,13446_right,0.9875022,0.010041698,0.008273898
10676,13447_left,0.98759115,0.009964821,0.00826642
10677,13447_right,0.98759115,0.00996483,0.00826642
10678,13448_left,0.9875448,0.010001491,0.008272936
10679,13448_right,0.40928,0.37272266,0.039445106
10680,13453_left,0.07889114,0.5826563,0.2484457
10681,13453_right,0.9692299,0.021492679,0.014835787
10682,13454_left,0.98757684,0.009973169,0.008269482
10683,13454_right,0.9858149,0.011961189,0.007382384
10684,13457_left,0.043288697,0.94190913,0.059558183
10685,13457_right,0.046502136,0.9436618,0.052459374
10686,13458_left,0.025310578,0.038458306,0.95339596
10687,13458_right,0.9837451,0.01074228,0.010263098
10688,13465_left,0.5177507,0.46536005,0.0219563
10689,13465_right,0.986591,0.010888037,0.008264267
10690,13473_left,0.043222945,0.9503206,0.05102625
10691,13473_right,0.04340615,0.950163,0.05091024
10692,13475_left,0.9875837,0.009961848,0.008271387
10693,13475_right,0.98759115,0.009964821,0.008266452
10694,13481_left,0.98759055,0.009964745,0.008266694
10695,13481_right,0.98752916,0.010016643,0.008273382
10696,13482_left,0.98702955,0.010544716,0.008064936
10697,13482_right,0.30252445,0.7029998,0.020825725
10698,13485_left,0.17991336,0.7833179,0.036592867
10699,13485_right,0.11912701,0.8684749,0.03368458
10700,13486_left,0.07146949,0.92074907,0.038544416
10701,13486_right,0.9875509,0.0100068515,0.008248509
10702,13488_left,0.06753957,0.9232646,0.042850915
10703,13488_right,0.049704425,0.93186545,0.059107378
10704,13489_left,0.047759995,0.945476,0.048898615
10705,13489_right,0.112206884,0.87463593,0.035736904
10706,13490_left,0.96372586,0.03043198,0.010476765
10707,13490_right,0.9864618,0.010896199,0.008391476
10708,13492_left,0.06849253,0.81310403,0.10304902
10709,13492_right,0.98700964,0.010500298,0.00826818
10710,13493_left,0.038118172,0.9082549,0.08170939
10711,13493_right,0.05559262,0.9357231,0.04992556
10712,13494_left,0.025746023,0.04040612,0.95152855
10713,13494_right,0.59047294,0.2577564,0.07738776
10714,13495_left,0.984559,0.012628302,0.008494495
10715,13495_right,0.98755044,0.010005122,0.008253761
10716,13499_left,0.024678227,0.061073583,0.93837845
10717,13499_right,0.05310868,0.2753885,0.69347644
10718,13502_left,0.98759127,0.0099648535,0.008266386
10719,13502_right,0.9875901,0.009965051,0.008266952
10720,13504_left,0.9875897,0.009964172,0.008267332
10721,13504_right,0.9875114,0.009985461,0.008298973
10722,13505_left,0.8355199,0.14937115,0.021154279
10723,13505_right,0.9500409,0.0333279,0.026934367
10724,13515_left,0.068847515,0.9216612,0.04357778
10725,13515_right,0.9832304,0.013931858,0.008365139
10726,13517_left,0.98757523,0.009974864,0.008269357
10727,13517_right,0.9875893,0.009966505,0.008266225
10728,13521_left,0.9582101,0.032292765,0.013936445
10729,13521_right,0.98754346,0.0099910665,0.00828836
10730,13522_left,0.9875358,0.0100174,0.008260469
10731,13522_right,0.98758996,0.009964962,0.008266944
10732,13523_left,0.0632602,0.9214283,0.051644392
10733,13523_right,0.047361333,0.9389263,0.05411624
10734,13527_left,0.017907865,0.4538399,0.61583316
10735,13527_right,0.04330654,0.930523,0.06598947
10736,13529_left,0.03362425,0.760113,0.23542587
10737,13529_right,0.987591,0.009964962,0.008266436
10738,13530_left,0.024664862,0.03893894,0.954388
10739,13530_right,0.024663748,0.038945667,0.95438826
10740,13534_left,0.024702117,0.03895377,0.95428294
10741,13534_right,0.024680443,0.038926315,0.9543683
10742,13536_left,0.9871853,0.010318628,0.008276462
10743,13536_right,0.97624195,0.021010593,0.0076475097
10744,13539_left,0.04448559,0.8783385,0.09201768
10745,13539_right,0.67268586,0.2735848,0.03641518
10746,13540_left,0.10826811,0.8823739,0.03262219
10747,13540_right,0.060595546,0.9327129,0.04085063
10748,13541_left,0.027473658,0.13971967,0.8465578
10749,13541_right,0.024712838,0.03966123,0.9535472
10750,13545_left,0.046420384,0.9443484,0.05193107
10751,13545_right,0.04364527,0.9501227,0.05065191
10752,13554_left,0.6079959,0.38360748,0.020619616
10753,13554_right,0.05749351,0.9364884,0.04582618
10754,13561_left,0.035719097,0.8915806,0.101404935
10755,13561_right,0.536172,0.21116683,0.13371108
10756,13562_left,0.9862881,0.010972563,0.008658729
10757,13562_right,0.9860334,0.011058092,0.008770005
10758,13564_left,0.987483,0.010064148,0.008240909
10759,13564_right,0.9534881,0.03814097,0.008233481
10760,13566_left,0.6355711,0.30351245,0.01985074
10761,13566_right,0.9875552,0.009993807,0.008270526
10762,13567_left,0.14909124,0.44284245,0.15903412
10763,13567_right,0.9565199,0.03156251,0.016085206
10764,13568_left,0.12961303,0.8148757,0.06526396
10765,13568_right,0.024721941,0.03933236,0.9539067
10766,13569_left,0.98759127,0.009964858,0.008266386
10767,13569_right,0.95545954,0.027239773,0.026952181
10768,13570_left,0.98759127,0.0099648535,0.008266386
10769,13570_right,0.98759115,0.00996483,0.008266409
10770,13572_left,0.053564698,0.9402723,0.04505154
10771,13572_right,0.04324444,0.9502667,0.05108047
10772,13573_left,0.04740593,0.82509303,0.15029132
10773,13573_right,0.039127544,0.52065295,0.46244112
10774,13579_left,0.024707558,0.038893674,0.95430696
10775,13579_right,0.024502018,0.044817235,0.94924325
10776,13583_left,0.98750246,0.010034813,0.008290587
10777,13583_right,0.046243504,0.9379033,0.057538413
10778,13584_left,0.024664648,0.03893105,0.95439315
10779,13584_right,0.024682991,0.039159432,0.95411557
10780,13585_left,0.034863207,0.45154852,0.4654564
10781,13585_right,0.0993702,0.72525424,0.10535279
10782,13588_left,0.02466804,0.038974356,0.95435745
10783,13588_right,0.024663405,0.038938206,0.9543986
10784,13589_left,0.48968124,0.49448052,0.027260602
10785,13589_right,0.042001832,0.9445386,0.057094287
10786,13590_left,0.98742944,0.009902224,0.008384849
10787,13590_right,0.9875907,0.009964708,0.008266765
10788,13591_left,0.043561503,0.94967794,0.05119331
10789,13591_right,0.04505148,0.9475394,0.051048104
10790,13595_left,0.9875887,0.009963005,0.00826836
10791,13595_right,0.40045595,0.28353304,0.11878886
10792,13596_left,0.038275458,0.8727253,0.12403726
10793,13596_right,0.72315115,0.27256402,0.019341042
10794,13597_left,0.061109643,0.92793167,0.04844575
10795,13597_right,0.3655385,0.6002208,0.02471851
10796,13598_left,0.98759127,0.009964849,0.008266393
10797,13598_right,0.98759127,0.009964863,0.008266386
10798,13599_left,0.9858899,0.011432838,0.00843841
10799,13599_right,0.08587488,0.9027786,0.04491151
10800,13600_left,0.9874182,0.010109012,0.0082885325
10801,13600_right,0.9875907,0.009965381,0.008266229
10802,13602_left,0.19719565,0.7995396,0.038200516
10803,13602_right,0.9428177,0.04847011,0.009737732
10804,13603_left,0.03383543,0.56520253,0.35197857
10805,13603_right,0.025457742,0.06479476,0.9262056
10806,13605_left,0.4686659,0.45341632,0.0422924
10807,13605_right,0.5963752,0.015894521,0.28768155
10808,13607_left,0.98759055,0.009965432,0.008266358
10809,13607_right,0.9875908,0.009965211,0.008266386
10810,13609_left,0.024681792,0.038988754,0.95431745
10811,13609_right,0.07011537,0.9059254,0.05643219
10812,13610_left,0.9875896,0.00996572,0.008267226
10813,13610_right,0.98759127,0.0099648675,0.008266386
10814,13611_left,0.9875244,0.010008022,0.008284152
10815,13611_right,0.9875826,0.009971841,0.008266843
10816,13613_left,0.98759127,0.009964834,0.008266405
10817,13613_right,0.98758477,0.0099693565,0.008267621
10818,13614_left,0.9807165,0.015409179,0.009741144
10819,13614_right,0.62376416,0.31852862,0.03436774
10820,13618_left,0.98759115,0.009964877,0.008266432
10821,13618_right,0.9875788,0.009975524,0.008267261
10822,13619_left,0.07296317,0.9206774,0.035711262
10823,13619_right,0.04980424,0.94391346,0.046873003
10824,13621_left,0.05119806,0.94179875,0.047220934
10825,13621_right,0.049643356,0.9382415,0.05608439
10826,13627_left,0.024667252,0.0389265,0.9543999
10827,13627_right,0.024665928,0.038975984,0.95436186
10828,13629_left,0.025935754,0.06844951,0.9259218
10829,13629_right,0.06612694,0.92520267,0.043811794
10830,13630_left,0.50634706,0.4580652,0.017260619
10831,13630_right,0.4561162,0.48744622,0.020323977
10832,13633_left,0.9875874,0.009964482,0.008268673
10833,13633_right,0.98759115,0.009964863,0.008266413
10834,13635_left,0.024671217,0.038935594,0.95438707
10835,13635_right,0.6427852,0.29987344,0.036549136
10836,13636_left,0.9875896,0.0099656535,0.008267026
10837,13636_right,0.97723526,0.014215822,0.016259428
10838,13637_left,0.026269982,0.04594504,0.9455927
10839,13637_right,0.98520076,0.009739424,0.0097649945
10840,13638_left,0.987591,0.00996492,0.008266503
10841,13638_right,0.98758775,0.009963551,0.008268774
10842,13643_left,0.98759127,0.009964858,0.008266381
10843,13643_right,0.987558,0.00999235,0.008271801
10844,13644_left,0.060584065,0.9177846,0.057365432
10845,13644_right,0.92686516,0.013147328,0.035229526
10846,13645_left,0.039034538,0.9210968,0.07558652
10847,13645_right,0.0423249,0.94284415,0.056475118
10848,13649_left,0.024720557,0.039052293,0.9542134
10849,13649_right,0.024716044,0.039817806,0.95337856
10850,13651_left,0.03219111,0.7450449,0.20042002
10851,13651_right,0.024999473,0.045123264,0.94676185
10852,13658_left,0.56462365,0.41458547,0.013757743
10853,13658_right,0.41991675,0.39798754,0.08884908
10854,13659_left,0.044252496,0.9411417,0.05733708
10855,13659_right,0.05318728,0.9410143,0.045266096
10856,13660_left,0.8351841,0.15980804,0.0065083043
10857,13660_right,0.987591,0.009964741,0.008266503
10858,13662_left,0.93205065,0.053532295,0.017277274
10859,13662_right,0.56063515,0.40033612,0.026429702
10860,13664_left,0.025305776,0.04838537,0.9449748
10861,13664_right,0.024668418,0.038925163,0.9543904
10862,13667_left,0.056468666,0.9338482,0.049619637
10863,13667_right,0.9650826,0.029000655,0.010120561
10864,13668_left,0.054879736,0.9326998,0.050971005
10865,13668_right,0.058426745,0.8578261,0.09745924
10866,13669_left,0.04239315,0.80968213,0.1265355
10867,13669_right,0.8630589,0.10220018,0.025810858
10868,13670_left,0.98681587,0.010704635,0.00808428
10869,13670_right,0.9875896,0.009966195,0.008266573
10870,13672_left,0.4766991,0.4981675,0.015817894
10871,13672_right,0.9693248,0.025890037,0.008191338
10872,13673_left,0.024663288,0.038951572,0.9543867
10873,13673_right,0.02466399,0.038960036,0.9543851
10874,13675_left,0.029642023,0.18707886,0.79278517
10875,13675_right,0.03205095,0.88485914,0.12942937
10876,13678_left,0.081640586,0.91070694,0.035894852
10877,13678_right,0.07503942,0.9150927,0.036800116
10878,13680_left,0.9768485,0.020411884,0.006566473
10879,13680_right,0.98745626,0.01005179,0.0083030285
10880,13683_left,0.9872722,0.010234295,0.008299472
10881,13683_right,0.9875901,0.009965865,0.008266201
10882,13684_left,0.98759115,0.009964792,0.008266468
10883,13684_right,0.98759127,0.009964849,0.008266393
10884,13685_left,0.09170613,0.88480014,0.04529543
10885,13685_right,0.045329865,0.948512,0.05006072
10886,13688_left,0.98276603,0.014850298,0.007520925
10887,13688_right,0.5750595,0.41084853,0.02489052
10888,13691_left,0.023368174,0.49056244,0.48255047
10889,13691_right,0.029227175,0.08161263,0.90560275
10890,13692_left,0.032295104,0.7531295,0.20517763
10891,13692_right,0.024803326,0.04022331,0.95318687
10892,13693_left,0.9872788,0.010184511,0.0084215505
10893,13693_right,0.047045168,0.9466752,0.048811667
10894,13697_left,0.9861487,0.011151062,0.0084611345
10895,13697_right,0.98750496,0.010027033,0.008280885
10896,13701_left,0.09905219,0.64815366,0.15305929
10897,13701_right,0.04336196,0.9503846,0.05082715
10898,13704_left,0.9842159,0.011773841,0.009260647
10899,13704_right,0.9488642,0.035919555,0.013658224
10900,13705_left,0.04466655,0.9488779,0.050014045
10901,13705_right,0.033191152,0.7998454,0.1877397
10902,13708_left,0.9875493,0.009984249,0.008282976
10903,13708_right,0.98759127,0.009964858,0.008266397
10904,13713_left,0.97236776,0.022506157,0.009233327
10905,13713_right,0.987146,0.010356274,0.008289767
10906,13714_left,0.9674489,0.00569325,0.028078264
10907,13714_right,0.98759115,0.0099648535,0.008266417
10908,13716_left,0.044721384,0.9437181,0.05357263
10909,13716_right,0.048374623,0.94197685,0.051412817
10910,13721_left,0.98726267,0.010083887,0.008411191
10911,13721_right,0.9875908,0.00996515,0.008266409
10912,13730_left,0.047403473,0.89150363,0.0881803
10913,13730_right,0.24297169,0.6914644,0.039480075
10914,13731_left,0.63641477,0.32342646,0.016477656
10915,13731_right,0.024558192,0.045943815,0.94679934
10916,13733_left,0.07384701,0.9190897,0.043840688
10917,13733_right,0.047640074,0.94362324,0.051979683
10918,13736_left,0.028701141,0.11457047,0.86964685
10919,13736_right,0.10419078,0.8824249,0.036660504
10920,13738_left,0.1890292,0.6175782,0.0688318
10921,13738_right,0.6533168,0.2485631,0.02511371
10922,13739_left,0.96146226,0.031497322,0.011991414
10923,13739_right,0.98037547,0.015577197,0.010257132
10924,13740_left,0.9865718,0.010870437,0.008293454
10925,13740_right,0.5369869,0.46680537,0.019158091
10926,13742_left,0.9875409,0.009997251,0.008289822
10927,13742_right,0.10745826,0.8585793,0.052635953
10928,13743_left,0.024662377,0.038929436,0.95440084
10929,13743_right,0.024663484,0.038931496,0.9543983
10930,13745_left,0.98759127,0.009964849,0.008266389
10931,13745_right,0.9875908,0.009964811,0.0082666045
10932,13746_left,0.41038728,0.5550132,0.031792782
10933,13746_right,0.7602244,0.23759782,0.017872132
10934,13748_left,0.98134696,0.01588831,0.008255834
10935,13748_right,0.05561457,0.9380322,0.04448043
10936,13749_left,0.9830679,0.01425204,0.007903608
10937,13749_right,0.9843178,0.012812044,0.008568707
10938,13751_left,0.987591,0.009964971,0.008266464
10939,13751_right,0.98759127,0.009964849,0.008266393
10940,13753_left,0.04340037,0.94911623,0.051765896
10941,13753_right,0.98759115,0.00996491,0.008266381
10942,13754_left,0.0444639,0.9478773,0.051924963
10943,13754_right,0.043397978,0.94908345,0.052080724
10944,13757_left,0.71589977,0.2661514,0.011491314
10945,13757_right,0.958033,0.036923613,0.009709939
10946,13758_left,0.025221046,0.06339921,0.927708
10947,13758_right,0.9840778,0.0125299385,0.009701199
10948,13762_left,0.06403053,0.9208038,0.052261245
10949,13762_right,0.02875142,0.041751336,0.94524044
10950,13765_left,0.98759115,0.009964905,0.008266374
10951,13765_right,0.98759115,0.009964858,0.0082664285
10952,13766_left,0.98750603,0.010026015,0.008274653
10953,13766_right,0.0606125,0.9290645,0.046075113
10954,13768_left,0.043975186,0.94917023,0.051002037
10955,13768_right,0.34743884,0.6185009,0.019754231
10956,13769_left,0.036989953,0.84224814,0.12888713
10957,13769_right,0.04835509,0.9267639,0.06178587
10958,13770_left,0.98759127,0.00996484,0.008266413
10959,13770_right,0.98759115,0.00996484,0.008266413
10960,13771_left,0.0434423,0.94408834,0.054947194
10961,13771_right,0.048284374,0.9272917,0.06108484
10962,13773_left,0.024917554,0.03970242,0.9533114
10963,13773_right,0.03232504,0.69764477,0.302344
10964,13776_left,0.94960433,0.048217513,0.0054937117
10965,13776_right,0.98759127,0.009964858,0.008266386
10966,13780_left,0.02466368,0.03898394,0.9543585
10967,13780_right,0.041717734,0.8482769,0.10905745
10968,13784_left,0.059239507,0.92704964,0.051738147
10969,13784_right,0.046454385,0.9424088,0.053931456
10970,13786_left,0.02465526,0.038937297,0.9544151
10971,13786_right,0.08048602,0.90628105,0.042351346
10972,13790_left,0.98438776,0.013155263,0.007761164
10973,13790_right,0.946695,0.04419894,0.012715595
10974,13796_left,0.08162391,0.8818275,0.052712042
10975,13796_right,0.9863523,0.01097468,0.00849325
10976,13798_left,0.04393461,0.9471073,0.053245183
10977,13798_right,0.08396708,0.8899904,0.05490727
10978,13802_left,0.9867067,0.010740491,0.008347272
10979,13802_right,0.050321482,0.94130635,0.049441267
10980,13805_left,0.78424066,0.20167235,0.01718389
10981,13805_right,0.052035447,0.86830854,0.10007066
10982,13807_left,0.98759127,0.0099648675,0.008266381
10983,13807_right,0.026276594,0.087246306,0.9034679
10984,13808_left,0.5117809,0.4412986,0.016313747
10985,13808_right,0.05639133,0.93486893,0.048503485
10986,13811_left,0.02565491,0.072050266,0.92278767
10987,13811_right,0.025073294,0.04272562,0.9499506
10988,13815_left,0.6468731,0.3127179,0.01757411
10989,13815_right,0.043229006,0.9500746,0.051157933
10990,13816_left,0.024722299,0.38640305,0.5971285
10991,13816_right,0.025057117,0.040474426,0.9524364
10992,13817_left,0.025176432,0.043059114,0.94828826
10993,13817_right,0.4405627,0.138742,0.22793159
10994,13819_left,0.052926745,0.9071936,0.08008733
10995,13819_right,0.9732424,0.023364268,0.0065129674
10996,13820_left,0.043563478,0.95014447,0.050749294
10997,13820_right,0.829257,0.16244665,0.010573516
10998,13821_left,0.03550042,0.34613356,0.6016266
10999,13821_right,0.052913077,0.8240974,0.13971852
11000,13826_left,0.05714934,0.9150213,0.07012491
11001,13826_right,0.11843183,0.8357307,0.05732929
11002,13827_left,0.022232253,0.055220418,0.9408806
11003,13827_right,0.035268057,0.792412,0.16464347
11004,13832_left,0.49090677,0.1720275,0.15744351
11005,13832_right,0.90147334,0.014145742,0.08122498
11006,13833_left,0.029710745,0.17510983,0.8081162
11007,13833_right,0.04331673,0.95016956,0.050996732
11008,13834_left,0.040704932,0.876283,0.12263113
11009,13834_right,0.03874266,0.90211815,0.10144792
11010,13837_left,0.045028016,0.9473302,0.051176336
11011,13837_right,0.045646273,0.94606525,0.05157367
11012,13839_left,0.98756045,0.009991879,0.008268606
11013,13839_right,0.987591,0.00996506,0.008266378
11014,13841_left,0.9875908,0.009964783,0.0082666315
11015,13841_right,0.98758954,0.009965748,0.008266898
11016,13843_left,0.5284917,0.4624394,0.02182819
11017,13843_right,0.9873043,0.010245478,0.008201191
11018,13844_left,0.9834359,0.0136385355,0.008572098
11019,13844_right,0.9875421,0.010006729,0.008266644
11020,13845_left,0.98759127,0.0099648535,0.008266386
11021,13845_right,0.98759115,0.009965008,0.0082663
11022,13846_left,0.1501904,0.84072816,0.03694819
11023,13846_right,0.04532741,0.9474278,0.050892014
11024,13848_left,0.10275988,0.86411244,0.052775323
11025,13848_right,0.030812182,0.1182895,0.87790143
11026,13850_left,0.66005653,0.33307675,0.018140087
11027,13850_right,0.98759127,0.009964849,0.008266393
11028,13852_left,0.96351296,0.026285332,0.018098552
11029,13852_right,0.98710966,0.010362141,0.008364254
11030,13854_left,0.025061818,0.5948628,0.4446189
11031,13854_right,0.073406875,0.9168935,0.04807343
11032,13856_left,0.98758554,0.009969403,0.008266178
11033,13856_right,0.9875901,0.009965037,0.008266893
11034,13863_left,0.02470087,0.039102096,0.9541795
11035,13863_right,0.028343856,0.060425848,0.92797846
11036,13865_left,0.024663713,0.038942147,0.95439315
11037,13865_right,0.98756963,0.009979631,0.0082749035
11038,13867_left,0.987043,0.010410519,0.00836047
11039,13867_right,0.98757464,0.009979381,0.008266944
11040,13869_left,0.08406414,0.8988329,0.05040528
11041,13869_right,0.06431406,0.92543036,0.046296004
11042,13874_left,0.98720956,0.010168923,0.008385563
11043,13874_right,0.026698587,0.05157897,0.9392699
11044,13875_left,0.025069175,0.039598994,0.95309216
11045,13875_right,0.045607403,0.94738966,0.05052732
11046,13877_left,0.04624415,0.9459776,0.05085812
11047,13877_right,0.04571316,0.94366425,0.052708305
11048,13878_left,0.06106888,0.57101303,0.30233386
11049,13878_right,0.97678554,0.010050201,0.014510431
11050,13879_left,0.9393988,0.048290953,0.013176345
11051,13879_right,0.044707928,0.94589657,0.053040992
11052,13883_left,0.05260252,0.93974525,0.04745451
11053,13883_right,0.9506733,0.039533503,0.011094713
11054,13888_left,0.05418509,0.93268436,0.05092365
11055,13888_right,0.031302627,0.6100633,0.34519145
11056,13889_left,0.84554225,0.16607039,0.0078579625
11057,13889_right,0.93722886,0.050633904,0.015740486
11058,13891_left,0.028060155,0.1356298,0.8495358
11059,13891_right,0.048780546,0.9437705,0.049358573
11060,13892_left,0.078951575,0.92162615,0.037034396
11061,13892_right,0.17570472,0.72751886,0.06669184
11062,13896_left,0.98703396,0.010408053,0.008381789
11063,13896_right,0.98712987,0.0102822045,0.008428422
11064,13898_left,0.120424144,0.88389105,0.033033088
11065,13898_right,0.028945038,0.7225461,0.30887747
11066,13901_left,0.5011506,0.43118215,0.01939777
11067,13901_right,0.041991808,0.8240727,0.121919446
11068,13903_left,0.9875616,0.009993572,0.008259586
11069,13903_right,0.9870416,0.010413354,0.008231374
11070,13909_left,0.044603772,0.9491614,0.049852286
11071,13909_right,0.03828522,0.92867416,0.077829376
11072,13912_left,0.9875514,0.009949585,0.008293454
11073,13912_right,0.98756427,0.009982736,0.008274619
11074,13914_left,0.046028093,0.7426478,0.15970047
11075,13914_right,0.02482353,0.12147293,0.8644348
11076,13916_left,0.23970364,0.7199208,0.05196803
11077,13916_right,0.98759043,0.009964491,0.008266932
11078,13922_left,0.98759127,0.0099648535,0.008266386
11079,13922_right,0.98758906,0.009966213,0.008267073
11080,13923_left,0.041669596,0.90661407,0.08887221
11081,13923_right,0.024696048,0.041126516,0.9525125
11082,13931_left,0.11021875,0.87293494,0.03855866
11083,13931_right,0.085538745,0.8951244,0.052781325
11084,13932_left,0.025141183,0.03956305,0.9526661
11085,13932_right,0.98750883,0.010019079,0.008288101
11086,13933_left,0.98758984,0.00996572,0.008266441
11087,13933_right,0.98759115,0.00996484,0.008266448
11088,13934_left,0.027157526,0.18178473,0.7955646
11089,13934_right,0.3299627,0.676891,0.030746019
11090,13935_left,0.9875902,0.009965822,0.008266307
11091,13935_right,0.98756987,0.009983094,0.008268262
11092,13937_left,0.037013706,0.8080318,0.18564631
11093,13937_right,0.035293162,0.9178259,0.09105303
11094,13938_left,0.9516642,0.039226066,0.008789157
11095,13938_right,0.98757756,0.00997567,0.008266014
11096,13942_left,0.045150135,0.9466744,0.051652495
11097,13942_right,0.04870523,0.94550765,0.04881574
11098,13944_left,0.9505372,0.04144742,0.012472309
11099,13944_right,0.31806466,0.671581,0.024829857
11100,13945_left,0.059706062,0.9316815,0.04603876
11101,13945_right,0.025149442,0.044362787,0.9471518
11102,13946_left,0.027515836,0.04026176,0.9476451
11103,13946_right,0.98755604,0.009993708,0.00826182
11104,13951_left,0.9875909,0.009964665,0.008266597
11105,13951_right,0.9875908,0.00996467,0.008266663
11106,13952_left,0.98759127,0.009964849,0.008266397
11107,13952_right,0.98756623,0.0099893175,0.008259297
11108,13955_left,0.024665022,0.038964946,0.9543745
11109,13955_right,0.024653576,0.038946796,0.9544077
11110,13958_left,0.98486406,0.012279936,0.008500526
11111,13958_right,0.9534716,0.039807305,0.00812006
11112,13959_left,0.98758894,0.009966909,0.008265927
11113,13959_right,0.66000366,0.34826854,0.008886449
11114,13961_left,0.16364956,0.8402473,0.034329988
11115,13961_right,0.38187775,0.6404731,0.026938252
11116,13962_left,0.050770406,0.92019975,0.07062264
11117,13962_right,0.044454824,0.9465662,0.052889135
11118,13966_left,0.024888422,0.039848063,0.95328176
11119,13966_right,0.049794335,0.9277447,0.059578445
11120,13967_left,0.055093583,0.9391905,0.045042105
11121,13967_right,0.04194312,0.9406285,0.058268446
11122,13969_left,0.987578,0.009973461,0.008268458
11123,13969_right,0.9875832,0.009967488,0.008269877
11124,13971_left,0.98701084,0.010502462,0.008246828
11125,13971_right,0.9874467,0.010089448,0.0082790805
11126,13972_left,0.9875422,0.01001203,0.008262153
11127,13972_right,0.98754716,0.010006809,0.008258493
11128,13975_left,0.025497118,0.13369566,0.87342703
11129,13975_right,0.02366522,0.068007134,0.9238838
11130,13976_left,0.98759127,0.0099648535,0.008266386
11131,13976_right,0.98759043,0.009965319,0.008266738
11132,13977_left,0.98759127,0.0099648535,0.008266386
11133,13977_right,0.987591,0.009965028,0.008266393
11134,13978_left,0.04547451,0.9431151,0.05579977
11135,13978_right,0.05360443,0.9404104,0.045381717
11136,13979_left,0.8891417,0.10236362,0.010385143
11137,13979_right,0.5523844,0.39744094,0.0155271515
11138,13983_left,0.98712265,0.010431817,0.008160721
11139,13983_right,0.98587483,0.011457737,0.008433552
11140,13984_left,0.056711063,0.93672305,0.04329057
11141,13984_right,0.07330897,0.92208576,0.03910697
11142,13987_left,0.4181816,0.528104,0.023537317
11143,13987_right,0.98758,0.009973918,0.008266464
11144,13991_left,0.22794083,0.7329126,0.034828432
11145,13991_right,0.45704672,0.40680206,0.05377613
11146,13993_left,0.095929876,0.8992085,0.03991653
11147,13993_right,0.09629641,0.89674336,0.036319695
11148,13994_left,0.0627459,0.92205566,0.05436266
11149,13994_right,0.48838204,0.4552349,0.018687822
11150,13995_left,0.9845806,0.012747144,0.008145227
11151,13995_right,0.9869326,0.010527481,0.008326981
11152,13997_left,0.987591,0.009965004,0.008266342
11153,13997_right,0.98759127,0.009964849,0.008266389
11154,13998_left,0.98758996,0.009964218,0.00826748
11155,13998_right,0.9869849,0.010384697,0.008350719
11156,13999_left,0.024747074,0.03926438,0.95396304
11157,13999_right,0.024697563,0.039038364,0.9542316
11158,14008_left,0.9854382,0.012048403,0.008031235
11159,14008_right,0.9857474,0.011537499,0.008526834
11160,14009_left,0.9875909,0.009964957,0.008266495
11161,14009_right,0.9875908,0.009965164,0.008266417
11162,14013_left,0.024748428,0.039055128,0.9541628
11163,14013_right,0.02467615,0.038954303,0.95435286
11164,14016_left,0.98759127,0.009964849,0.008266393
11165,14016_right,0.98759127,0.009964849,0.008266405
11166,14017_left,0.9875617,0.009954603,0.008286079
11167,14017_right,0.9798425,0.015483726,0.010252951
11168,14020_left,0.9866128,0.010696644,0.008632838
11169,14020_right,0.98759127,0.009964849,0.008266386
11170,14021_left,0.9875896,0.009964232,0.008267742
11171,14021_right,0.03229591,0.1112208,0.85139173
11172,14025_left,0.039550588,0.7577822,0.23377645
11173,14025_right,0.043126773,0.89833903,0.0814227
11174,14026_left,0.045892846,0.9475169,0.050116505
11175,14026_right,0.05461285,0.93895733,0.045635138
11176,14028_left,0.9873828,0.010125039,0.008336741
11177,14028_right,0.98759127,0.0099648675,0.008266381
11178,14029_left,0.98745406,0.01009376,0.008260216
11179,14029_right,0.040370405,0.93748856,0.06405597
11180,14036_left,0.32872412,0.43472382,0.1067763
11181,14036_right,0.7663335,0.20898975,0.025820272
11182,14039_left,0.0248251,0.07719696,0.92516166
11183,14039_right,0.0512292,0.94179094,0.04926339
11184,14041_left,0.98759127,0.0099648535,0.008266393
11185,14041_right,0.98759127,0.009964858,0.008266381
11186,14043_left,0.97440886,0.022591697,0.008343788
11187,14043_right,0.9110623,0.069365494,0.010953965
11188,14044_left,0.047163196,0.8946495,0.07960498
11189,14044_right,0.9497398,0.038730055,0.014438975
11190,14045_left,0.8872183,0.09057692,0.016482802
11191,14045_right,0.7573109,0.19201002,0.01593282
11192,14046_left,0.98759115,0.009964905,0.0082664285
11193,14046_right,0.98759127,0.009964849,0.008266386
11194,14048_left,0.9875773,0.009977676,0.008266265
11195,14048_right,0.98675275,0.01076139,0.008226451
11196,14051_left,0.98759115,0.009964881,0.008266405
11197,14051_right,0.98759115,0.009964858,0.008266413
11198,14053_left,0.050184306,0.93949383,0.05186842
11199,14053_right,0.054045018,0.9299803,0.05557094
11200,14056_left,0.024719188,0.039980173,0.953539
11201,14056_right,0.024745291,0.039676048,0.9537214
11202,14058_left,0.055724278,0.93765914,0.045786165
11203,14058_right,0.049940694,0.9298045,0.06158743
11204,14060_left,0.93420494,0.051244613,0.013430112
11205,14060_right,0.061293237,0.92993945,0.045397814
11206,14061_left,0.043405663,0.95017344,0.050952367
11207,14061_right,0.04358611,0.9494965,0.05128478
11208,14063_left,0.035460815,0.88324565,0.10705243
11209,14063_right,0.045723293,0.9455093,0.05250647
11210,14064_left,0.084877744,0.9024772,0.047337394
11211,14064_right,0.9874429,0.010056763,0.008277746
11212,14074_left,0.16503292,0.8084736,0.036033224
11213,14074_right,0.14046079,0.8490916,0.031081952
11214,14078_left,0.16618103,0.8285484,0.024082763
11215,14078_right,0.057836156,0.9354796,0.042997874
11216,14081_left,0.98759127,0.009964877,0.008266378
11217,14081_right,0.9875547,0.009997517,0.008267093
11218,14082_left,0.25121385,0.7295718,0.01893277
11219,14082_right,0.9489149,0.045554534,0.008897509
11220,14084_left,0.087180614,0.9011081,0.040981952
11221,14084_right,0.022859666,0.1935916,0.805567
11222,14086_left,0.98605853,0.011061947,0.00880742
11223,14086_right,0.98583627,0.0106883915,0.009301137
11224,14091_left,0.9875887,0.009966919,0.008266498
11225,14091_right,0.9873109,0.010215614,0.008280493
11226,14092_left,0.68014103,0.057425387,0.08436517
11227,14092_right,0.024556097,0.043451633,0.9507997
11228,14093_left,0.16919209,0.8294633,0.02928199
11229,14093_right,0.9874199,0.010105076,0.008284622
11230,14094_left,0.987542,0.009986379,0.008287972
11231,14094_right,0.51539963,0.38017005,0.039372068
11232,14097_left,0.04503348,0.9479236,0.04993825
11233,14097_right,0.105138354,0.8731894,0.03288222
11234,14098_left,0.34796447,0.6568149,0.02008437
11235,14098_right,0.08313266,0.86079,0.076848485
11236,14104_left,0.48088518,0.5425443,0.019828623
11237,14104_right,0.83852136,0.15702975,0.013402852
11238,14109_left,0.05532922,0.93689996,0.046939325
11239,14109_right,0.66176516,0.35688868,0.011073831
11240,14110_left,0.9875804,0.00997291,0.008266835
11241,14110_right,0.9875908,0.00996522,0.008266295
11242,14114_left,0.98666775,0.010750233,0.008325796
11243,14114_right,0.98756593,0.009982628,0.008271305
11244,14115_left,0.98694116,0.0106329,0.008078699
11245,14115_right,0.9875842,0.009971983,0.008263418
11246,14118_left,0.70318913,0.26366282,0.025895484
11247,14118_right,0.86882097,0.09960394,0.02371506
11248,14119_left,0.91118085,0.075493164,0.012149391
11249,14119_right,0.98759127,0.0099648535,0.008266386
11250,14121_left,0.04090591,0.8188206,0.15565528
11251,14121_right,0.04783846,0.94182473,0.052310485
11252,14122_left,0.07385277,0.820809,0.11144588
11253,14122_right,0.11785969,0.53974456,0.13510999
11254,14128_left,0.024772476,0.038864844,0.9542368
11255,14128_right,0.987591,0.009964849,0.008266495
11256,14129_left,0.024662212,0.038991347,0.9543357
11257,14129_right,0.055995625,0.80965084,0.09597881
11258,14130_left,0.042298798,0.9133753,0.084966674
11259,14130_right,0.9834388,0.013432943,0.008747034
11260,14139_left,0.024679897,0.039027847,0.95429194
11261,14139_right,0.024678893,0.040006366,0.95300627
11262,14142_left,0.9070468,0.07921352,0.015750345
11263,14142_right,0.7714782,0.20445348,0.018892441
11264,14144_left,0.025297755,0.06102317,0.93338734
11265,14144_right,0.025200536,0.039165497,0.9531776
11266,14149_left,0.09973391,0.25453368,0.61457515
11267,14149_right,0.98759115,0.009964844,0.008266405
11268,14152_left,0.98422563,0.012955201,0.007955621
11269,14152_right,0.9849673,0.012061254,0.008763716
11270,14153_left,0.036607057,0.8266342,0.18858151
11271,14153_right,0.045434475,0.94616854,0.051647287
11272,14154_left,0.9351328,0.053416006,0.014128941
11273,14154_right,0.06758678,0.02561755,0.8953507
11274,14158_left,0.9875852,0.0099701,0.008266636
11275,14158_right,0.98523927,0.012020589,0.008445443
11276,14159_left,0.9614567,0.033835568,0.009755718
11277,14159_right,0.98635405,0.011017078,0.008431387
11278,14160_left,0.025042752,0.038826354,0.953673
11279,14160_right,0.02500274,0.03888991,0.9537887
11280,14161_left,0.038346425,0.9341063,0.07225032
11281,14161_right,0.042249333,0.94532114,0.05653177
11282,14164_left,0.987591,0.009965004,0.0082664285
11283,14164_right,0.96820116,0.029483972,0.007174704
11284,14169_left,0.044013683,0.9490168,0.051425282
11285,14169_right,0.98759127,0.009964844,0.008266397
11286,14173_left,0.05115327,0.9409777,0.04823306
11287,14173_right,0.8911706,0.1030101,0.011501994
11288,14175_left,0.02491255,0.04175413,0.95148903
11289,14175_right,0.024758339,0.03968397,0.95350534
11290,14181_left,0.978671,0.017625703,0.009046283
11291,14181_right,0.95321363,0.041075815,0.0091644125
11292,14186_left,0.0394766,0.9340246,0.06619694
11293,14186_right,0.044206876,0.94952005,0.050543725
11294,14189_left,0.20010348,0.7828641,0.023787325
11295,14189_right,0.98484033,0.012365054,0.008463684
11296,14191_left,0.048527863,0.9378774,0.055098135
11297,14191_right,0.052287113,0.928808,0.056098886
11298,14193_left,0.024818787,0.03925305,0.95385444
11299,14193_right,0.024990596,0.038872413,0.9535514
11300,14195_left,0.024732793,0.042373363,0.95140624
11301,14195_right,0.036226414,0.6726606,0.3346778
11302,14198_left,0.98724896,0.010202223,0.008442273
11303,14198_right,0.12225848,0.8557937,0.049350746
11304,14199_left,0.0485886,0.8897497,0.08502516
11305,14199_right,0.97922236,0.016613256,0.009440547
11306,14200_left,0.025256444,0.041593157,0.95125115
11307,14200_right,0.03648896,0.657762,0.30742243
11308,14201_left,0.03396684,0.70729643,0.22518684
11309,14201_right,0.046534095,0.94523555,0.050717555
11310,14202_left,0.037318252,0.7665214,0.16394512
11311,14202_right,0.023981404,0.04877184,0.9442355
11312,14204_left,0.98759127,0.00996484,0.008266405
11313,14204_right,0.98759127,0.009964834,0.008266409
11314,14205_left,0.787872,0.19327374,0.014975505
11315,14205_right,0.8210306,0.16274603,0.009880136
11316,14212_left,0.024824014,0.03971681,0.95349145
11317,14212_right,0.024650045,0.0390422,0.9543291
11318,14213_left,0.59631336,0.37800536,0.022975454
11319,14213_right,0.0676525,0.92588156,0.04505269
11320,14216_left,0.024654057,0.038938634,0.9544165
11321,14216_right,0.022616802,0.71902823,0.30591103
11322,14218_left,0.024844207,0.040697087,0.9522693
11323,14218_right,0.07987869,0.9039825,0.044607025
11324,14219_left,0.024653153,0.03998614,0.9532425
11325,14219_right,0.022610867,0.0965156,0.8985062
11326,14224_left,0.04391585,0.9488619,0.051220164
11327,14224_right,0.8711344,0.12236648,0.01181915
11328,14227_left,0.037900727,0.74662846,0.18001944
11329,14227_right,0.035129778,0.71646357,0.21403457
11330,14228_left,0.043336887,0.9502254,0.050983205
11331,14228_right,0.034886986,0.9168232,0.0965955
11332,14237_left,0.024780245,0.039110553,0.9539754
11333,14237_right,0.9547492,0.036537368,0.013558252
11334,14242_left,0.22665295,0.5976963,0.05436288
11335,14242_right,0.050674677,0.9218775,0.06871066
11336,14245_left,0.75004274,0.019060263,0.17683806
11337,14245_right,0.24265726,0.058385212,0.61661553
11338,14248_left,0.80636907,0.19116876,0.013725405
11339,14248_right,0.98364234,0.013617435,0.008245307
11340,14249_left,0.027461827,0.0512923,0.93964267
11341,14249_right,0.03327017,0.26753005,0.71857595
11342,14251_left,0.043244403,0.9502871,0.05100148
11343,14251_right,0.043494355,0.9495467,0.05124503
11344,14253_left,0.043568525,0.94935435,0.05147457
11345,14253_right,0.050040945,0.94378483,0.048577305
11346,14254_left,0.97224617,0.019712677,0.016949004
11347,14254_right,0.047444876,0.9454621,0.051377755
11348,14256_left,0.061752573,0.9302478,0.04423873
11349,14256_right,0.9875759,0.009979513,0.008264201
11350,14257_left,0.9875881,0.009967376,0.008266073
11351,14257_right,0.98758715,0.009967648,0.008267069
11352,14258_left,0.026035989,0.098277204,0.8884815
11353,14258_right,0.96465933,0.030095061,0.010146955
11354,14262_left,0.066181,0.899084,0.062852934
11355,14262_right,0.096897416,0.721115,0.12284668
11356,14269_left,0.94545305,0.043583006,0.012642926
11357,14269_right,0.58226323,0.38618475,0.016704343
11358,14270_left,0.06876348,0.7701268,0.14149234
11359,14270_right,0.14176649,0.52618444,0.17108986
11360,14279_left,0.14817496,0.84315646,0.03170195
11361,14279_right,0.63742185,0.34092182,0.013358649
11362,14281_left,0.024670739,0.038968865,0.95434713
11363,14281_right,0.024762323,0.04070051,0.9519166
11364,14282_left,0.9873111,0.010195014,0.008323844
11365,14282_right,0.98759127,0.009964844,0.0082664015
11366,14283_left,0.9871141,0.010346797,0.008362984
11367,14283_right,0.08122249,0.9102403,0.042257555
11368,14285_left,0.98396456,0.01340325,0.008004566
11369,14285_right,0.97239774,0.023347637,0.009488845
11370,14292_left,0.116923496,0.8829516,0.040637836
11371,14292_right,0.042658065,0.9484063,0.053045884
11372,14293_left,0.042998374,0.94761956,0.052915134
11373,14293_right,0.043880373,0.94446373,0.054137338
11374,14297_left,0.9605706,0.01467937,0.020166047
11375,14297_right,0.92020607,0.01245102,0.07830744
11376,14299_left,0.98759127,0.0099648535,0.008266386
11377,14299_right,0.9875853,0.009970292,0.008265361
11378,14300_left,0.3851249,0.5786949,0.02099377
11379,14300_right,0.9875616,0.009983631,0.008278688
11380,14304_left,0.274797,0.6915887,0.043879043
11381,14304_right,0.36563024,0.5836335,0.039321423
11382,14305_left,0.024735074,0.04076768,0.95274705
11383,14305_right,0.26585838,0.7120527,0.026596934
11384,14306_left,0.024713114,0.03926557,0.9540177
11385,14306_right,0.024714213,0.03901973,0.954208
11386,14310_left,0.028668014,0.07814261,0.9004583
11387,14310_right,0.12712292,0.847649,0.045562964
11388,14311_left,0.98758954,0.009964143,0.0082675265
11389,14311_right,0.9809965,0.0140844025,0.010903525
11390,14313_left,0.9849739,0.012829201,0.007130204
11391,14313_right,0.987591,0.009965017,0.00826648
11392,14315_left,0.93396163,0.047117896,0.018457143
11393,14315_right,0.9863094,0.009428987,0.00914975
11394,14317_left,0.08921239,0.8989113,0.037320837
11395,14317_right,0.06840457,0.92187035,0.043299858
11396,14320_left,0.04364968,0.9401036,0.05698563
11397,14320_right,0.045550317,0.93673843,0.05800399
11398,14323_left,0.987591,0.009964985,0.0082664015
11399,14323_right,0.9875908,0.009964872,0.008266601
11400,14325_left,0.04563844,0.9259944,0.068605684
11401,14325_right,0.0399856,0.8974722,0.10401073
11402,14328_left,0.97594666,0.0186613,0.008490115
11403,14328_right,0.98759055,0.009965046,0.008266534
11404,14333_left,0.9826429,0.014244463,0.008732872
11405,14333_right,0.792786,0.1857935,0.02135826
11406,14336_left,0.0469786,0.94516814,0.050652966
11407,14336_right,0.025153931,0.0458251,0.9475973
11408,14337_left,0.05456451,0.9342989,0.050057042
11409,14337_right,0.085703015,0.855925,0.06840738
11410,14339_left,0.02475973,0.042566527,0.95150566
11411,14339_right,0.049926057,0.90047723,0.0863354
11412,14340_left,0.025201077,0.066228814,0.9237499
11413,14340_right,0.05895687,0.90840334,0.052215897
11414,14344_left,0.070964254,0.8376894,0.085223384
11415,14344_right,0.9696154,0.028402934,0.006890496
11416,14345_left,0.025872556,0.12642431,0.87383634
11417,14345_right,0.9875837,0.009971098,0.008267163
11418,14350_left,0.9875393,0.0100022415,0.008286154
11419,14350_right,0.98758674,0.009967935,0.008268035
11420,14353_left,0.024879975,0.044844832,0.94678223
11421,14353_right,0.9875907,0.0099653425,0.008266315
11422,14354_left,0.96916324,0.0065848604,0.022715745
11423,14354_right,0.15617678,0.4400272,0.31839457
11424,14355_left,0.987546,0.010004919,0.008261063
11425,14355_right,0.987587,0.0099690035,0.008265865
11426,14356_left,0.8857352,0.09468429,0.014027573
11427,14356_right,0.9875901,0.009965756,0.008266464
11428,14359_left,0.9782317,0.018397579,0.00900513
11429,14359_right,0.9872422,0.010256755,0.008323399
11430,14361_left,0.02564512,0.03861842,0.9524626
11431,14361_right,0.9875488,0.009988219,0.008277585
11432,14366_left,0.037517916,0.36488587,0.61948735
11433,14366_right,0.025202248,0.08169144,0.9158886
11434,14367_left,0.04199363,0.82974315,0.12194894
11435,14367_right,0.1459927,0.8493782,0.029505901
11436,14368_left,0.1302431,0.853208,0.032596797
11437,14368_right,0.98748404,0.010054799,0.008255494
11438,14371_left,0.98759115,0.009964834,0.008266413
11439,14371_right,0.98759115,0.009964821,0.008266417
11440,14374_left,0.024681259,0.038946986,0.9543575
11441,14374_right,0.02653284,0.06653797,0.9290733
11442,14375_left,0.03091401,0.49776366,0.580492
11443,14375_right,0.043295767,0.94690865,0.05384289
11444,14377_left,0.045667067,0.9436861,0.053945642
11445,14377_right,0.04146717,0.93812406,0.0652369
11446,14379_left,0.02463891,0.039726626,0.9538227
11447,14379_right,0.02466914,0.03897482,0.95434743
11448,14380_left,0.98753184,0.010030564,0.008232348
11449,14380_right,0.98750955,0.010033476,0.008277299
11450,14384_left,0.042248275,0.9478664,0.05345045
11451,14384_right,0.02467969,0.03946226,0.9538628
11452,14386_left,0.08332069,0.7859431,0.13593066
11453,14386_right,0.040895455,0.9113467,0.08336794
11454,14387_left,0.98759115,0.009964934,0.008266362
11455,14387_right,0.9875887,0.009967069,0.00826585
11456,14388_left,0.28223196,0.65338564,0.035145782
11457,14388_right,0.20249724,0.77037853,0.027757598
11458,14392_left,0.024687037,0.039106287,0.9542282
11459,14392_right,0.02486298,0.059189856,0.93950814
11460,14393_left,0.030770415,0.30302802,0.6623137
11461,14393_right,0.06379466,0.9278252,0.04646834
11462,14394_left,0.987591,0.0099648675,0.008266475
11463,14394_right,0.9875882,0.00996513,0.008267981
11464,14397_left,0.9875896,0.009965305,0.008266886
11465,14397_right,0.98708713,0.009643424,0.008643398
11466,14398_left,0.98758674,0.009967479,0.008267433
11467,14398_right,0.987591,0.009964952,0.008266459
11468,14399_left,0.85506725,0.14488144,0.009342442
11469,14399_right,0.049987204,0.9427058,0.048503924
11470,14401_left,0.51260996,0.3544983,0.06721204
11471,14401_right,0.17247261,0.43620342,0.25002322
11472,14402_left,0.04439905,0.94854707,0.051209826
11473,14402_right,0.9125038,0.07325666,0.016402641
11474,14403_left,0.25750646,0.71766347,0.029420406
11475,14403_right,0.98759127,0.0099648535,0.008266389
11476,14404_left,0.31177324,0.66619533,0.018059107
11477,14404_right,0.91256124,0.077752985,0.011033532
11478,14405_left,0.024767587,0.039243817,0.9540267
11479,14405_right,0.024670023,0.038962938,0.95437574
11480,14410_left,0.023290167,0.07233188,0.9216552
11481,14410_right,0.025159707,0.068916924,0.9212016
11482,14413_left,0.9804489,0.014559484,0.012574832
11483,14413_right,0.9859502,0.011011977,0.008587052
11484,14416_left,0.03647608,0.9263046,0.0743595
11485,14416_right,0.051271956,0.9377852,0.05189021
11486,14418_left,0.98756963,0.009976776,0.008271661
11487,14418_right,0.987586,0.00996523,0.008268638
11488,14419_left,0.02470874,0.038919367,0.95426625
11489,14419_right,0.024786353,0.03891539,0.9540013
11490,14424_left,0.5883746,0.37126625,0.014719877
11491,14424_right,0.11175222,0.7393047,0.10273601
11492,14425_left,0.029575875,0.13550797,0.84450155
11493,14425_right,0.02488374,0.040032312,0.9527667
11494,14428_left,0.045376,0.5638439,0.37149152
11495,14428_right,0.03423019,0.22043414,0.79155403
11496,14430_left,0.6956078,0.2737991,0.016676085
11497,14430_right,0.5394923,0.41161552,0.022178788
11498,14431_left,0.24137868,0.73280346,0.023409445
11499,14431_right,0.024694623,0.03890364,0.9543637
11500,14432_left,0.024935108,0.039550036,0.95345545
11501,14432_right,0.9875896,0.009965842,0.008266562
11502,14436_left,0.025824014,0.046338007,0.9443721
11503,14436_right,0.024382653,0.07407533,0.91757154
11504,14440_left,0.98758835,0.009965592,0.008267781
11505,14440_right,0.9875903,0.009965319,0.008266468
11506,14443_left,0.20930468,0.72960156,0.04996169
11507,14443_right,0.16539502,0.78451943,0.05419313
11508,14444_left,0.024123222,0.19201244,0.79827225
11509,14444_right,0.04356332,0.94772094,0.052649174
11510,14446_left,0.044340678,0.9490332,0.050694235
11511,14446_right,0.047373164,0.94554037,0.049581606
11512,14449_left,0.027456643,0.06443182,0.9297297
11513,14449_right,0.12081527,0.8530734,0.040235937
11514,14450_left,0.024687318,0.040248107,0.952949
11515,14450_right,0.025953125,0.11218453,0.87640876
11516,14451_left,0.028438853,0.047146644,0.9404795
11517,14451_right,0.9873876,0.010056565,0.008380133
11518,14455_left,0.043668672,0.94959617,0.05105847
11519,14455_right,0.045129795,0.9414996,0.056214407
11520,14456_left,0.051587004,0.9397299,0.05025142
11521,14456_right,0.35495466,0.6253906,0.032555982
11522,14457_left,0.46742275,0.5514385,0.019344145
11523,14457_right,0.08102653,0.9064963,0.0436716
11524,14460_left,0.043067083,0.94803864,0.05282402
11525,14460_right,0.9875486,0.009952263,0.008290367
11526,14462_left,0.034196313,0.815729,0.16062222
11527,14462_right,0.035004646,0.80188566,0.2173137
11528,14463_left,0.9444851,0.04361839,0.015972314
11529,14463_right,0.0342527,0.89092183,0.10441564
11530,14465_left,0.024785772,0.057938278,0.9352949
11531,14465_right,0.026188845,0.050534714,0.9390584
11532,14466_left,0.987583,0.009970072,0.008268063
11533,14466_right,0.98759043,0.009965347,0.008266647
11534,14467_left,0.04251377,0.94445854,0.056174625
11535,14467_right,0.03073168,0.89916116,0.10352493
11536,14468_left,0.03003534,0.48239735,0.5609575
11537,14468_right,0.9875826,0.009960781,0.0082725715
11538,14473_left,0.9875844,0.009971178,0.00826619
11539,14473_right,0.9835935,0.012627452,0.009488407
11540,14474_left,0.024643831,0.039175097,0.9541936
11541,14474_right,0.024728239,0.0421428,0.9514267
11542,14475_left,0.046366807,0.94692427,0.05029664
11543,14475_right,0.96487826,0.031474363,0.008853491
11544,14479_left,0.6006455,0.37269968,0.01895793
11545,14479_right,0.4701102,0.5312468,0.0123194195
11546,14481_left,0.04561564,0.9405677,0.055095777
11547,14481_right,0.024663731,0.038953494,0.95437956
11548,14482_left,0.026768178,0.18826382,0.84611094
11549,14482_right,0.04527965,0.93873423,0.058318444
11550,14485_left,0.049011204,0.7672246,0.20374744
11551,14485_right,0.8855014,0.10515677,0.0103888735
11552,14486_left,0.9875008,0.010040807,0.008267531
11553,14486_right,0.93460417,0.054801114,0.006747833
11554,14490_left,0.030865055,0.3648177,0.6343552
11555,14490_right,0.058238413,0.9252081,0.050854348
11556,14495_left,0.98735553,0.010218262,0.008154609
11557,14495_right,0.9875235,0.010029532,0.008261462
11558,14501_left,0.048866455,0.94493943,0.04835858
11559,14501_right,0.22445813,0.75301594,0.030797973
11560,14504_left,0.9875437,0.010012114,0.008255919
11561,14504_right,0.8687649,0.1296669,0.009915875
11562,14510_left,0.9700421,0.0254419,0.009133583
11563,14510_right,0.97886866,0.016100012,0.01052931
11564,14511_left,0.024776733,0.04032283,0.95263994
11565,14511_right,0.02463572,0.04090474,0.95272636
11566,14522_left,0.9875836,0.00996977,0.008267554
11567,14522_right,0.98758996,0.009964548,0.008267136
11568,14526_left,0.98759055,0.009965569,0.008266162
11569,14526_right,0.98759127,0.009964881,0.008266378
11570,14528_left,0.043436535,0.950036,0.050927635
11571,14528_right,0.042175382,0.93457115,0.061640635
11572,14530_left,0.040081963,0.9401789,0.06387138
11573,14530_right,0.024794534,0.039600555,0.9536085
11574,14533_left,0.9874192,0.010144881,0.00818439
11575,14533_right,0.98753244,0.010022859,0.008251762
11576,14534_left,0.98759127,0.00996484,0.008266397
11577,14534_right,0.98759127,0.0099648535,0.008266386
11578,14535_left,0.45672864,0.55196106,0.018424775
11579,14535_right,0.5784705,0.43545163,0.013466862
11580,14537_left,0.9872602,0.010227423,0.008328218
11581,14537_right,0.987107,0.010361329,0.008349921
11582,14545_left,0.96902835,0.026770692,0.008680469
11583,14545_right,0.98756367,0.0099903075,0.008263728
11584,14548_left,0.02456166,0.039690033,0.9538887
11585,14548_right,0.024658667,0.039153278,0.95420825
11586,14549_left,0.9875617,0.009989681,0.008269529
11587,14549_right,0.9875421,0.0100114625,0.0082607
11588,14550_left,0.55682224,0.4165166,0.01795289
11589,14550_right,0.09707959,0.88772625,0.0479146
11590,14552_left,0.038349204,0.5055102,0.41341203
11591,14552_right,0.023860887,0.068539076,0.9322849
11592,14559_left,0.98650163,0.011003095,0.007969358
11593,14559_right,0.03719897,0.8686465,0.14021295
11594,14564_left,0.042015504,0.937908,0.05997222
11595,14564_right,0.78409284,0.19578026,0.009566436
11596,14566_left,0.09053176,0.88528293,0.054838892
11597,14566_right,0.8025145,0.14334205,0.027301436
11598,14567_left,0.088238545,0.89388126,0.05293982
11599,14567_right,0.9863507,0.010996854,0.00847958
11600,14568_left,0.9875547,0.009986776,0.008273863
11601,14568_right,0.9872479,0.010214284,0.008289403
11602,14569_left,0.0464293,0.9399725,0.055027872
11603,14569_right,0.039753884,0.895109,0.09519073
11604,14570_left,0.062018517,0.8656504,0.08762977
11605,14570_right,0.9875909,0.009964698,0.008266624
11606,14575_left,0.024861563,0.038790714,0.95413166
11607,14575_right,0.9875365,0.009996213,0.008285958
11608,14581_left,0.02730202,0.12362504,0.8636478
11609,14581_right,0.985136,0.011584688,0.008976334
11610,14583_left,0.98755056,0.010002308,0.008264232
11611,14583_right,0.9758439,0.018567964,0.012023602
11612,14584_left,0.030331654,0.25534633,0.76238155
11613,14584_right,0.026566038,0.12959258,0.88499373
11614,14587_left,0.043237597,0.9506143,0.050815698
11615,14587_right,0.033902302,0.6172507,0.29427227
11616,14588_left,0.98759127,0.009964858,0.008266386
11617,14588_right,0.98759127,0.009964849,0.008266389
11618,14594_left,0.12139109,0.87087524,0.042406444
11619,14594_right,0.2520498,0.6679064,0.05928533
11620,14595_left,0.9875907,0.009964627,0.008266768
11621,14595_right,0.9875438,0.010003139,0.008277002
11622,14597_left,0.024657382,0.038949966,0.95439684
11623,14597_right,0.024661247,0.038967855,0.95437133
11624,14598_left,0.04441878,0.94834185,0.051208068
11625,14598_right,0.046118006,0.94754153,0.049234565
11626,14601_left,0.98758984,0.009965286,0.008266859
11627,14601_right,0.98746836,0.010042209,0.008280752
11628,14608_left,0.024805438,0.03887537,0.9540857
11629,14608_right,0.9874615,0.00992886,0.008352508
11630,14609_left,0.7587317,0.109173425,0.085777275
11631,14609_right,0.05083999,0.13123044,0.78785306
11632,14610_left,0.98456395,0.011879511,0.00947064
11633,14610_right,0.98642296,0.010914113,0.008478482
11634,14614_left,0.7427183,0.21605627,0.013044453
11635,14614_right,0.26920632,0.63696283,0.06677417
11636,14615_left,0.98435634,0.012711369,0.008246905
11637,14615_right,0.98759115,0.009964872,0.0082664015
11638,14616_left,0.98573685,0.011464457,0.008375371
11639,14616_right,0.7641926,0.17256743,0.03579117
11640,14619_left,0.2305244,0.36648306,0.08418099
11641,14619_right,0.75540245,0.14621098,0.024660822
11642,14620_left,0.9875903,0.009964274,0.008267034
11643,14620_right,0.024936983,0.0395336,0.9528175
11644,14621_left,0.059852332,0.93222106,0.045204498
11645,14621_right,0.98097265,0.01590884,0.008656151
11646,14626_left,0.9847894,0.010788155,0.009541601
11647,14626_right,0.98754686,0.010000193,0.008272502
11648,14627_left,0.9741449,0.022173556,0.009029218
11649,14627_right,0.98021954,0.016145274,0.009367897
11650,14628_left,0.051447824,0.94124913,0.046982154
11651,14628_right,0.056674447,0.9322056,0.049791135
11652,14630_left,0.9875546,0.01000245,0.0082539525
11653,14630_right,0.98759127,0.009964849,0.008266389
11654,14631_left,0.98759115,0.009964773,0.00826648
11655,14631_right,0.98759115,0.009964821,0.008266444
11656,14632_left,0.047334578,0.94028103,0.053750265
11657,14632_right,0.026295377,0.726034,0.24404064
11658,14634_left,0.9875908,0.009965333,0.008266151
11659,14634_right,0.98759127,0.0099648535,0.008266389
11660,14638_left,0.9833277,0.014084502,0.007694955
11661,14638_right,0.9874763,0.0100458795,0.008289524
11662,14640_left,0.88722533,0.09077893,0.012701624
11663,14640_right,0.9760016,0.017648373,0.009577235
11664,14645_left,0.043860063,0.9494515,0.051046412
11665,14645_right,0.049085144,0.94430596,0.047719292
11666,14648_left,0.94469804,0.045852505,0.013281516
11667,14648_right,0.98744696,0.010104423,0.0082538
11668,14650_left,0.98759127,0.009964858,0.008266389
11669,14650_right,0.9875907,0.009965168,0.008266537
11670,14653_left,0.07312196,0.9157071,0.045099694
11671,14653_right,0.052500214,0.94016016,0.047394004
11672,14654_left,0.23916928,0.72869945,0.029519996
11673,14654_right,0.061056618,0.8295061,0.1357402
11674,14655_left,0.9130441,0.07914469,0.010303947
11675,14655_right,0.31660616,0.6717382,0.020101456
11676,14656_left,0.023153944,0.12919784,0.9004303
11677,14656_right,0.472628,0.5581918,0.008517434
11678,14664_left,0.98448884,0.009436517,0.010748758
11679,14664_right,0.98401874,0.01312305,0.008471902
11680,14665_left,0.8621736,0.040461328,0.096867986
11681,14665_right,0.9867617,0.010714658,0.008206332
11682,14671_left,0.10490738,0.27958044,0.38511544
11683,14671_right,0.94065785,0.04113701,0.009740312
11684,14672_left,0.37844545,0.6293119,0.020633612
11685,14672_right,0.98758173,0.009969206,0.008268141
11686,14674_left,0.98759115,0.009964881,0.008266409
11687,14674_right,0.98759127,0.009964858,0.008266381
11688,14675_left,0.9621717,0.030670838,0.011223613
11689,14675_right,0.986389,0.011025851,0.008345039
11690,14677_left,0.80768514,0.20682968,0.010041086
11691,14677_right,0.98599863,0.0114123225,0.008259774
11692,14680_left,0.03195902,0.4409007,0.48819864
11693,14680_right,0.043340772,0.95027786,0.050963577
11694,14681_left,0.074258804,0.88867193,0.06474808
11695,14681_right,0.90163314,0.07898751,0.014495082
11696,14683_left,0.9790015,0.016051266,0.011523054
11697,14683_right,0.9868911,0.010552052,0.008310201
11698,14684_left,0.02838282,0.14352737,0.8413023
11699,14684_right,0.02936386,0.2748378,0.7167852
11700,14685_left,0.98759115,0.009964811,0.008266441
11701,14685_right,0.987588,0.009964266,0.008268161
11702,14687_left,0.06378085,0.8619371,0.10525316
11703,14687_right,0.9843477,0.012549151,0.009173328
11704,14688_left,0.46433288,0.5248005,0.019840572
11705,14688_right,0.053545944,0.9401706,0.043953724
11706,14692_left,0.02472799,0.039115842,0.9541519
11707,14692_right,0.03184474,0.8300061,0.18671432
11708,14695_left,0.030427981,0.2431363,0.72425693
11709,14695_right,0.024941111,0.052245025,0.94093496
11710,14697_left,0.9543415,0.040003736,0.010499079
11711,14697_right,0.02372893,0.053277787,0.9401964
11712,14698_left,0.11566221,0.88273984,0.025385145
11713,14698_right,0.19552031,0.7973012,0.035007488
11714,14701_left,0.98759115,0.00996484,0.0082664285
11715,14701_right,0.98759115,0.009964821,0.00826642
11716,14702_left,0.98758996,0.009965583,0.008266397
11717,14702_right,0.37780967,0.20236725,0.15495418
11718,14703_left,0.024808645,0.04179171,0.9513454
11719,14703_right,0.02470711,0.039043132,0.9542558
11720,14710_left,0.8063782,0.16995558,0.010170603
11721,14710_right,0.15585405,0.83493924,0.025316011
11722,14711_left,0.92769986,0.034965396,0.013583874
11723,14711_right,0.9868217,0.010272354,0.008581878
11724,14712_left,0.02401255,0.04480371,0.9505244
11725,14712_right,0.9535153,0.022899926,0.022856131
11726,14715_left,0.055642735,0.9215841,0.05780813
11727,14715_right,0.051287193,0.940711,0.048456676
11728,14716_left,0.837434,0.17180537,0.008593254
11729,14716_right,0.044016782,0.94388,0.05495081
11730,14718_left,0.05759333,0.81021446,0.118294545
11731,14718_right,0.9592393,0.029360475,0.01835117
11732,14721_left,0.045173164,0.93816817,0.057702642
11733,14721_right,0.27410161,0.7238204,0.016215632
11734,14723_left,0.98758715,0.009967578,0.008268355
11735,14723_right,0.987591,0.009964783,0.00826651
11736,14724_left,0.024954492,0.039187394,0.95352644
11737,14724_right,0.024773369,0.042759907,0.9505253
11738,14726_left,0.9875909,0.009964651,0.008266647
11739,14726_right,0.9875881,0.009967616,0.008266155
11740,14731_left,0.02471312,0.039231874,0.95403737
11741,14731_right,0.024929142,0.05878612,0.93170977
11742,14747_left,0.9814363,0.013544159,0.011469344
11743,14747_right,0.0595392,0.9321669,0.046418376
11744,14748_left,0.7719084,0.18317132,0.023526294
11745,14748_right,0.033782594,0.8880747,0.12962572
11746,14749_left,0.049718358,0.94174844,0.05094377
11747,14749_right,0.28995162,0.65584534,0.05730658
11748,14750_left,0.20212387,0.78965664,0.03506438
11749,14750_right,0.27270573,0.7040079,0.040747195
11750,14751_left,0.98759127,0.00996483,0.008266409
11751,14751_right,0.98759127,0.009964849,0.008266386
11752,14752_left,0.045847405,0.940969,0.05634732
11753,14752_right,0.9823827,0.013438866,0.010918593
11754,14753_left,0.04147483,0.93291795,0.06335319
11755,14753_right,0.08353524,0.658414,0.2039467
11756,14754_left,0.98759127,0.0099648535,0.008266386
11757,14754_right,0.98759127,0.00996484,0.008266397
11758,14756_left,0.024426114,0.048349142,0.9454043
11759,14756_right,0.024996376,0.042180467,0.9507584
11760,14760_left,0.039319314,0.9337292,0.067627355
11761,14760_right,0.68492854,0.29581115,0.009736578
11762,14761_left,0.02501012,0.11027998,0.9027066
11763,14761_right,0.9875826,0.009971507,0.008267812
11764,14762_left,0.9875058,0.010043367,0.0082640555
11765,14762_right,0.9845804,0.012347655,0.0088664135
11766,14763_left,0.042485334,0.9318833,0.065899506
11767,14763_right,0.04576852,0.94534695,0.052306566
11768,14764_left,0.04268403,0.74555635,0.21396688
11769,14764_right,0.035745982,0.52189684,0.42716363
11770,14765_left,0.04448567,0.93298936,0.06128561
11771,14765_right,0.04324997,0.950094,0.051077884
11772,14767_left,0.025479754,0.33414257,0.64755833
11773,14767_right,0.025537716,0.042360168,0.950349
11774,14770_left,0.028012078,0.06719081,0.9213693
11775,14770_right,0.07539234,0.8928798,0.067381695
11776,14773_left,0.9875893,0.009966523,0.008266311
11777,14773_right,0.98756135,0.009991317,0.008267328
11778,14774_left,0.98758245,0.009968613,0.008269811
11779,14774_right,0.987591,0.009964915,0.008266452
11780,14778_left,0.043061797,0.9481191,0.05307188
11781,14778_right,0.98638654,0.011102866,0.0081620915
11782,14780_left,0.98757833,0.009956357,0.008275984
11783,14780_right,0.98758775,0.009962459,0.00826902
11784,14784_left,0.12981397,0.49485284,0.12835659
11785,14784_right,0.9841504,0.012186709,0.00903238
11786,14788_left,0.9808914,0.01546677,0.008688109
11787,14788_right,0.97976595,0.016328437,0.009512116
11788,14793_left,0.0507168,0.93379873,0.057390295
11789,14793_right,0.029316531,0.24406046,0.7213347
11790,14805_left,0.025966618,0.38093853,0.591087
11791,14805_right,0.04218871,0.8814139,0.09990361
11792,14806_left,0.70170814,0.06455796,0.15282808
11793,14806_right,0.9875864,0.009965705,0.008268993
11794,14807_left,0.02521086,0.04590766,0.9464087
11795,14807_right,0.024649195,0.041390188,0.9519869
11796,14810_left,0.11306986,0.87287515,0.041791253
11797,14810_right,0.63362366,0.35405046,0.014650089
11798,14811_left,0.9874414,0.010015916,0.008341397
11799,14811_right,0.9875909,0.009964721,0.008266573
11800,14816_left,0.14426066,0.861992,0.0250839
11801,14816_right,0.9875908,0.009964665,0.008266686
11802,14819_left,0.9875471,0.010004593,0.008266436
11803,14819_right,0.9875901,0.009965813,0.008266558
11804,14824_left,0.88574404,0.08912213,0.01267228
11805,14824_right,0.98742795,0.010096271,0.008279363
11806,14825_left,0.045350082,0.9471272,0.05105032
11807,14825_right,0.9448582,0.048954494,0.006301999
11808,14829_left,0.03687656,0.81389433,0.14349814
11809,14829_right,0.5571247,0.41055027,0.022805665
11810,14833_left,0.9768594,0.02060456,0.0073214546
11811,14833_right,0.98395157,0.01332338,0.008255002
11812,14834_left,0.02469336,0.038924273,0.95434415
11813,14834_right,0.047831837,0.945664,0.048468046
11814,14835_left,0.02466618,0.038926803,0.95439976
11815,14835_right,0.9875908,0.009964858,0.008266573
11816,14836_left,0.024656774,0.03894191,0.9544086
11817,14836_right,0.31860292,0.51063293,0.07876381
11818,14837_left,0.9774919,0.018509105,0.009318196
11819,14837_right,0.98552555,0.011750092,0.008450843
11820,14840_left,0.38551417,0.546442,0.041005064
11821,14840_right,0.117875166,0.85703665,0.040708464
11822,14842_left,0.0246656,0.038948584,0.9543787
11823,14842_right,0.024502404,0.046243865,0.94666415
11824,14843_left,0.9672579,0.03259739,0.0055677597
11825,14843_right,0.05092611,0.6025575,0.30756506
11826,14844_left,0.19993675,0.79058456,0.024905317
11827,14844_right,0.1743231,0.8273506,0.022794733
11828,14846_left,0.98744535,0.01010088,0.008259837
11829,14846_right,0.9875907,0.009965291,0.00826642
11830,14849_left,0.025517836,0.25313976,0.7228917
11831,14849_right,0.024669081,0.03901989,0.95430326
11832,14850_left,0.04506069,0.91908,0.07870975
11833,14850_right,0.043542415,0.9500405,0.050874606
11834,14852_left,0.14827733,0.4109543,0.21618338
11835,14852_right,0.98754567,0.009999324,0.008273549
11836,14855_left,0.025196848,0.042923216,0.94971126
11837,14855_right,0.95296544,0.036976077,0.0108504025
11838,14856_left,0.021839106,0.08391076,0.91302145
11839,14856_right,0.023541223,0.10862052,0.88355005
11840,14858_left,0.9875873,0.009965333,0.0082688285
11841,14858_right,0.9875387,0.009994143,0.008284618
11842,14863_left,0.98710036,0.01038431,0.008328127
11843,14863_right,0.98759127,0.009964849,0.008266393
11844,14867_left,0.9875858,0.009970072,0.008265744
11845,14867_right,0.9875901,0.00996404,0.008267273
11846,14874_left,0.96380323,0.03496873,0.005285411
11847,14874_right,0.9648309,0.027628675,0.011726892
11848,14876_left,0.3525538,0.6417734,0.031001631
11849,14876_right,0.93160033,0.054263003,0.014613335
11850,14877_left,0.024710322,0.03896696,0.95426995
11851,14877_right,0.024992632,0.04032654,0.95246845
11852,14880_left,0.024939569,0.040290825,0.9527444
11853,14880_right,0.04549098,0.94635916,0.05134971
11854,14883_left,0.06643923,0.89126354,0.07455311
11855,14883_right,0.10033926,0.8476901,0.073280536
11856,14886_left,0.5484169,0.45445892,0.017029593
11857,14886_right,0.9875732,0.009978868,0.008270319
11858,14887_left,0.042794567,0.9443785,0.05724232
11859,14887_right,0.043954503,0.9483535,0.051723804
11860,14891_left,0.987586,0.009969606,0.0082661975
11861,14891_right,0.06714999,0.9209149,0.050309647
11862,14892_left,0.025145829,0.038426686,0.95362854
11863,14892_right,0.041745134,0.03590731,0.91549885
11864,14898_left,0.98640174,0.009584189,0.00916491
11865,14898_right,0.9875256,0.009933084,0.008312189
11866,14899_left,0.9875728,0.009979381,0.0082708
11867,14899_right,0.9873045,0.010207729,0.008302847
11868,14901_left,0.02414331,0.055358667,0.93719894
11869,14901_right,0.9875901,0.009965959,0.008266217
11870,14902_left,0.9875907,0.009965324,0.008266339
11871,14902_right,0.9871624,0.010326495,0.008316628
11872,14904_left,0.026406659,0.3310024,0.618697
11873,14904_right,0.026025845,0.14681594,0.83973485
11874,14905_left,0.98759115,0.009964976,0.008266366
11875,14905_right,0.9875909,0.009965168,0.008266323
11876,14907_left,0.024798263,0.040635437,0.95247906
11877,14907_right,0.049376365,0.9411484,0.051880166
11878,14908_left,0.024659287,0.038945578,0.9544012
11879,14908_right,0.0246563,0.038937367,0.9544129
11880,14911_left,0.98753536,0.0100224335,0.008245529
11881,14911_right,0.98758566,0.009970119,0.008265541
11882,14913_left,0.98759127,0.0099648535,0.008266386
11883,14913_right,0.9875887,0.009967254,0.008266158
11884,14915_left,0.024661925,0.038953677,0.95439327
11885,14915_right,0.024689456,0.038906172,0.95437413
11886,14916_left,0.07164595,0.92197,0.04157681
11887,14916_right,0.9875589,0.009996251,0.008260977
11888,14920_left,0.8223618,0.17339326,0.009831267
11889,14920_right,0.98759127,0.009964858,0.008266381
11890,14921_left,0.44408324,0.48967576,0.020262575
11891,14921_right,0.02485345,0.039279852,0.9533537
11892,14923_left,0.05181213,0.9407454,0.047670152
11893,14923_right,0.0504692,0.9332758,0.05493083
11894,14924_left,0.024657445,0.038935136,0.9544101
11895,14924_right,0.027828615,0.19426355,0.7760897
11896,14927_left,0.59625053,0.39128304,0.017100018
11897,14927_right,0.98758495,0.009968387,0.008268481
11898,14933_left,0.90560997,0.08700101,0.010944479
11899,14933_right,0.98756963,0.009984259,0.0082644075
11900,14935_left,0.024431465,0.041688856,0.9517237
11901,14935_right,0.033531502,0.053651333,0.92842835
11902,14936_left,0.31291926,0.6769764,0.03913538
11903,14936_right,0.47164902,0.4122205,0.06573855
11904,14938_left,0.7442002,0.23983721,0.013984584
11905,14938_right,0.05307267,0.9350668,0.0534245
11906,14939_left,0.024672182,0.03894448,0.9543769
11907,14939_right,0.18615802,0.7526249,0.046321675
11908,14940_left,0.98758394,0.00996872,0.008268449
11909,14940_right,0.04297366,0.9479423,0.05271383
11910,14943_left,0.043003585,0.94972247,0.051632553
11911,14943_right,0.033182576,0.9247229,0.090182506
11912,14945_left,0.98759127,0.00996484,0.008266397
11913,14945_right,0.9875761,0.0099682035,0.00827267
11914,14947_left,0.9875909,0.009965094,0.00826635
11915,14947_right,0.9875496,0.01000277,0.008266514
11916,14950_left,0.9875908,0.00996459,0.008266671
11917,14950_right,0.98759127,0.009964858,0.008266386
11918,14955_left,0.07762512,0.91350156,0.04178984
11919,14955_right,0.98759043,0.009965592,0.008266307
11920,14961_left,0.058978498,0.9151751,0.06314686
11921,14961_right,0.043057423,0.7433041,0.23809163
11922,14965_left,0.8978343,0.07667567,0.014108233
11923,14965_right,0.30863544,0.6533676,0.028473511
11924,14967_left,0.98759115,0.009964858,0.008266397
11925,14967_right,0.987591,0.009964887,0.008266448
11926,14970_left,0.97732896,0.018630465,0.009520502
11927,14970_right,0.98677605,0.010686683,0.008311148
11928,14973_left,0.9863722,0.010947669,0.008448243
11929,14973_right,0.98758495,0.009964214,0.008270761
11930,14976_left,0.02466326,0.038934585,0.95439464
11931,14976_right,0.024809342,0.039254714,0.9537922
11932,14979_left,0.044010483,0.948941,0.05106619
11933,14979_right,0.043016795,0.9317616,0.06750571
11934,14981_left,0.024666535,0.038937584,0.9543912
11935,14981_right,0.97501093,0.019358052,0.012467436
11936,14982_left,0.9875101,0.009920707,0.008323521
11937,14982_right,0.94435585,0.050138757,0.009742897
11938,14984_left,0.16201057,0.740775,0.07653016
11939,14984_right,0.9055307,0.044866636,0.026350325
11940,14986_left,0.052950896,0.93836206,0.050892957
11941,14986_right,0.041477133,0.92189306,0.071433246
11942,14987_left,0.027712695,0.12259301,0.86234957
11943,14987_right,0.030100798,0.09478521,0.88432056
11944,14989_left,0.975065,0.02031465,0.009988704
11945,14989_right,0.04713801,0.94537526,0.05046527
11946,14992_left,0.043223128,0.9471473,0.05330673
11947,14992_right,0.02904436,0.9019405,0.116831705
11948,14995_left,0.037410818,0.80286145,0.14556412
11949,14995_right,0.039949674,0.8453119,0.115388826
11950,14998_left,0.98526937,0.01052404,0.009457427
11951,14998_right,0.98740304,0.010093983,0.008334899
11952,14999_left,0.040365983,0.9372676,0.061457857
11953,14999_right,0.7040732,0.21999764,0.023001939
11954,15000_left,0.98758,0.009975152,0.008266128
11955,15000_right,0.9875135,0.0100060105,0.008299016
11956,15001_left,0.05484535,0.9375862,0.044740606
11957,15001_right,0.044925485,0.9487006,0.05029953
11958,15002_left,0.98759127,0.0099648535,0.008266386
11959,15002_right,0.9875859,0.009969516,0.008266374
11960,15003_left,0.98759127,0.009964858,0.008266386
11961,15003_right,0.98759127,0.0099648535,0.008266386
11962,15004_left,0.36763555,0.6339805,0.024718016
11963,15004_right,0.8878554,0.104199484,0.012236831
11964,15005_left,0.044517525,0.9492294,0.05013637
11965,15005_right,0.043690752,0.9501857,0.050420117
11966,15006_left,0.023905141,0.06674955,0.9270736
11967,15006_right,0.1043773,0.789781,0.07672899
11968,15011_left,0.048708122,0.9446987,0.048788868
11969,15011_right,0.15492712,0.84012955,0.029889653
11970,15014_left,0.052151296,0.9415722,0.045797396
11971,15014_right,0.044522997,0.94723064,0.051738776
11972,15018_left,0.024667304,0.038929846,0.9543941
11973,15018_right,0.024820656,0.039490275,0.9536196
11974,15022_left,0.98758894,0.009967197,0.008265815
11975,15022_right,0.98758906,0.00996427,0.008267726
11976,15023_left,0.024586027,0.041345663,0.9519636
11977,15023_right,0.98759115,0.0099648535,0.008266409
11978,15026_left,0.031717308,0.30238485,0.65642345
11979,15026_right,0.030308552,0.23173892,0.7332415
11980,15027_left,0.98759115,0.0099648675,0.008266397
11981,15027_right,0.98759115,0.009964877,0.008266413
11982,15029_left,0.98759115,0.009964915,0.008266354
11983,15029_right,0.9875908,0.009965273,0.008266206
11984,15032_left,0.13924721,0.8384183,0.038897365
11985,15032_right,0.86371183,0.10695157,0.01751676
11986,15034_left,0.98339784,0.013680094,0.008631157
11987,15034_right,0.96935207,0.025537819,0.010992084
11988,15035_left,0.024838958,0.10188082,0.9105831
11989,15035_right,0.04143829,0.7668547,0.23518756
11990,15037_left,0.024926677,0.039601672,0.95300496
11991,15037_right,0.099898376,0.8586374,0.06611653
11992,15038_left,0.024622837,0.0394083,0.95395154
11993,15038_right,0.024665779,0.038932167,0.95439684
11994,15039_left,0.9873378,0.010173873,0.008305329
11995,15039_right,0.9859378,0.0112334695,0.008665608
11996,15040_left,0.9853454,0.011634243,0.00911517
11997,15040_right,0.9808702,0.013820195,0.013044753
11998,15043_left,0.98670757,0.010548613,0.008787071
11999,15043_right,0.15334195,0.83561075,0.03307762
12000,15045_left,0.024666278,0.03893312,0.9543953
12001,15045_right,0.98712176,0.010379509,0.008289552
12002,15051_left,0.04369562,0.91653323,0.07289718
12003,15051_right,0.9872657,0.0102352705,0.008319055
12004,15053_left,0.04852829,0.9199079,0.06639914
12005,15053_right,0.060733702,0.92810434,0.050100595
12006,15056_left,0.032445252,0.041904576,0.9353099
12007,15056_right,0.83614534,0.056445282,0.058216214
12008,15060_left,0.024661075,0.03894563,0.9543991
12009,15060_right,0.024666313,0.03894289,0.95438534
12010,15061_left,0.024680018,0.03908823,0.9542342
12011,15061_right,0.027259357,0.05208508,0.9382267
12012,15062_left,0.98759115,0.00996484,0.008266413
12013,15062_right,0.98759127,0.009964844,0.008266393
12014,15065_left,0.044305433,0.94944954,0.05006287
12015,15065_right,0.024739452,0.039373025,0.9538948
12016,15066_left,0.58619255,0.38962075,0.026510753
12017,15066_right,0.1764279,0.82194966,0.034936197
12018,15069_left,0.32859984,0.22584875,0.26994166
12019,15069_right,0.98667544,0.009421784,0.008960073
12020,15074_left,0.024652522,0.17989978,0.8124961
12021,15074_right,0.042802017,0.9498084,0.051693436
12022,15080_left,0.024124745,0.09508101,0.9181971
12023,15080_right,0.025080575,0.04109404,0.9517833
12024,15083_left,0.9873877,0.010144637,0.008240017
12025,15083_right,0.98715925,0.01033809,0.008208746
12026,15088_left,0.98574847,0.009877328,0.009828821
12027,15088_right,0.9875804,0.00997526,0.008264708
12028,15089_left,0.034205772,0.8369944,0.17126846
12029,15089_right,0.025292013,0.042853847,0.9498717
12030,15095_left,0.94672424,0.0393231,0.018159095
12031,15095_right,0.98127216,0.014800877,0.010085582
12032,15100_left,0.024762563,0.039248303,0.9539517
12033,15100_right,0.050891303,0.90546656,0.07501786
12034,15101_left,0.024666594,0.039026435,0.95426863
12035,15101_right,0.024474496,0.04120554,0.9521715
12036,15102_left,0.98759127,0.0099648535,0.008266386
12037,15102_right,0.98759127,0.00996484,0.008266397
12038,15103_left,0.025015762,0.038714416,0.95362836
12039,15103_right,0.02483339,0.038919654,0.9539103
12040,15110_left,0.98759115,0.009964887,0.00826642
12041,15110_right,0.98758507,0.009968909,0.008268782
12042,15114_left,0.2596582,0.71914124,0.03455663
12043,15114_right,0.9665308,0.028655503,0.009948242
12044,15117_left,0.037714556,0.9104897,0.09496575
12045,15117_right,0.024711024,0.06720407,0.934052
12046,15118_left,0.16090915,0.8115586,0.035439327
12047,15118_right,0.98484254,0.012588707,0.008177562
12048,15120_left,0.16709071,0.8137693,0.028755901
12049,15120_right,0.042218793,0.9452384,0.055019688
12050,15125_left,0.98673415,0.010728242,0.008282667
12051,15125_right,0.98264724,0.013351706,0.010052967
12052,15134_left,0.92595154,0.05737251,0.014360385
12053,15134_right,0.5570272,0.41218987,0.01409047
12054,15136_left,0.9875843,0.009959948,0.008271754
12055,15136_right,0.98753023,0.009939473,0.008308157
12056,15138_left,0.045421977,0.72476494,0.17570695
12057,15138_right,0.04173748,0.9384422,0.06315617
12058,15144_left,0.22622545,0.74157,0.04975762
12059,15144_right,0.13786167,0.85148966,0.02915983
12060,15147_left,0.049515117,0.94078594,0.048953593
12061,15147_right,0.6705593,0.32470524,0.010194171
12062,15149_left,0.039164905,0.772167,0.15732467
12063,15149_right,0.029947458,0.37549216,0.56335753
12064,15150_left,0.027799875,0.7789032,0.25642407
12065,15150_right,0.98688924,0.010365055,0.008519354
12066,15151_left,0.98759127,0.0099648535,0.008266386
12067,15151_right,0.98759127,0.0099648535,0.008266386
12068,15154_left,0.98405045,0.012908723,0.008024126
12069,15154_right,0.98725235,0.010105506,0.008404541
12070,15156_left,0.037423354,0.881152,0.10373896
12071,15156_right,0.058332037,0.93491834,0.04089523
12072,15159_left,0.043344203,0.9394039,0.05752928
12073,15159_right,0.040262185,0.6306663,0.27178305
12074,15161_left,0.9875887,0.009963282,0.008268273
12075,15161_right,0.9875908,0.009964585,0.008266702
12076,15162_left,0.8212084,0.08507729,0.05473972
12077,15162_right,0.98732984,0.010085868,0.008380116
12078,15165_left,0.9875897,0.009966232,0.0082659125
12079,15165_right,0.9875897,0.009965423,0.008266784
12080,15174_left,0.0536462,0.9350569,0.05048173
12081,15174_right,0.03676777,0.75437856,0.2187508
12082,15175_left,0.024664426,0.038938686,0.9543924
12083,15175_right,0.024497185,0.043789167,0.9493557
12084,15182_left,0.987591,0.009964684,0.008266562
12085,15182_right,0.98759115,0.009964815,0.00826642
12086,15185_left,0.75547075,0.21211916,0.027045464
12087,15185_right,0.08484018,0.8949074,0.04784326
12088,15190_left,0.062189475,0.73826987,0.18335074
12089,15190_right,0.98758954,0.00996428,0.008267551
12090,15192_left,0.98702383,0.010119296,0.008487775
12091,15192_right,0.8122651,0.0811013,0.05251933
12092,15193_left,0.037330505,0.910081,0.0846529
12093,15193_right,0.024042826,0.108132534,0.9078197
12094,15194_left,0.9873842,0.010106068,0.008373779
12095,15194_right,0.9875744,0.009975401,0.00827044
12096,15197_left,0.89920175,0.084753565,0.014951418
12097,15197_right,0.9875617,0.009950267,0.008285515
12098,15200_left,0.046517838,0.9427493,0.052203625
12099,15200_right,0.07637396,0.9120076,0.03950095
12100,15205_left,0.98758954,0.009965447,0.008267238
12101,15205_right,0.9875887,0.009967361,0.008266089
12102,15206_left,0.15412512,0.84512997,0.024776006
12103,15206_right,0.29157948,0.7072254,0.026246453
12104,15208_left,0.40078658,0.48484132,0.036346175
12105,15208_right,0.024698641,0.04346363,0.9492135
12106,15210_left,0.03223574,0.23958728,0.7520041
12107,15210_right,0.8182867,0.15295418,0.013676434
12108,15211_left,0.95481724,0.041090004,0.008822173
12109,15211_right,0.98653424,0.010949854,0.008184991
12110,15216_left,0.9873957,0.010148277,0.008241735
12111,15216_right,0.9875826,0.009971776,0.008267563
12112,15217_left,0.042562272,0.94332796,0.056648962
12113,15217_right,0.04445792,0.46220618,0.49613366
12114,15218_left,0.044595525,0.94544435,0.054259848
12115,15218_right,0.04672039,0.9442321,0.052686766
12116,15219_left,0.98758984,0.009966001,0.0082661975
12117,15219_right,0.9093832,0.09428081,0.008380212
12118,15222_left,0.024765207,0.038838383,0.9542807
12119,15222_right,0.98759127,0.0099648675,0.008266381
12120,15225_left,0.9874582,0.010066048,0.008276051
12121,15225_right,0.8375735,0.17969343,0.006393753
12122,15227_left,0.24515374,0.7318151,0.027166624
12123,15227_right,0.9864677,0.010957509,0.008324076
12124,15230_left,0.046971653,0.94486696,0.052325994
12125,15230_right,0.043539625,0.9501845,0.05073776
12126,15235_left,0.3201138,0.59943914,0.042066526
12127,15235_right,0.024674188,0.039063845,0.9542511
12128,15236_left,0.02472964,0.042050004,0.95112664
12129,15236_right,0.044058327,0.94687915,0.052570436
12130,15239_left,0.98759043,0.009964962,0.0082667805
12131,15239_right,0.987588,0.009963583,0.008268512
12132,15242_left,0.5616261,0.4063833,0.03242478
12133,15242_right,0.9865175,0.01059146,0.008735733
12134,15244_left,0.9870925,0.010385593,0.008346806
12135,15244_right,0.987591,0.0099649895,0.008266413
12136,15246_left,0.98757976,0.009963842,0.008273346
12137,15246_right,0.98745894,0.009910834,0.008380521
12138,15247_left,0.050641112,0.9416187,0.047867812
12139,15247_right,0.026404861,0.3892345,0.6122061
12140,15248_left,0.98759127,0.009964877,0.008266381
12141,15248_right,0.9874879,0.010062325,0.00825688
12142,15250_left,0.98656464,0.010624074,0.008782815
12143,15250_right,0.9872887,0.0100542195,0.008413908
12144,15251_left,0.98759115,0.009964764,0.00826648
12145,15251_right,0.987591,0.009964849,0.008266444
12146,15253_left,0.32903576,0.5992382,0.038268343
12147,15253_right,0.047129586,0.9464966,0.04867836
12148,15254_left,0.9618879,0.028634539,0.01144236
12149,15254_right,0.92264205,0.070848025,0.008579736
12150,15255_left,0.98758185,0.009972981,0.008266898
12151,15255_right,0.9875848,0.009969545,0.00826843
12152,15257_left,0.9875896,0.009966199,0.008266699
12153,15257_right,0.98759043,0.009965037,0.008266893
12154,15262_left,0.04023612,0.94053423,0.062479578
12155,15262_right,0.025084658,0.04523753,0.94836134
12156,15268_left,0.986522,0.010907095,0.0083052935
12157,15268_right,0.9571148,0.032341555,0.008318894
12158,15270_left,0.97332245,0.018845258,0.016704194
12159,15270_right,0.98671174,0.01057398,0.008630553
12160,15273_left,0.024690833,0.039015062,0.9542985
12161,15273_right,0.024682287,0.038921088,0.95434654
12162,15274_left,0.987591,0.009964826,0.008266487
12163,15274_right,0.98755336,0.00994658,0.0082931155
12164,15275_left,0.86576355,0.07022405,0.017614923
12165,15275_right,0.9875907,0.009964755,0.008266702
12166,15276_left,0.9778096,0.01863574,0.009065792
12167,15276_right,0.9452706,0.044236563,0.013087816
12168,15277_left,0.0247878,0.039568596,0.9536909
12169,15277_right,0.027741054,0.10820234,0.88004357
12170,15278_left,0.025151165,0.073861994,0.91562575
12171,15278_right,0.026276594,0.05170045,0.9383528
12172,15282_left,0.98757344,0.009977822,0.008269963
12173,15282_right,0.9875908,0.009965234,0.0082664285
12174,15284_left,0.055695355,0.92933553,0.052726
12175,15284_right,0.23985913,0.72601336,0.032784797
12176,15288_left,0.04420107,0.94927204,0.050604995
12177,15288_right,0.04554752,0.94728345,0.050383493
12178,15293_left,0.9875903,0.009964976,0.0082668075
12179,15293_right,0.9875909,0.009964948,0.0082664285
12180,15295_left,0.061227534,0.9331134,0.038916565
12181,15295_right,0.9541322,0.04220153,0.008450072
12182,15296_left,0.051967304,0.93928784,0.053436145
12183,15296_right,0.047447808,0.94536877,0.04922216
12184,15297_left,0.023696806,0.12562391,0.8731354
12185,15297_right,0.039513275,0.923736,0.07627205
12186,15300_left,0.98758173,0.009961951,0.008274509
12187,15300_right,0.98759115,0.009964849,0.00826642
12188,15302_left,0.024655914,0.03893717,0.954414
12189,15302_right,0.030007567,0.35839382,0.66296023
12190,15304_left,0.021532394,0.16666046,0.83597517
12191,15304_right,0.98758554,0.009961241,0.008270487
12192,15306_left,0.14275528,0.8487918,0.031314477
12193,15306_right,0.06899308,0.92549753,0.044317186
12194,15308_left,0.98525107,0.012265017,0.007751938
12195,15308_right,0.9865202,0.01088855,0.008276316
12196,15309_left,0.025024787,0.04123555,0.9515766
12197,15309_right,0.024898386,0.038991075,0.9539079
12198,15312_left,0.03566135,0.85527253,0.11603862
12199,15312_right,0.9587193,0.038134873,0.0063455477
12200,15314_left,0.98759115,0.009964844,0.008266413
12201,15314_right,0.98759115,0.0099648535,0.0082664015
12202,15315_left,0.035250716,0.82580125,0.1636944
12203,15315_right,0.024878494,0.04111862,0.9520422
12204,15319_left,0.042992167,0.9495021,0.05166413
12205,15319_right,0.09734734,0.88439894,0.04696734
12206,15320_left,0.024697596,0.03891883,0.954349
12207,15320_right,0.04733647,0.9465613,0.04884105
12208,15321_left,0.9341971,0.05224587,0.016928034
12209,15321_right,0.96850723,0.025958195,0.010683728
12210,15322_left,0.5868577,0.40694588,0.017161943
12211,15322_right,0.98749256,0.010036068,0.0083004255
12212,15323_left,0.9749025,0.02216665,0.008116209
12213,15323_right,0.9873226,0.010207676,0.008269341
12214,15324_left,0.024711777,0.038886826,0.95433104
12215,15324_right,0.043010335,0.941724,0.05752176
12216,15325_left,0.044258192,0.9484252,0.05119639
12217,15325_right,0.055730462,0.91453063,0.06345671
12218,15335_left,0.024667248,0.038933933,0.954395
12219,15335_right,0.0245971,0.04017297,0.95344645
12220,15336_left,0.024697185,0.03934217,0.9539903
12221,15336_right,0.024694221,0.03899683,0.9543
12222,15337_left,0.02465852,0.038933888,0.9544106
12223,15337_right,0.98759127,0.0099648535,0.008266386
12224,15339_left,0.98759127,0.009964849,0.008266386
12225,15339_right,0.98758674,0.009961791,0.008269751
12226,15340_left,0.9768123,0.013149562,0.013222996
12227,15340_right,0.98685116,0.010695549,0.008043449
12228,15343_left,0.04485956,0.9471942,0.052028608
12229,15343_right,0.028675811,0.1665857,0.8092407
12230,15347_left,0.9875901,0.009965799,0.00826648
12231,15347_right,0.9866223,0.010887086,0.008165944
12232,15351_left,0.98759055,0.009965357,0.008266417
12233,15351_right,0.9875909,0.00996484,0.008266534
12234,15353_left,0.6598089,0.30721605,0.0129684815
12235,15353_right,0.93266934,0.05581462,0.009065428
12236,15354_left,0.03005982,0.35784978,0.6569342
12237,15354_right,0.08595937,0.90451133,0.0370456
12238,15360_left,0.98759115,0.009964858,0.008266393
12239,15360_right,0.98759043,0.009965216,0.008266464
12240,15366_left,0.98758954,0.009965935,0.008266823
12241,15366_right,0.9856208,0.011753802,0.008289046
12242,15368_left,0.04589241,0.9466286,0.050559107
12243,15368_right,0.98409927,0.013003509,0.008384654
12244,15369_left,0.044739537,0.94573766,0.052598156
12245,15369_right,0.9875566,0.009996445,0.008266592
12246,15375_left,0.043686297,0.94211,0.057638843
12247,15375_right,0.026681902,0.2028514,0.791244
12248,15376_left,0.14739788,0.83669704,0.028930688
12249,15376_right,0.13167961,0.86012566,0.033317085
12250,15380_left,0.987576,0.009976682,0.008271062
12251,15380_right,0.98756623,0.00995348,0.008283858
12252,15383_left,0.26227778,0.71649605,0.0297638
12253,15383_right,0.6946166,0.25129783,0.0364853
12254,15385_left,0.9875761,0.009977601,0.008268696
12255,15385_right,0.98759055,0.009965122,0.008266624
12256,15387_left,0.024656089,0.038937543,0.9544123
12257,15387_right,0.024663886,0.038964875,0.95437384
12258,15388_left,0.04297351,0.94256216,0.056633033
12259,15388_right,0.044023003,0.94801766,0.051673777
12260,15394_left,0.052465025,0.6716908,0.21684745
12261,15394_right,0.98707306,0.009981982,0.008590313
12262,15396_left,0.98759115,0.009964834,0.008266409
12263,15396_right,0.98759115,0.009964858,0.008266393
12264,15397_left,0.20264266,0.73859763,0.05135152
12265,15397_right,0.7823297,0.16426083,0.018633265
12266,15402_left,0.042550333,0.9488779,0.05250834
12267,15402_right,0.042432744,0.9451018,0.055708647
12268,15408_left,0.02468456,0.039039347,0.9542446
12269,15408_right,0.02440343,0.046311397,0.9487195
12270,15410_left,0.9875822,0.009972388,0.008267515
12271,15410_right,0.9874557,0.010067222,0.008316793
12272,15411_left,0.02644723,0.055094607,0.9337043
12273,15411_right,0.2537332,0.6988382,0.03913384
12274,15414_left,0.043589666,0.94967043,0.051235504
12275,15414_right,0.044772062,0.94053215,0.056777857
12276,15415_left,0.95065045,0.04044069,0.00798487
12277,15415_right,0.091825314,0.8941845,0.039173573
12278,15418_left,0.98720634,0.010332648,0.008197996
12279,15418_right,0.90519774,0.08701391,0.010759684
12280,15419_left,0.9875908,0.009964595,0.008266702
12281,15419_right,0.98759115,0.009964821,0.0082664285
12282,15422_left,0.9068987,0.08672988,0.006998365
12283,15422_right,0.9663585,0.02942885,0.009222894
12284,15424_left,0.98759127,0.009964849,0.008266389
12285,15424_right,0.9872312,0.010244859,0.008354198
12286,15425_left,0.026246596,0.04921369,0.94231904
12287,15425_right,0.04410027,0.910019,0.079253756
12288,15426_left,0.92921835,0.057812024,0.012985033
12289,15426_right,0.39271548,0.55483174,0.022081625
12290,15428_left,0.024093917,0.83338755,0.17061426
12291,15428_right,0.0245448,0.042966355,0.95014966
12292,15431_left,0.98759127,0.009964844,0.008266393
12293,15431_right,0.98759115,0.00996484,0.008266456
12294,15433_left,0.85150534,0.12804195,0.011653016
12295,15433_right,0.05013056,0.94295436,0.048247796
12296,15435_left,0.80758744,0.18602064,0.0135544455
12297,15435_right,0.07620455,0.9201551,0.036614038
12298,15436_left,0.041348357,0.9130861,0.080106504
12299,15436_right,0.1068011,0.8483321,0.038188975
12300,15437_left,0.98740536,0.01008393,0.00832986
12301,15437_right,0.8599206,0.121609196,0.01749797
12302,15438_left,0.039716933,0.9423777,0.05867647
12303,15438_right,0.91793144,0.068187065,0.012892675
12304,15439_left,0.96917903,0.024605911,0.012231224
12305,15439_right,0.5624764,0.40101644,0.034570523
12306,15442_left,0.04445567,0.94629693,0.052643776
12307,15442_right,0.044737164,0.9459182,0.053109176
12308,15443_left,0.9875903,0.009965573,0.008266393
12309,15443_right,0.9875896,0.009964312,0.008267683
12310,15444_left,0.024647735,0.040258445,0.9531361
12311,15444_right,0.86185414,0.13352758,0.010784685
12312,15447_left,0.9875897,0.0099656815,0.008266503
12313,15447_right,0.9875547,0.009984334,0.008287423
12314,15450_left,0.23556677,0.75679964,0.032757815
12315,15450_right,0.47377852,0.52797294,0.018658
12316,15453_left,0.23164207,0.7845469,0.02420832
12317,15453_right,0.0870438,0.91000164,0.038775098
12318,15454_left,0.98728824,0.010262556,0.008230222
12319,15454_right,0.98759115,0.00996498,0.008266358
12320,15459_left,0.024459502,0.047351416,0.9469104
12321,15459_right,0.0385315,0.84454834,0.16042708
12322,15461_left,0.025940543,0.039800286,0.95143735
12323,15461_right,0.98741966,0.010128848,0.008254908
12324,15465_left,0.046913903,0.9460669,0.049568217
12325,15465_right,0.91817605,0.06613368,0.012395355
12326,15468_left,0.3380804,0.05060008,0.5704109
12327,15468_right,0.10288903,0.21344602,0.601968
12328,15470_left,0.043724805,0.9500841,0.05051863
12329,15470_right,0.8549008,0.1129989,0.017436977
12330,15471_left,0.13069642,0.84483993,0.03886301
12331,15471_right,0.9854865,0.011819953,0.0084182145
12332,15476_left,0.842611,0.1499973,0.0095473165
12333,15476_right,0.64998835,0.34841326,0.009821306
12334,15477_left,0.9875759,0.009977803,0.008268325
12335,15477_right,0.9875887,0.00996683,0.00826696
12336,15480_left,0.044527978,0.9424549,0.054427017
12337,15480_right,0.050293587,0.9134864,0.06842194
12338,15481_left,0.93313223,0.05302253,0.016869918
12339,15481_right,0.042773515,0.8929248,0.088189624
12340,15482_left,0.8528355,0.13051714,0.014752901
12341,15482_right,0.13004735,0.8556469,0.039133765
12342,15487_left,0.038171444,0.90030444,0.09665345
12343,15487_right,0.024035571,0.066485606,0.92567414
12344,15490_left,0.9870903,0.010373212,0.00836495
12345,15490_right,0.98753756,0.010010376,0.008267843
12346,15493_left,0.7468453,0.2268131,0.022268664
12347,15493_right,0.98436373,0.012971009,0.008273179
12348,15495_left,0.983594,0.012109184,0.010816551
12349,15495_right,0.98757696,0.009977709,0.008265791
12350,15502_left,0.98706585,0.010521002,0.008020658
12351,15502_right,0.569606,0.4318417,0.014399312
12352,15505_left,0.024704339,0.038989693,0.9542639
12353,15505_right,0.0234563,0.14808008,0.8506935
12354,15506_left,0.024669873,0.03899329,0.95434004
12355,15506_right,0.031045834,0.43344265,0.57908005
12356,15507_left,0.6758528,0.26852033,0.01700689
12357,15507_right,0.099766135,0.8798805,0.053455662
12358,15509_left,0.04079986,0.9070914,0.08393342
12359,15509_right,0.041688997,0.8030828,0.1354093
12360,15510_left,0.02466406,0.03893676,0.9543991
12361,15510_right,0.025310047,0.04478485,0.94764954
12362,15515_left,0.032514434,0.7274682,0.23275496
12363,15515_right,0.035312194,0.8483776,0.15038866
12364,15516_left,0.7699961,0.24387757,0.008430268
12365,15516_right,0.8611842,0.111385,0.01932232
12366,15520_left,0.25000966,0.7328047,0.022780642
12367,15520_right,0.876177,0.11336452,0.010374089
12368,15522_left,0.98759127,0.0099648535,0.008266386
12369,15522_right,0.98759127,0.009964858,0.008266386
12370,15523_left,0.98759115,0.009964872,0.008266425
12371,15523_right,0.9875821,0.009970759,0.00826994
12372,15527_left,0.02469719,0.039202962,0.954119
12373,15527_right,0.024923433,0.052637525,0.9409566
12374,15528_left,0.9875909,0.009965013,0.008266441
12375,15528_right,0.9852926,0.011931976,0.008515006
12376,15529_left,0.02424297,0.49168223,0.51874334
12377,15529_right,0.024711553,0.039780498,0.9532877
12378,15530_left,0.06656975,0.92538697,0.046531763
12379,15530_right,0.045439843,0.9384034,0.056645088
12380,15531_left,0.057125337,0.93355626,0.048688434
12381,15531_right,0.9875894,0.009964529,0.008267476
12382,15534_left,0.045983654,0.90591383,0.075691625
12383,15534_right,0.056215018,0.9340602,0.05014148
12384,15538_left,0.025123786,0.046873156,0.9452774
12385,15538_right,0.043986313,0.9416248,0.057249356
12386,15539_left,0.057707597,0.9364495,0.046604086
12387,15539_right,0.47960666,0.49113318,0.025613498
12388,15540_left,0.024679927,0.03902383,0.95428133
12389,15540_right,0.025381526,0.04389113,0.94825053
12390,15544_left,0.98746127,0.010071615,0.0082885055
12391,15544_right,0.98471695,0.012647628,0.007911149
12392,15546_left,0.980706,0.01523827,0.008734552
12393,15546_right,0.6981296,0.29449406,0.011776655
12394,15547_left,0.86824137,0.11347417,0.015585462
12395,15547_right,0.09936186,0.86459047,0.05423103
12396,15549_left,0.9875908,0.009965281,0.008266323
12397,15549_right,0.987591,0.009964928,0.008266386
12398,15551_left,0.96859956,0.025678186,0.0079738
12399,15551_right,0.9875544,0.00999619,0.008263567
12400,15553_left,0.028795227,0.5942736,0.37244084
12401,15553_right,0.0411381,0.94348276,0.05803992
12402,15554_left,0.049082827,0.9379354,0.05413924
12403,15554_right,0.04268558,0.8112723,0.12513314
12404,15557_left,0.0425203,0.94230664,0.056761645
12405,15557_right,0.047774125,0.9025662,0.07527585
12406,15563_left,0.04375957,0.94783276,0.052256808
12407,15563_right,0.92476153,0.06332956,0.013494714
12408,15567_left,0.984522,0.012433776,0.0089904275
12409,15567_right,0.9798784,0.016977485,0.0085771205
12410,15569_left,0.043367945,0.95029044,0.050880753
12411,15569_right,0.07322214,0.9180832,0.046054095
12412,15573_left,0.046797723,0.94127554,0.054280233
12413,15573_right,0.09111395,0.8820158,0.054228682
12414,15574_left,0.9870389,0.010502189,0.008115396
12415,15574_right,0.97859985,0.01689446,0.008820993
12416,15576_left,0.98759127,0.0099648535,0.008266386
12417,15576_right,0.9875854,0.00996907,0.008268446
12418,15578_left,0.98745257,0.010071728,0.008275319
12419,15578_right,0.9772484,0.01746274,0.011963262
12420,15580_left,0.9875678,0.00998293,0.008266667
12421,15580_right,0.98744696,0.010064714,0.008307757
12422,15582_left,0.24728909,0.6668721,0.060290646
12423,15582_right,0.04511473,0.945161,0.052797776
12424,15584_left,0.044516236,0.9492838,0.049928453
12425,15584_right,0.04416787,0.9495815,0.05039935
12426,15585_left,0.9873191,0.010198445,0.00829576
12427,15585_right,0.98758715,0.009966782,0.008267843
12428,15587_left,0.0246836,0.03903314,0.9542955
12429,15587_right,0.9454504,0.043371,0.015307109
12430,15588_left,0.045018706,0.9422254,0.05485575
12431,15588_right,0.045259714,0.9402065,0.05620705
12432,15590_left,0.030259792,0.5688837,0.42832658
12433,15590_right,0.024656992,0.03895707,0.95438933
12434,15593_left,0.7759762,0.21627311,0.01827922
12435,15593_right,0.87886095,0.10980173,0.014643144
12436,15594_left,0.98756856,0.009977125,0.008274747
12437,15594_right,0.98759115,0.009964923,0.008266386
12438,15595_left,0.04633577,0.92858845,0.06277796
12439,15595_right,0.053087994,0.9401672,0.0453805
12440,15596_left,0.9875224,0.009996756,0.008289956
12441,15596_right,0.9855452,0.011097543,0.009131719
12442,15599_left,0.048579298,0.9369119,0.054413375
12443,15599_right,0.26279503,0.70582134,0.024493732
12444,15602_left,0.19986846,0.7851272,0.023372931
12445,15602_right,0.71818227,0.23087575,0.01253777
12446,15603_left,0.9813256,0.014936614,0.0097800745
12447,15603_right,0.97547567,0.017745225,0.014537274
12448,15605_left,0.048449535,0.9392625,0.054411095
12449,15605_right,0.025345067,0.04308681,0.9492585
12450,15610_left,0.92300254,0.07216533,0.010429002
12451,15610_right,0.9715561,0.026037747,0.006601325
12452,15611_left,0.98335415,0.013067734,0.009600226
12453,15611_right,0.9874615,0.010054437,0.008332606
12454,15612_left,0.10064035,0.85949504,0.058368035
12455,15612_right,0.05034813,0.92520714,0.060931895
12456,15615_left,0.025726499,0.12524833,0.8630109
12457,15615_right,0.10914548,0.85800564,0.06008203
12458,15625_left,0.031321477,0.7566562,0.25812817
12459,15625_right,0.98759127,0.0099648675,0.008266381
12460,15627_left,0.98758906,0.009964741,0.008267832
12461,15627_right,0.035091992,0.51331764,0.51800036
12462,15630_left,0.05666454,0.789549,0.17389584
12463,15630_right,0.96691495,0.016947128,0.017201826
12464,15631_left,0.024784096,0.05216354,0.94001114
12465,15631_right,0.02484725,0.045927875,0.946621
12466,15635_left,0.20563513,0.8061414,0.020596094
12467,15635_right,0.9871273,0.010410696,0.008211576
12468,15636_left,0.024670275,0.038933836,0.9543825
12469,15636_right,0.9828315,0.01198855,0.011272513
12470,15638_left,0.020561794,0.08821877,0.925298
12471,15638_right,0.04281086,0.9452789,0.056324657
12472,15639_left,0.23185842,0.74758774,0.033608224
12473,15639_right,0.98661566,0.010658262,0.008583687
12474,15640_left,0.9875909,0.009965187,0.008266288
12475,15640_right,0.987591,0.009964923,0.008266425
12476,15641_left,0.9875864,0.00996777,0.008269772
12477,15641_right,0.98759127,0.009964849,0.008266389
12478,15643_left,0.98759115,0.009964895,0.008266397
12479,15643_right,0.9875903,0.00996515,0.008266765
12480,15644_left,0.9875765,0.009977765,0.008266877
12481,15644_right,0.9875865,0.0099689895,0.008266553
12482,15645_left,0.98747873,0.010073778,0.0082501825
12483,15645_right,0.98759115,0.009964821,0.008266448
12484,15646_left,0.044198137,0.94960284,0.050281268
12485,15646_right,0.043195363,0.95002913,0.051335614
12486,15652_left,0.9874101,0.010011235,0.008354739
12487,15652_right,0.98660696,0.010520336,0.008607956
12488,15653_left,0.04756879,0.93985826,0.053222064
12489,15653_right,0.12866402,0.84734964,0.03993366
12490,15655_left,0.043524604,0.9481341,0.052108485
12491,15655_right,0.5935977,0.42450696,0.010025357
12492,15656_left,0.024422629,0.09872624,0.9131233
12493,15656_right,0.07593155,0.8326757,0.09622191
12494,15657_left,0.055433355,0.93010145,0.05546021
12495,15657_right,0.063835785,0.9218472,0.05024316
12496,15658_left,0.041588858,0.94082445,0.059395365
12497,15658_right,0.16364726,0.8132996,0.030120028
12498,15660_left,0.88193357,0.074877225,0.025538951
12499,15660_right,0.987591,0.009965042,0.008266358
12500,15661_left,0.98759055,0.009965484,0.008266319
12501,15661_right,0.97292364,0.022598384,0.009734348
12502,15666_left,0.2942597,0.67232287,0.045116514
12503,15666_right,0.2125442,0.7442159,0.056382142
12504,15667_left,0.045391057,0.75234824,0.16854416
12505,15667_right,0.9772334,0.019432964,0.008609665
12506,15674_left,0.9792675,0.016911663,0.008784928
12507,15674_right,0.9875897,0.009966062,0.00826624
12508,15682_left,0.024687767,0.040152613,0.9530344
12509,15682_right,0.024662824,0.03902138,0.95430726
12510,15683_left,0.8756798,0.11079559,0.014159008
12511,15683_right,0.09840696,0.8557443,0.063966975
12512,15688_left,0.035040446,0.8440867,0.1426711
12513,15688_right,0.21029735,0.8061249,0.021862915
12514,15690_left,0.024679398,0.038949896,0.95433885
12515,15690_right,0.0640015,0.20696965,0.6692909
12516,15692_left,0.28412572,0.7137853,0.036403053
12517,15692_right,0.7824606,0.21892288,0.012266832
12518,15694_left,0.06416055,0.9264475,0.045878377
12519,15694_right,0.18597776,0.77239513,0.037151024
12520,15695_left,0.98758996,0.009965884,0.008266444
12521,15695_right,0.9872721,0.010256266,0.008258805
12522,15696_left,0.98759127,0.0099648535,0.008266386
12523,15696_right,0.95785,0.0337865,0.013337021
12524,15698_left,0.32133958,0.6721863,0.02012039
12525,15698_right,0.043717027,0.9155383,0.07448113
12526,15699_left,0.024617575,0.07600367,0.9254467
12527,15699_right,0.025352364,0.07626439,0.91517603
12528,15708_left,0.98759115,0.009964844,0.0082664285
12529,15708_right,0.9875558,0.009988502,0.008276133
12530,15709_left,0.18036897,0.80126965,0.03028923
12531,15709_right,0.9870315,0.0104135955,0.008321757
12532,15711_left,0.045878768,0.86358374,0.099933326
12533,15711_right,0.05229661,0.9375476,0.052784737
12534,15712_left,0.98758996,0.00996537,0.008266675
12535,15712_right,0.922322,0.05974122,0.020625066
12536,15717_left,0.9875629,0.00998903,0.008262005
12537,15717_right,0.98758954,0.009966058,0.008266644
12538,15718_left,0.040342577,0.80144626,0.19434626
12539,15718_right,0.04696637,0.6140086,0.28587183
12540,15720_left,0.98752636,0.010018436,0.008271895
12541,15720_right,0.98759127,0.0099648675,0.008266389
12542,15722_left,0.98759127,0.0099648535,0.008266386
12543,15722_right,0.9873683,0.010129269,0.00835826
12544,15728_left,0.987558,0.009995765,0.008262356
12545,15728_right,0.6115755,0.3995009,0.020346653
12546,15732_left,0.024680242,0.038978145,0.9543256
12547,15732_right,0.026273595,0.65651333,0.32026312
12548,15734_left,0.024492456,0.04233014,0.9512355
12549,15734_right,0.04238122,0.05246139,0.9087925
12550,15736_left,0.038853087,0.1703256,0.812736
12551,15736_right,0.12935153,0.5155135,0.24369265
12552,15742_left,0.024688952,0.03891652,0.95436037
12553,15742_right,0.024667935,0.03893131,0.95438176
12554,15745_left,0.9766738,0.02035683,0.007995173
12555,15745_right,0.9873685,0.0101799965,0.008229662
12556,15747_left,0.98759127,0.0099648535,0.008266386
12557,15747_right,0.98759127,0.0099648535,0.008266389
12558,15750_left,0.94440836,0.045291305,0.014609696
12559,15750_right,0.9750106,0.021254286,0.009167513
12560,15751_left,0.98758906,0.009967135,0.008265748
12561,15751_right,0.9872874,0.010275699,0.008140945
12562,15752_left,0.03670654,0.8898937,0.10298267
12563,15752_right,0.046662595,0.79140425,0.15245123
12564,15755_left,0.98741144,0.010099683,0.00831415
12565,15755_right,0.9875425,0.009938834,0.008301289
12566,15756_left,0.032834087,0.8147936,0.1818164
12567,15756_right,0.024961323,0.044017203,0.94888884
12568,15758_left,0.9316954,0.05542631,0.012299598
12569,15758_right,0.7814988,0.17342538,0.016831629
12570,15761_left,0.19854927,0.7898692,0.037706822
12571,15761_right,0.97786593,0.017441045,0.010899119
12572,15763_left,0.91233575,0.07407991,0.009158781
12573,15763_right,0.98743165,0.010077516,0.008290889
12574,15767_left,0.9469815,0.04585659,0.008675674
12575,15767_right,0.9754632,0.018998139,0.0089356275
12576,15772_left,0.05152495,0.9424216,0.04720189
12577,15772_right,0.16839328,0.8059635,0.033353854
12578,15775_left,0.04240567,0.9333125,0.06262072
12579,15775_right,0.0354435,0.82370365,0.18896316
12580,15776_left,0.030789968,0.6647225,0.37321797
12581,15776_right,0.038930666,0.89543605,0.101383686
12582,15780_left,0.9871725,0.010230345,0.008431041
12583,15780_right,0.026540328,0.037163727,0.9519865
12584,15781_left,0.03609232,0.7513436,0.21414058
12585,15781_right,0.029187858,0.216229,0.754109
12586,15788_left,0.043411814,0.9500107,0.051054318
12587,15788_right,0.043281488,0.94728035,0.0528343
12588,15791_left,0.9863961,0.011056414,0.008259427
12589,15791_right,0.7788032,0.1629399,0.018945847
12590,15793_left,0.98748106,0.01005197,0.008289238
12591,15793_right,0.52368474,0.45026538,0.02743232
12592,15794_left,0.045384455,0.93483996,0.058075685
12593,15794_right,0.0585608,0.9329063,0.04502197
12594,15795_left,0.9872923,0.010134855,0.008339871
12595,15795_right,0.98758996,0.009964943,0.008267078
12596,15796_left,0.118219316,0.8338681,0.058539536
12597,15796_right,0.25469166,0.6965507,0.035122313
12598,15797_left,0.98759115,0.009964863,0.0082664285
12599,15797_right,0.9875893,0.009965813,0.008267007
12600,15798_left,0.9875908,0.009965268,0.008266225
12601,15798_right,0.98748916,0.00991801,0.008326962
12602,15799_left,0.16082712,0.8216632,0.036577336
12603,15799_right,0.9801137,0.015882226,0.010073013
12604,15800_left,0.0448704,0.9477473,0.051203877
12605,15800_right,0.04330766,0.9500302,0.051128384
12606,15801_left,0.21272185,0.76677966,0.029082514
12607,15801_right,0.9779744,0.017007887,0.010621774
12608,15807_left,0.036747433,0.8325954,0.18035977
12609,15807_right,0.16492726,0.8176268,0.03644804
12610,15808_left,0.5763043,0.3839991,0.015130572
12611,15808_right,0.053130805,0.9393434,0.047189772
12612,15809_left,0.024740707,0.03912204,0.9540256
12613,15809_right,0.07042029,0.92303735,0.046437778
12614,15810_left,0.32927758,0.5782093,0.031066356
12615,15810_right,0.10199361,0.66358054,0.0853451
12616,15811_left,0.035281572,0.20432606,0.73779947
12617,15811_right,0.16195914,0.81058484,0.030790402
12618,15816_left,0.2529015,0.62380093,0.09824727
12619,15816_right,0.024866587,0.040703975,0.95253
12620,15817_left,0.041391388,0.9450542,0.05772954
12621,15817_right,0.038020317,0.9275888,0.07182408
12622,15821_left,0.98635966,0.011045334,0.008359288
12623,15821_right,0.9867127,0.010716594,0.008353495
12624,15828_left,0.023340056,0.09911851,0.8929595
12625,15828_right,0.024792241,0.045362294,0.94830817
12626,15835_left,0.024571637,0.04017376,0.9530462
12627,15835_right,0.8801954,0.013923746,0.060453374
12628,15847_left,0.13610934,0.85965127,0.028440751
12629,15847_right,0.042468276,0.9375272,0.059804298
12630,15848_left,0.037059087,0.5405109,0.38586426
12631,15848_right,0.7734236,0.2001385,0.018100662
12632,15849_left,0.37780294,0.47648057,0.046344306
12633,15849_right,0.9866716,0.0107289655,0.008301411
12634,15851_left,0.265045,0.67105275,0.05067393
12635,15851_right,0.79373324,0.20497398,0.011090481
12636,15855_left,0.98407656,0.012826769,0.008132382
12637,15855_right,0.97541183,0.021438997,0.007974894
12638,15857_left,0.025033595,0.06287083,0.9337554
12639,15857_right,0.03716131,0.21524502,0.7823425
12640,15858_left,0.02467209,0.041642796,0.9520382
12641,15858_right,0.761643,0.19274357,0.023317093
12642,15859_left,0.0340905,0.8580197,0.14415489
12643,15859_right,0.042996056,0.9464229,0.053797413
12644,15863_left,0.08119739,0.819803,0.11286938
12645,15863_right,0.9182464,0.060331885,0.011370882
12646,15864_left,0.024503829,0.043482173,0.94957745
12647,15864_right,0.15742414,0.85424125,0.030041147
12648,15867_left,0.06976184,0.9122871,0.05664723
12649,15867_right,0.98652494,0.010751197,0.0087008905
12650,15868_left,0.052686118,0.93546057,0.052213933
12651,15868_right,0.19668497,0.8065035,0.025096834
12652,15870_left,0.029334001,0.11653465,0.87067425
12653,15870_right,0.024715224,0.039185196,0.95407295
12654,15873_left,0.044512566,0.9472641,0.05153217
12655,15873_right,0.0387762,0.92826086,0.07718059
12656,15874_left,0.07011173,0.9207582,0.04210463
12657,15874_right,0.98697776,0.010459013,0.008380612
12658,15879_left,0.98759055,0.009965309,0.008266452
12659,15879_right,0.9874027,0.0100953365,0.008326541
12660,15884_left,0.022488404,0.08676896,0.9077305
12661,15884_right,0.12676129,0.86583376,0.029972944
12662,15885_left,0.030059256,0.5460872,0.43282118
12663,15885_right,0.06593636,0.3441911,0.5553285
12664,15886_left,0.9875733,0.009980611,0.008266534
12665,15886_right,0.98759115,0.009964915,0.008266381
12666,15892_left,0.3028621,0.68523055,0.039940443
12667,15892_right,0.9874512,0.010087858,0.008275678
12668,15893_left,0.98759115,0.009964815,0.008266452
12669,15893_right,0.9875892,0.00996523,0.008267605
12670,15894_left,0.023066413,0.13780949,0.8975533
12671,15894_right,0.98759127,0.00996483,0.008266409
12672,15897_left,0.028769447,0.4262199,0.65603405
12673,15897_right,0.987591,0.009964708,0.00826655
12674,15898_left,0.032137603,0.3562706,0.6808621
12675,15898_right,0.05294958,0.8980862,0.08549418
12676,15899_left,0.02466078,0.038971696,0.954376
12677,15899_right,0.024633301,0.039880868,0.95366025
12678,15902_left,0.11600203,0.8810078,0.039051265
12679,15902_right,0.6314068,0.34474775,0.019740606
12680,15914_left,0.042880125,0.9488371,0.052167986
12681,15914_right,0.038566582,0.91724366,0.08226676
12682,15916_left,0.1221996,0.8777302,0.033928066
12683,15916_right,0.07641387,0.90834177,0.04880416
12684,15918_left,0.024906069,0.04234117,0.95048046
12685,15918_right,0.029353179,0.30288878,0.6378662
12686,15921_left,0.05307401,0.93973243,0.049828235
12687,15921_right,0.24481753,0.7431443,0.04220251
12688,15923_left,0.026559383,0.07159193,0.91871756
12689,15923_right,0.9772789,0.018285366,0.010038911
12690,15926_left,0.050951563,0.9186081,0.06487961
12691,15926_right,0.9208355,0.07408634,0.01092834
12692,15928_left,0.9875909,0.009964708,0.008266589
12693,15928_right,0.14545015,0.13279703,0.6293498
12694,15930_left,0.98759127,0.00996484,0.008266393
12695,15930_right,0.9875908,0.009964619,0.008266671
12696,15932_left,0.030254798,0.50174445,0.41681057
12697,15932_right,0.9875907,0.009964952,0.008266612
12698,15935_left,0.1013547,0.89024425,0.036748193
12699,15935_right,0.779458,0.17827971,0.030876469
12700,15937_left,0.89813936,0.09167857,0.0052916748
12701,15937_right,0.9826766,0.014354088,0.008535557
12702,15938_left,0.04478156,0.9002793,0.08084283
12703,15938_right,0.035287928,0.672807,0.28264457
12704,15941_left,0.024654929,0.03894663,0.9544053
12705,15941_right,0.04771135,0.94467455,0.04929022
12706,15942_left,0.034349468,0.6809206,0.3371774
12707,15942_right,0.02740142,0.6090168,0.45173526
12708,15944_left,0.024759807,0.039513726,0.953809
12709,15944_right,0.02836188,0.21170466,0.81217754
12710,15946_left,0.35668695,0.61466277,0.021623857
12711,15946_right,0.9068945,0.07330084,0.017661134
12712,15948_left,0.050177135,0.94245076,0.048438538
12713,15948_right,0.03500796,0.9173846,0.095296055
12714,15949_left,0.98757774,0.009974841,0.0082649905
12715,15949_right,0.9868854,0.010561795,0.008303224
12716,15952_left,0.32296053,0.6058881,0.035747044
12717,15952_right,0.1369747,0.8226233,0.048173558
12718,15954_left,0.02457997,0.03957861,0.9537445
12719,15954_right,0.04222046,0.8481135,0.1088711
12720,15955_left,0.9875903,0.009965549,0.008266303
12721,15955_right,0.9437432,0.049996614,0.01034398
12722,15958_left,0.034322944,0.7129204,0.2190821
12723,15958_right,0.04502366,0.93837,0.057734437
12724,15960_left,0.9875909,0.0099649895,0.008266577
12725,15960_right,0.98759127,0.009964849,0.008266393
12726,15961_left,0.79273087,0.20391858,0.01124454
12727,15961_right,0.0452146,0.92907304,0.06320783
12728,15964_left,0.024662074,0.038950324,0.9543937
12729,15964_right,0.02462691,0.04078858,0.9529467
12730,15970_left,0.09094209,0.8966145,0.040366784
12731,15970_right,0.07074172,0.92138803,0.038774442
12732,15971_left,0.062175684,0.80874413,0.13235712
12733,15971_right,0.08547364,0.8349742,0.08461275
12734,15973_left,0.10428375,0.86807686,0.053636417
12735,15973_right,0.9875732,0.009977577,0.008268434
12736,15975_left,0.04328299,0.8356247,0.15559156
12737,15975_right,0.22129051,0.76293766,0.021535752
12738,15979_left,0.85111326,0.11790144,0.016476085
12739,15979_right,0.8948538,0.08492375,0.015171791
12740,15980_left,0.98759115,0.009964801,0.008266444
12741,15980_right,0.9875882,0.009964661,0.008268696
12742,15981_left,0.98759127,0.009964863,0.008266386
12743,15981_right,0.9875893,0.009964519,0.008267503
12744,15982_left,0.9875909,0.009965037,0.008266514
12745,15982_right,0.9875875,0.009964274,0.008268246
12746,15985_left,0.046662834,0.92390984,0.06373332
12747,15985_right,0.044564024,0.92562217,0.07086058
12748,15987_left,0.105444014,0.87894887,0.040101785
12749,15987_right,0.13005725,0.854957,0.030829487
12750,15988_left,0.046610177,0.9449773,0.05098925
12751,15988_right,0.024597686,0.040358678,0.95277655
12752,15989_left,0.04421155,0.8872193,0.10933166
12753,15989_right,0.56484365,0.40583515,0.031265177
12754,15991_left,0.98759127,0.009964849,0.008266389
12755,15991_right,0.98759127,0.00996484,0.008266397
12756,15993_left,0.024687631,0.039056487,0.95425785
12757,15993_right,0.02469917,0.040342744,0.9527533
12758,15994_left,0.9851157,0.012142902,0.008440333
12759,15994_right,0.65994424,0.35323343,0.0077946484
12760,16007_left,0.02466687,0.03895333,0.95438004
12761,16007_right,0.03825513,0.85423064,0.11323095
12762,16009_left,0.036697034,0.89752513,0.09899791
12763,16009_right,0.02468992,0.039134014,0.9541982
12764,16011_left,0.045083195,0.9372391,0.05801151
12765,16011_right,0.032407213,0.79910195,0.18475524
12766,16013_left,0.98671085,0.010724503,0.008356418
12767,16013_right,0.9843114,0.012470372,0.009073039
12768,16021_left,0.98759127,0.009964849,0.008266393
12769,16021_right,0.98759115,0.0099648675,0.008266393
12770,16022_left,0.039362717,0.92110467,0.076364286
12771,16022_right,0.04937903,0.9423599,0.049785722
12772,16025_left,0.024766319,0.0388629,0.95426375
12773,16025_right,0.025411291,0.1092003,0.903002
12774,16027_left,0.026995145,0.06781638,0.92746
12775,16027_right,0.024662727,0.03895516,0.95438415
12776,16028_left,0.15823938,0.8144498,0.04516245
12777,16028_right,0.9033822,0.081719056,0.012592223
12778,16030_left,0.98755926,0.00999052,0.008270875
12779,16030_right,0.98203546,0.009757634,0.01154111
12780,16031_left,0.10160786,0.8826351,0.0500046
12781,16031_right,0.84439456,0.12548932,0.028407093
12782,16035_left,0.9875907,0.009965094,0.008266514
12783,16035_right,0.987591,0.009964726,0.008266519
12784,16036_left,0.96107924,0.032828327,0.010580178
12785,16036_right,0.9872643,0.009799267,0.008564211
12786,16038_left,0.026717374,0.067500636,0.92654413
12787,16038_right,0.023955667,0.05037425,0.9467372
12788,16042_left,0.044206705,0.90114653,0.08000568
12789,16042_right,0.07169411,0.9217889,0.03665027
12790,16043_left,0.9851763,0.012094482,0.007923411
12791,16043_right,0.9736082,0.02259015,0.008501125
12792,16046_left,0.024629978,0.040758174,0.95263946
12793,16046_right,0.024863893,0.039225116,0.9535386
12794,16047_left,0.045386225,0.9454353,0.05225019
12795,16047_right,0.045305464,0.93085074,0.061844267
12796,16049_left,0.9875909,0.009964957,0.008266425
12797,16049_right,0.9875892,0.009966891,0.008265701
12798,16058_left,0.030806582,0.33775765,0.6008838
12799,16058_right,0.03191933,0.23451573,0.71643
12800,16060_left,0.33899766,0.6430553,0.013540642
12801,16060_right,0.98758984,0.009965926,0.008266562
12802,16061_left,0.20648114,0.7466074,0.045777354
12803,16061_right,0.051320627,0.9394728,0.04986875
12804,16065_left,0.9632679,0.034420013,0.0074674017
12805,16065_right,0.98668927,0.010197684,0.008636805
12806,16071_left,0.041866705,0.9400021,0.058640115
12807,16071_right,0.9875115,0.010032421,0.008277746
12808,16076_left,0.9532249,0.040461883,0.010438026
12809,16076_right,0.98722965,0.010116254,0.00836726
12810,16080_left,0.027895408,0.7490361,0.26656446
12811,16080_right,0.06520171,0.9170349,0.06211771
12812,16085_left,0.024655158,0.038946148,0.95440495
12813,16085_right,0.024658227,0.0389341,0.9544102
12814,16088_left,0.94137365,0.047342587,0.007851159
12815,16088_right,0.987465,0.010078881,0.008264021
12816,16093_left,0.9226185,0.06895572,0.012612034
12817,16093_right,0.04657833,0.94559175,0.05084551
12818,16095_left,0.9875909,0.00996498,0.008266483
12819,16095_right,0.98759127,0.009964849,0.008266389
12820,16099_left,0.08465881,0.90627116,0.03667287
12821,16099_right,0.06828561,0.92264867,0.04253664
12822,16101_left,0.07709946,0.90670794,0.047880873
12823,16101_right,0.09427057,0.76613855,0.113291815
12824,16109_left,0.98759115,0.009964943,0.008266366
12825,16109_right,0.9875717,0.00998275,0.008265694
12826,16110_left,0.98758894,0.009966886,0.008266362
12827,16110_right,0.98756593,0.009988742,0.0082595
12828,16111_left,0.03710774,0.81397927,0.18890159
12829,16111_right,0.07716899,0.908646,0.04868134
12830,16114_left,0.040821437,0.9401224,0.06033857
12831,16114_right,0.749122,0.1827666,0.018712297
12832,16115_left,0.03362215,0.6300326,0.3054405
12833,16115_right,0.039995644,0.90654707,0.0956207
12834,16122_left,0.03397457,0.56720203,0.34213787
12835,16122_right,0.7611754,0.20171149,0.019143349
12836,16126_left,0.9541259,0.04092689,0.009830506
12837,16126_right,0.120732985,0.8446526,0.057747114
12838,16129_left,0.0672862,0.923779,0.047315743
12839,16129_right,0.045395087,0.9479539,0.05040713
12840,16130_left,0.96698314,0.025971618,0.010753499
12841,16130_right,0.9870833,0.010439661,0.00824994
12842,16131_left,0.983564,0.012942883,0.009225857
12843,16131_right,0.038266584,0.9239389,0.07674125
12844,16132_left,0.047268305,0.07603068,0.8784427
12845,16132_right,0.98758954,0.009965799,0.008266389
12846,16134_left,0.024656814,0.03900281,0.9543436
12847,16134_right,0.03486326,0.6982713,0.24864288
12848,16136_left,0.98759115,0.009964887,0.008266389
12849,16136_right,0.98759127,0.009964858,0.008266389
12850,16138_left,0.049080465,0.9441829,0.047938317
12851,16138_right,0.059732605,0.93411773,0.04437581
12852,16139_left,0.043402955,0.95014536,0.050934065
12853,16139_right,0.9712824,0.023393055,0.010945378
12854,16142_left,0.043185048,0.9499392,0.051203016
12855,16142_right,0.9875909,0.009965126,0.008266448
12856,16145_left,0.06367928,0.9180338,0.057216655
12857,16145_right,0.8893001,0.090360485,0.017448712
12858,16148_left,0.98750126,0.010043542,0.008271813
12859,16148_right,0.9871731,0.01023958,0.008412078
12860,16149_left,0.98757124,0.009983476,0.008265475
12861,16149_right,0.98746014,0.010092673,0.008252961
12862,16150_left,0.03565754,0.6909743,0.32100934
12863,16150_right,0.98164696,0.015355122,0.008528877
12864,16154_left,0.03885496,0.93040234,0.07563298
12865,16154_right,0.83760726,0.14594261,0.017398655
12866,16170_left,0.07231253,0.92029786,0.041858688
12867,16170_right,0.036542453,0.8316608,0.1838842
12868,16171_left,0.045103062,0.92350024,0.06602608
12869,16171_right,0.03912646,0.8592171,0.10810736
12870,16177_left,0.038066998,0.8818475,0.102124274
12871,16177_right,0.9687761,0.026335018,0.009098982
12872,16178_left,0.08065802,0.916584,0.02944073
12873,16178_right,0.98759127,0.009964858,0.008266381
12874,16179_left,0.0751413,0.9012464,0.05630489
12875,16179_right,0.06876675,0.9128269,0.05234522
12876,16181_left,0.98754627,0.009993755,0.008269795
12877,16181_right,0.9875767,0.009966919,0.008273632
12878,16183_left,0.04766541,0.9436238,0.053392388
12879,16183_right,0.024222368,0.042187404,0.9523061
12880,16185_left,0.5696014,0.39624283,0.027326621
12881,16185_right,0.983979,0.011150121,0.010563001
12882,16189_left,0.19147095,0.8001314,0.021001935
12883,16189_right,0.024767516,0.039781306,0.95332944
12884,16191_left,0.103713475,0.8828324,0.035158172
12885,16191_right,0.049659528,0.8885983,0.09344984
12886,16193_left,0.41727012,0.60741884,0.011535313
12887,16193_right,0.054843906,0.9373019,0.04730276
12888,16196_left,0.024678355,0.038914587,0.9543834
12889,16196_right,0.024680328,0.03891981,0.9543662
12890,16197_left,0.036380228,0.9176562,0.07847129
12891,16197_right,0.04215318,0.8059856,0.12882595
12892,16198_left,0.04350328,0.9498016,0.051134862
12893,16198_right,0.04546798,0.94424134,0.05339559
12894,16201_left,0.98758954,0.0099638235,0.008267633
12895,16201_right,0.9874843,0.009883079,0.008348788
12896,16203_left,0.039603766,0.9358179,0.06329543
12897,16203_right,0.98758984,0.00996578,0.008266553
12898,16205_left,0.026127238,0.353074,0.61503136
12899,16205_right,0.1464713,0.8138707,0.04016374
12900,16206_left,0.024726598,0.042411342,0.9515279
12901,16206_right,0.18096879,0.82467693,0.03165861
12902,16217_left,0.23555738,0.6843471,0.036408253
12903,16217_right,0.041286405,0.9367985,0.061420728
12904,16218_left,0.8503904,0.12053135,0.023459895
12905,16218_right,0.98759043,0.009965164,0.008266585
12906,16219_left,0.02262145,0.09516429,0.907521
12907,16219_right,0.026033467,0.10194506,0.90265167
12908,16220_left,0.21986791,0.66268486,0.05197987
12909,16220_right,0.057453927,0.5303605,0.28117207
12910,16221_left,0.9875751,0.009975467,0.008271903
12911,16221_right,0.98758984,0.009965695,0.008266772
12912,16222_left,0.93517035,0.051748626,0.016291669
12913,16222_right,0.04805204,0.9419818,0.052910544
12914,16223_left,0.98739326,0.010113766,0.00832904
12915,16223_right,0.8555863,0.11897314,0.019791402
12916,16224_left,0.032551046,0.749166,0.21572158
12917,16224_right,0.97912383,0.016842987,0.009651402
12918,16233_left,0.98759115,0.00996484,0.008266409
12919,16233_right,0.987591,0.009964881,0.008266452
12920,16234_left,0.06881955,0.9030817,0.057245523
12921,16234_right,0.04381452,0.949434,0.051063556
12922,16236_left,0.9875822,0.009973103,0.008266444
12923,16236_right,0.98759127,0.009964858,0.008266386
12924,16238_left,0.94783574,0.041248824,0.015212912
12925,16238_right,0.04803944,0.9281698,0.06377282
12926,16245_left,0.033304293,0.038952038,0.9377538
12927,16245_right,0.028569788,0.08584934,0.9004811
12928,16249_left,0.042935677,0.9227133,0.06904709
12929,16249_right,0.044118583,0.9495527,0.05051108
12930,16257_left,0.9875908,0.009965187,0.00826635
12931,16257_right,0.9875908,0.009965305,0.008266362
12932,16258_left,0.9847819,0.012367524,0.008568362
12933,16258_right,0.9873848,0.010153,0.008267695
12934,16260_left,0.04077914,0.89867616,0.08751033
12935,16260_right,0.9875843,0.009971362,0.008265881
12936,16265_left,0.9874586,0.010073069,0.008295619
12937,16265_right,0.95456886,0.03636698,0.013975934
12938,16268_left,0.93336016,0.0511356,0.012261332
12939,16268_right,0.9786258,0.017545424,0.0075504347
12940,16272_left,0.98759127,0.00996484,0.008266397
12941,16272_right,0.98759115,0.009964863,0.008266405
12942,16273_left,0.024695782,0.06688489,0.92406505
12943,16273_right,0.98759127,0.0099648535,0.008266386
12944,16279_left,0.024296809,0.04221003,0.9521605
12945,16279_right,0.046462912,0.9468938,0.05068414
12946,16280_left,0.90287626,0.039169326,0.041557074
12947,16280_right,0.98587775,0.01079931,0.0093296
12948,16283_left,0.98759127,0.0099648535,0.008266393
12949,16283_right,0.98759127,0.0099648535,0.008266386
12950,16284_left,0.98758954,0.009965865,0.0082668895
12951,16284_right,0.71055406,0.054757755,0.1622271
12952,16286_left,0.9875464,0.009950426,0.008296591
12953,16286_right,0.98759115,0.009964821,0.008266425
12954,16287_left,0.04328598,0.9502325,0.05097866
12955,16287_right,0.040500063,0.93813795,0.063272476
12956,16288_left,0.04270348,0.94501734,0.05479758
12957,16288_right,0.04786868,0.94569683,0.047846887
12958,16289_left,0.9825167,0.013244198,0.009076169
12959,16289_right,0.9872679,0.010148119,0.008391104
12960,16290_left,0.6707201,0.29705778,0.024976552
12961,16290_right,0.984632,0.01255668,0.008481349
12962,16294_left,0.60282797,0.38264415,0.012715583
12963,16294_right,0.36447853,0.5588593,0.04710387
12964,16299_left,0.9872657,0.010238657,0.008303699
12965,16299_right,0.9757519,0.019924492,0.0078437375
12966,16301_left,0.98759043,0.009965338,0.008266569
12967,16301_right,0.9875866,0.009968085,0.008266667
12968,16302_left,0.98758286,0.009970782,0.008268012
12969,16302_right,0.9875271,0.01000371,0.008289226
12970,16307_left,0.9875907,0.009964661,0.008266718
12971,16307_right,0.98757577,0.009978198,0.008265005
12972,16309_left,0.03487338,0.70761955,0.22014566
12973,16309_right,0.026461836,0.055074196,0.93545705
12974,16310_left,0.98759127,0.009964849,0.008266389
12975,16310_right,0.987591,0.009964821,0.008266475
12976,16313_left,0.06087975,0.8984946,0.0640942
12977,16313_right,0.2344958,0.7216335,0.03245148
12978,16317_left,0.091721505,0.6213438,0.23257077
12979,16317_right,0.067315504,0.84561133,0.095979266
12980,16318_left,0.27612925,0.6326706,0.075730585
12981,16318_right,0.035143264,0.8951759,0.10746329
12982,16320_left,0.98758984,0.009965766,0.008266558
12983,16320_right,0.98759127,0.0099648535,0.008266386
12984,16321_left,0.985953,0.011363177,0.008433991
12985,16321_right,0.9853418,0.011759525,0.008803421
12986,16324_left,0.06820929,0.026543532,0.9011095
12987,16324_right,0.026565153,0.037348982,0.95201147
12988,16325_left,0.987591,0.009964741,0.008266534
12989,16325_right,0.98759055,0.009964453,0.008266944
12990,16327_left,0.98759115,0.0099648535,0.0082664015
12991,16327_right,0.98759127,0.009964858,0.008266381
12992,16334_left,0.27044106,0.7646051,0.012948246
12993,16334_right,0.987586,0.009968933,0.008266577
12994,16335_left,0.9598838,0.034945983,0.0098622395
12995,16335_right,0.987591,0.009964915,0.008266436
12996,16336_left,0.04742848,0.93742555,0.055536047
12997,16336_right,0.96887666,0.030823218,0.0051267683
12998,16340_left,0.715373,0.22487319,0.029995607
12999,16340_right,0.92758524,0.058848243,0.01587888
13000,16341_left,0.96363163,0.036188595,0.005818583
13001,16341_right,0.93089795,0.056785926,0.014825785
13002,16343_left,0.06296573,0.920497,0.05243184
13003,16343_right,0.10330664,0.88336307,0.042725533
13004,16350_left,0.024411187,0.41171947,0.5863988
13005,16350_right,0.041118585,0.76737666,0.16306436
13006,16351_left,0.98759043,0.009965398,0.008266534
13007,16351_right,0.98758996,0.009965964,0.008266386
13008,16359_left,0.96726024,0.034595467,0.0042302054
13009,16359_right,0.9874764,0.009995577,0.0083192
13010,16360_left,0.97490376,0.019030808,0.010297716
13011,16360_right,0.7571372,0.20657311,0.011830288
13012,16365_left,0.060175527,0.92494905,0.050865628
13013,16365_right,0.86750406,0.11539257,0.015542502
13014,16366_left,0.02992526,0.76438993,0.26042035
13015,16366_right,0.03541499,0.8118235,0.20808248
13016,16369_left,0.025082674,0.06040931,0.93073267
13017,16369_right,0.8145403,0.18873078,0.005979332
13018,16370_left,0.2514091,0.7668782,0.023105586
13019,16370_right,0.98598355,0.010972352,0.0091329105
13020,16374_left,0.9875531,0.009944331,0.008293296
13021,16374_right,0.9874313,0.010100513,0.008285735
13022,16375_left,0.9875401,0.010001533,0.008284167
13023,16375_right,0.9875657,0.00997981,0.008275041
13024,16377_left,0.9593774,0.038573284,0.0069104484
13025,16377_right,0.046094853,0.94797426,0.048769154
13026,16379_left,0.03637319,0.8667171,0.14275782
13027,16379_right,0.3782469,0.60109556,0.022026911
13028,16381_left,0.042747214,0.68832487,0.30297583
13029,16381_right,0.02853068,0.49589023,0.56340957
13030,16384_left,0.98758906,0.009965658,0.008267281
13031,16384_right,0.98759115,0.009964801,0.008266468
13032,16385_left,0.98759055,0.00996515,0.008266542
13033,16385_right,0.98759127,0.009964849,0.008266389
13034,16386_left,0.045995,0.90714836,0.084320255
13035,16386_right,0.14760393,0.83690727,0.04680016
13036,16388_left,0.98759115,0.009964806,0.008266468
13037,16388_right,0.98759127,0.00996483,0.008266409
13038,16389_left,0.23372549,0.74621546,0.022615885
13039,16389_right,0.12640516,0.854712,0.03547806
13040,16390_left,0.024670906,0.039117757,0.9541885
13041,16390_right,0.024905108,0.040276513,0.9527582
13042,16391_left,0.028422844,0.24188323,0.7261462
13043,16391_right,0.029451808,0.1671035,0.7966324
13044,16392_left,0.7015636,0.20787771,0.066745915
13045,16392_right,0.98758775,0.009967803,0.008266589
13046,16393_left,0.9676829,0.026168035,0.007840766
13047,16393_right,0.97817284,0.01832509,0.007455395
13048,16395_left,0.98759127,0.0099648535,0.008266386
13049,16395_right,0.98759127,0.009964858,0.008266386
13050,16398_left,0.9785282,0.01635897,0.011877507
13051,16398_right,0.043510213,0.95014954,0.050809074
13052,16401_left,0.98757696,0.009976211,0.008268043
13053,16401_right,0.987591,0.009964755,0.008266498
13054,16403_left,0.04497748,0.94791085,0.05102404
13055,16403_right,0.043960776,0.85183674,0.105458364
13056,16405_left,0.04008712,0.9259607,0.070144914
13057,16405_right,0.044154525,0.9487227,0.051214784
13058,16407_left,0.03757622,0.8942446,0.10884353
13059,16407_right,0.98756486,0.009986083,0.008269932
13060,16408_left,0.07450559,0.89838046,0.05996638
13061,16408_right,0.91123235,0.07303219,0.01649365
13062,16410_left,0.9875887,0.009966844,0.008266729
13063,16410_right,0.9870481,0.01042002,0.008345109
13064,16412_left,0.108975165,0.8688001,0.048742857
13065,16412_right,0.07509694,0.9166402,0.043960117
13066,16413_left,0.028984513,0.09029337,0.90772605
13067,16413_right,0.030365769,0.34352556,0.62177616
13068,16414_left,0.98756254,0.009991703,0.008263931
13069,16414_right,0.9875908,0.009964693,0.008266667
13070,16416_left,0.055318926,0.93465155,0.049985055
13071,16416_right,0.9610081,0.031046197,0.010019368
13072,16417_left,0.987591,0.009965008,0.008266362
13073,16417_right,0.987591,0.009965023,0.008266319
13074,16418_left,0.024688756,0.039059173,0.9542581
13075,16418_right,0.025236782,0.049369425,0.94261605
13076,16419_left,0.036922663,0.9189713,0.090819314
13077,16419_right,0.026638342,0.16825378,0.872384
13078,16429_left,0.044533823,0.9490167,0.050755493
13079,16429_right,0.8621392,0.14552736,0.0069288043
13080,16432_left,0.02934187,0.27632734,0.6878087
13081,16432_right,0.025089918,0.04137473,0.95172805
13082,16439_left,0.9873477,0.010183953,0.008264802
13083,16439_right,0.9874548,0.010086411,0.0082628215
13084,16445_left,0.051376224,0.94255906,0.048218153
13085,16445_right,0.040190183,0.9412768,0.062298924
13086,16446_left,0.90424025,0.09115565,0.010373378
13087,16446_right,0.9525962,0.038260214,0.0136910165
13088,16448_left,0.02482808,0.041125804,0.9516935
13089,16448_right,0.05339463,0.9380031,0.04898937
13090,16450_left,0.106746934,0.86907524,0.04710657
13091,16450_right,0.049634926,0.9416462,0.051722452
13092,16451_left,0.98539877,0.0117764445,0.008604969
13093,16451_right,0.9874936,0.01004634,0.008279703
13094,16452_left,0.042014353,0.91303843,0.08334136
13095,16452_right,0.02449478,0.042844627,0.9510541
13096,16454_left,0.98759055,0.009965488,0.008266201
13097,16454_right,0.98759127,0.00996484,0.0082664015
13098,16458_left,0.17184106,0.8098799,0.037883162
13099,16458_right,0.09523058,0.8746468,0.049016345
13100,16460_left,0.04333635,0.947817,0.052782282
13101,16460_right,0.14389955,0.84433717,0.037447218
13102,16466_left,0.9875909,0.009965112,0.008266378
13103,16466_right,0.98759127,0.009964858,0.008266386
13104,16468_left,0.98759127,0.0099648535,0.008266386
13105,16468_right,0.986791,0.009366361,0.008890591
13106,16471_left,0.037296724,0.8402766,0.16494004
13107,16471_right,0.047668677,0.8130891,0.17464069
13108,16474_left,0.9825183,0.013734555,0.009976277
13109,16474_right,0.024761423,0.113561176,0.87279737
13110,16479_left,0.98759115,0.0099648675,0.008266425
13111,16479_right,0.98759127,0.0099648535,0.008266386
13112,16481_left,0.05034139,0.78571635,0.13243237
13113,16481_right,0.05156507,0.93087363,0.056083307
13114,16486_left,0.046628956,0.9438947,0.05175347
13115,16486_right,0.05508652,0.9357841,0.048986528
13116,16487_left,0.9875908,0.009964887,0.00826655
13117,16487_right,0.9875903,0.009964505,0.008267124
13118,16488_left,0.9875907,0.009964411,0.00826685
13119,16488_right,0.987591,0.009964755,0.008266503
13120,16496_left,0.43098006,0.5300841,0.017975139
13121,16496_right,0.98759127,0.009964863,0.008266381
13122,16497_left,0.024655836,0.03894357,0.95440966
13123,16497_right,0.042989623,0.9404463,0.058253374
13124,16499_left,0.02504348,0.039140813,0.95354205
13125,16499_right,0.024776543,0.039632596,0.9535775
13126,16509_left,0.036283262,0.9385865,0.070094384
13127,16509_right,0.0512115,0.93121713,0.05779868
13128,16510_left,0.024667326,0.03915798,0.9541531
13129,16510_right,0.033012666,0.5023455,0.41918308
13130,16512_left,0.030967804,0.119120516,0.8627005
13131,16512_right,0.04447822,0.93610615,0.062855594
13132,16515_left,0.9875909,0.009964948,0.008266487
13133,16515_right,0.9875667,0.009985315,0.008268622
13134,16520_left,0.987568,0.009982208,0.0082711205
13135,16520_right,0.641118,0.31725574,0.018141972
13136,16523_left,0.5870857,0.32754013,0.060802102
13137,16523_right,0.50762314,0.41898042,0.045991767
13138,16524_left,0.98757344,0.009953029,0.008280012
13139,16524_right,0.98758996,0.009963988,0.008267386
13140,16525_left,0.84249794,0.11376237,0.031771872
13141,16525_right,0.3286378,0.22862948,0.26680914
13142,16527_left,0.036973275,0.7915999,0.15318158
13143,16527_right,0.5876186,0.29651296,0.05232746
13144,16528_left,0.04368375,0.9488213,0.051551335
13145,16528_right,0.045440372,0.94500315,0.05246115
13146,16529_left,0.9875901,0.009965573,0.008266475
13147,16529_right,0.76792496,0.20825537,0.008945679
13148,16530_left,0.043831736,0.94959027,0.050919335
13149,16530_right,0.07318189,0.9195583,0.040374767
13150,16532_left,0.3015532,0.6949794,0.02333968
13151,16532_right,0.09249059,0.8929752,0.04828617
13152,16533_left,0.031516157,0.29072958,0.6761929
13153,16533_right,0.028755901,0.19440258,0.7858732
13154,16534_left,0.047687538,0.9446736,0.05045257
13155,16534_right,0.93211657,0.0591812,0.011893747
13156,16536_left,0.045688402,0.86354554,0.104006246
13157,16536_right,0.56824166,0.3806472,0.025443962
13158,16540_left,0.037767854,0.9241076,0.081167705
13159,16540_right,0.12959899,0.8387465,0.046862587
13160,16542_left,0.80015194,0.20829634,0.008991185
13161,16542_right,0.039254498,0.077522054,0.89505064
13162,16543_left,0.9787683,0.016496442,0.010233256
13163,16543_right,0.048479,0.941223,0.05222557
13164,16545_left,0.052770138,0.9390738,0.04863812
13165,16545_right,0.04397635,0.9496296,0.050559036
13166,16547_left,0.98666984,0.010873734,0.008008224
13167,16547_right,0.9875585,0.009991722,0.00827154
13168,16548_left,0.043515716,0.9474452,0.05267113
13169,16548_right,0.0246787,0.041520607,0.95200723
13170,16550_left,0.044421643,0.94435996,0.05400459
13171,16550_right,0.9872628,0.010249361,0.008313451
13172,16555_left,0.8423307,0.10420269,0.031527687
13173,16555_right,0.040172234,0.93752176,0.06256096
13174,16558_left,0.67899424,0.30993056,0.012329886
13175,16558_right,0.074228525,0.9109971,0.04476209
13176,16559_left,0.98548615,0.01215492,0.007475803
13177,16559_right,0.9872864,0.010216849,0.008324454
13178,16561_left,0.02209182,0.07049092,0.9202257
13179,16561_right,0.023692405,0.06124025,0.9295177
13180,16565_left,0.024280112,0.33105764,0.6533619
13181,16565_right,0.024752691,0.039401487,0.9538566
13182,16569_left,0.050509527,0.94364566,0.047368884
13183,16569_right,0.101162,0.88618,0.037224542
13184,16571_left,0.26287726,0.7040405,0.03985474
13185,16571_right,0.1080819,0.8599058,0.044937108
13186,16576_left,0.98759127,0.009964844,0.008266393
13187,16576_right,0.987591,0.009964943,0.008266389
13188,16579_left,0.050414536,0.9326768,0.057063114
13189,16579_right,0.045952618,0.90627056,0.07470818
13190,16581_left,0.024676474,0.038955912,0.95435244
13191,16581_right,0.024687033,0.03940395,0.9539062
13192,16582_left,0.971854,0.023360096,0.009811855
13193,16582_right,0.9772329,0.01841471,0.009815001
13194,16585_left,0.041122116,0.93922573,0.05958704
13195,16585_right,0.027200745,0.060324796,0.92907995
13196,16590_left,0.044540368,0.89576423,0.09635971
13197,16590_right,0.030904967,0.13283195,0.842058
13198,16591_left,0.05825921,0.93249285,0.047224626
13199,16591_right,0.97066915,0.024186669,0.009865806
13200,16593_left,0.98759127,0.009964858,0.008266389
13201,16593_right,0.9875897,0.0099661425,0.008266147
13202,16594_left,0.98759127,0.0099648535,0.008266386
13203,16594_right,0.98759127,0.009964849,0.008266389
13204,16595_left,0.04798392,0.9360709,0.056688406
13205,16595_right,0.04382452,0.79203624,0.19712304
13206,16597_left,0.043811716,0.9497416,0.05094695
13207,16597_right,0.45069697,0.599227,0.011726881
13208,16599_left,0.038922988,0.91292214,0.09081093
13209,16599_right,0.04268822,0.8028005,0.12959106
13210,16600_left,0.8514954,0.14932433,0.009763363
13211,16600_right,0.0588968,0.9296016,0.04996149
13212,16602_left,0.020200646,0.33061057,0.7205148
13213,16602_right,0.09451448,0.8909043,0.04836679
13214,16604_left,0.98759127,0.0099648535,0.008266386
13215,16604_right,0.98759127,0.0099648535,0.008266386
13216,16607_left,0.986225,0.010326271,0.00898292
13217,16607_right,0.98665583,0.009762039,0.008922446
13218,16609_left,0.96836054,0.02703302,0.009810054
13219,16609_right,0.9736482,0.021716466,0.010197477
13220,16610_left,0.08129392,0.9142121,0.043978658
13221,16610_right,0.028322479,0.15435086,0.8259873
13222,16612_left,0.9733804,0.02245352,0.009455006
13223,16612_right,0.9844552,0.01242966,0.008961822
13224,16614_left,0.98759115,0.00996484,0.0082664015
13225,16614_right,0.98759115,0.009964943,0.008266366
13226,16616_left,0.03937216,0.6727282,0.35394105
13227,16616_right,0.3689115,0.64591384,0.020440523
13228,16620_left,0.98756146,0.009986068,0.0082686255
13229,16620_right,0.9875694,0.009977389,0.008278544
13230,16622_left,0.024759006,0.039445367,0.9538064
13231,16622_right,0.044337537,0.949492,0.05012386
13232,16623_left,0.9677959,0.028995462,0.008122876
13233,16623_right,0.9794,0.01734829,0.0085350005
13234,16624_left,0.9875825,0.009959431,0.008272788
13235,16624_right,0.9875909,0.009964801,0.008266558
13236,16626_left,0.11365852,0.8773927,0.034339312
13237,16626_right,0.05294365,0.9302177,0.054410208
13238,16627_left,0.96632653,0.028376509,0.009957155
13239,16627_right,0.9875858,0.009969944,0.008265948
13240,16628_left,0.058987238,0.62398875,0.24104197
13241,16628_right,0.058638662,0.8779636,0.07526735
13242,16629_left,0.40516245,0.5685957,0.04338681
13243,16629_right,0.9875893,0.009965931,0.008267007
13244,16630_left,0.040192418,0.92084813,0.075665
13245,16630_right,0.049513925,0.94379836,0.04873417
13246,16631_left,0.04330984,0.9490257,0.05173026
13247,16631_right,0.98757744,0.009977497,0.008265971
13248,16633_left,0.042098098,0.8694827,0.10804512
13249,16633_right,0.0337203,0.40130824,0.55670625
13250,16634_left,0.9825585,0.01550514,0.0064989044
13251,16634_right,0.02892249,0.6775741,0.38549915
13252,16635_left,0.960334,0.029851956,0.013543955
13253,16635_right,0.051179454,0.94023687,0.049325872
13254,16636_left,0.024141524,0.043011747,0.95068556
13255,16636_right,0.02466556,0.039314464,0.9539859
13256,16637_left,0.04452873,0.9420185,0.05679229
13257,16637_right,0.9875541,0.009989199,0.008268782
13258,16639_left,0.9873684,0.0102120135,0.0081422385
13259,16639_right,0.9875909,0.009964679,0.008266585
13260,16640_left,0.044473074,0.9480557,0.052417908
13261,16640_right,0.16491549,0.8279135,0.04342629
13262,16641_left,0.98449093,0.012657713,0.00853898
13263,16641_right,0.8644924,0.13386926,0.009428137
13264,16642_left,0.9871135,0.01037851,0.008306445
13265,16642_right,0.66636235,0.29914704,0.023096288
13266,16646_left,0.85121894,0.120492585,0.009835822
13267,16646_right,0.9862134,0.011026137,0.008523488
13268,16649_left,0.9252983,0.067694634,0.010925212
13269,16649_right,0.9864949,0.010825432,0.008304756
13270,16650_left,0.6528181,0.32980612,0.019806784
13271,16650_right,0.20301895,0.7762411,0.04406129
13272,16651_left,0.09922377,0.8744953,0.05408816
13273,16651_right,0.06781244,0.91892296,0.047334295
13274,16652_left,0.024792189,0.039383307,0.95364267
13275,16652_right,0.023332996,0.07545294,0.9282207
13276,16658_left,0.027485423,0.073950194,0.91886115
13277,16658_right,0.02753331,0.05491463,0.93509865
13278,16660_left,0.8755387,0.103269026,0.019838283
13279,16660_right,0.92300844,0.064223565,0.013339437
13280,16670_left,0.11999455,0.8656301,0.03285633
13281,16670_right,0.8927776,0.10842728,0.007307225
13282,16672_left,0.04489507,0.9438557,0.054347094
13283,16672_right,0.044581674,0.9487285,0.050522562
13284,16673_left,0.061530214,0.92441404,0.052948907
13285,16673_right,0.4725086,0.47330138,0.01605013
13286,16679_left,0.98759127,0.0099648535,0.008266386
13287,16679_right,0.98759127,0.009964849,0.008266386
13288,16683_left,0.03483422,0.4890753,0.41011778
13289,16683_right,0.9868602,0.010513092,0.008604343
13290,16684_left,0.9785145,0.008637463,0.016046433
13291,16684_right,0.9841589,0.0128069315,0.008786536
13292,16691_left,0.024712395,0.039105445,0.9541547
13293,16691_right,0.026006592,0.24412848,0.73486567
13294,16692_left,0.03852359,0.63237363,0.28363672
13295,16692_right,0.06320593,0.927667,0.042367518
13296,16693_left,0.06450904,0.9316693,0.043744907
13297,16693_right,0.024710178,0.039059747,0.9541794
13298,16697_left,0.07021279,0.8988174,0.05800948
13299,16697_right,0.98711306,0.010394474,0.008280681
13300,16701_left,0.07691221,0.89087075,0.05335189
13301,16701_right,0.9872283,0.009917101,0.008493186
13302,16702_left,0.98509073,0.01222941,0.008286887
13303,16702_right,0.98718435,0.010307633,0.008315999
13304,16703_left,0.9875907,0.009965183,0.008266495
13305,16703_right,0.98758906,0.009966457,0.0082667535
13306,16707_left,0.0302539,0.606166,0.35758772
13307,16707_right,0.04396194,0.94911474,0.0510679
13308,16710_left,0.98743445,0.010133941,0.008185084
13309,16710_right,0.9875888,0.009967135,0.008265623
13310,16718_left,0.07400705,0.91937417,0.04109648
13311,16718_right,0.25743154,0.5950388,0.072432175
13312,16720_left,0.9875881,0.009967192,0.008266772
13313,16720_right,0.98759127,0.009964858,0.008266381
13314,16721_left,0.036524795,0.8982129,0.102651626
13315,16721_right,0.05181259,0.93995714,0.04924336
13316,16727_left,0.0530696,0.9399953,0.04734789
13317,16727_right,0.8939055,0.08424754,0.01952263
13318,16728_left,0.031650566,0.58885556,0.35522792
13319,16728_right,0.025042484,0.4996652,0.46581402
13320,16730_left,0.045901123,0.9357012,0.058036502
13321,16730_right,0.108301744,0.87798965,0.05105316
13322,16732_left,0.45427626,0.37299412,0.06878851
13323,16732_right,0.038619384,0.9255108,0.07877265
13324,16735_left,0.024230711,0.07353293,0.92043805
13325,16735_right,0.026221273,0.05184134,0.93829083
13326,16738_left,0.04803617,0.9424208,0.0510841
13327,16738_right,0.9869474,0.010556354,0.008265932
13328,16740_left,0.9875163,0.010010763,0.00828472
13329,16740_right,0.98756534,0.009982486,0.008268981
13330,16741_left,0.92485195,0.062420834,0.014756693
13331,16741_right,0.832661,0.14990225,0.015149129
13332,16744_left,0.9875903,0.009965051,0.008266671
13333,16744_right,0.9867584,0.010751384,0.008198935
13334,16746_left,0.98759115,0.009964821,0.008266444
13335,16746_right,0.9872361,0.010212091,0.008391413
13336,16748_left,0.92845935,0.04776868,0.022633895
13337,16748_right,0.035390742,0.8192356,0.13715895
13338,16749_left,0.84182763,0.13541083,0.015677027
13339,16749_right,0.063923135,0.9138281,0.058538668
13340,16750_left,0.02476113,0.039305404,0.9539332
13341,16750_right,0.045615993,0.8946226,0.08691411
13342,16752_left,0.98759127,0.009964881,0.00826637
13343,16752_right,0.9875135,0.010022244,0.008280662
13344,16753_left,0.024820311,0.0411102,0.95235205
13345,16753_right,0.028685758,0.43874744,0.6522025
13346,16754_left,0.98759127,0.009964849,0.008266386
13347,16754_right,0.987591,0.009964801,0.008266537
13348,16757_left,0.9096464,0.08208025,0.010857693
13349,16757_right,0.21776088,0.75682414,0.025083397
13350,16759_left,0.98561156,0.011581291,0.00860877
13351,16759_right,0.9805737,0.0164231,0.008409247
13352,16763_left,0.9874363,0.010079718,0.008315668
13353,16763_right,0.9819917,0.01463575,0.009186756
13354,16764_left,0.032434642,0.20134465,0.8236541
13355,16764_right,0.048399996,0.92882955,0.058952674
13356,16766_left,0.98181355,0.015137373,0.008607621
13357,16766_right,0.029012743,0.40410355,0.5242247
13358,16768_left,0.98755974,0.009992387,0.008267867
13359,16768_right,0.952612,0.03766539,0.014636501
13360,16769_left,0.9875158,0.01001968,0.008285758
13361,16769_right,0.98657507,0.0109257065,0.00814789
13362,16770_left,0.045405004,0.93481237,0.06170504
13363,16770_right,0.03038582,0.6682692,0.38901344
13364,16773_left,0.052699998,0.94024813,0.047022697
13365,16773_right,0.9492237,0.039533075,0.010576035
13366,16774_left,0.95936567,0.032110166,0.008150742
13367,16774_right,0.9873176,0.010225903,0.008195255
13368,16777_left,0.02466563,0.038990844,0.95434713
13369,16777_right,0.024759986,0.045288276,0.9495345
13370,16778_left,0.042953473,0.80225533,0.1754793
13371,16778_right,0.987553,0.009999041,0.008267199
13372,16781_left,0.98758894,0.009963372,0.008268122
13373,16781_right,0.9875897,0.009963908,0.008267469
13374,16782_left,0.050014906,0.92833424,0.05821739
13375,16782_right,0.11921857,0.8708016,0.030511474
13376,16784_left,0.23835965,0.642418,0.11217959
13377,16784_right,0.9300399,0.054374892,0.018989332
13378,16785_left,0.98669016,0.010690353,0.008445842
13379,16785_right,0.97581136,0.020847645,0.00863955
13380,16788_left,0.9875672,0.009989807,0.008255342
13381,16788_right,0.98759127,0.009964858,0.008266386
13382,16789_left,0.043115992,0.84733415,0.13868262
13383,16789_right,0.054031905,0.76615703,0.18953943
13384,16791_left,0.046986267,0.7643393,0.18713157
13385,16791_right,0.98733866,0.010186871,0.0082670655
13386,16802_left,0.043309346,0.94896364,0.051873576
13387,16802_right,0.024657378,0.038935922,0.9544118
13388,16803_left,0.02478409,0.039567962,0.9534726
13389,16803_right,0.026473086,0.13200364,0.84695876
13390,16807_left,0.026510434,0.80665207,0.23327252
13391,16807_right,0.026553206,0.063383736,0.9256929
13392,16808_left,0.29131818,0.5321015,0.051969606
13393,16808_right,0.9533004,0.032422896,0.01290113
13394,16813_left,0.046020847,0.94499457,0.051906727
13395,16813_right,0.053087957,0.94024706,0.04897982
13396,16814_left,0.98752105,0.01000807,0.008278517
13397,16814_right,0.9869652,0.0106446035,0.007954774
13398,16815_left,0.8235478,0.17698547,0.011327022
13399,16815_right,0.5388816,0.4582756,0.016948884
13400,16816_left,0.025786685,0.05525289,0.9403198
13401,16816_right,0.13141638,0.82276165,0.060623553
13402,16818_left,0.04452522,0.9456916,0.05359756
13403,16818_right,0.046031423,0.9462976,0.050352175
13404,16825_left,0.26313496,0.052670263,0.55151635
13405,16825_right,0.9852335,0.011664027,0.009010324
13406,16826_left,0.98759115,0.009964826,0.008266425
13407,16826_right,0.9875831,0.009971032,0.008267469
13408,16828_left,0.2755182,0.27301538,0.25869098
13409,16828_right,0.25608236,0.6741901,0.042297713
13410,16831_left,0.3433109,0.027196385,0.4735616
13411,16831_right,0.08556508,0.03838172,0.85290986
13412,16832_left,0.9013816,0.08521126,0.012025392
13413,16832_right,0.94129264,0.048360985,0.012255409
13414,16833_left,0.9871911,0.010301215,0.008329899
13415,16833_right,0.9875896,0.009964459,0.008267304
13416,16835_left,0.9873903,0.010133439,0.0082987575
13417,16835_right,0.98727196,0.01026679,0.008198123
13418,16836_left,0.041312166,0.94589317,0.05671493
13419,16836_right,0.045983136,0.94693327,0.04998949
13420,16842_left,0.98570013,0.011560242,0.008440457
13421,16842_right,0.98759127,0.009964844,0.008266397
13422,16843_left,0.98757464,0.009952893,0.00827888
13423,16843_right,0.976698,0.0066023003,0.016235314
13424,16848_left,0.98754996,0.00999981,0.008267734
13425,16848_right,0.946036,0.045037284,0.013088038
13426,16850_left,0.051689073,0.94023246,0.050113738
13427,16850_right,0.095851146,0.8864787,0.04687111
13428,16855_left,0.043606486,0.9499179,0.050962195
13429,16855_right,0.3611633,0.63783526,0.030809501
13430,16857_left,0.98591006,0.011654389,0.008030232
13431,16857_right,0.98516154,0.011837699,0.008558383
13432,16858_left,0.024338964,0.051946126,0.94377816
13433,16858_right,0.023353228,0.18488447,0.8110935
13434,16862_left,0.024682624,0.038912427,0.9543724
13435,16862_right,0.9873131,0.010135678,0.008276602
13436,16863_left,0.31930155,0.6870195,0.017609898
13437,16863_right,0.98759115,0.009964849,0.0082664285
13438,16864_left,0.95636725,0.03540491,0.009673464
13439,16864_right,0.4779132,0.4542735,0.030285478
13440,16866_left,0.9866414,0.0107780835,0.008340112
13441,16866_right,0.04421672,0.9472332,0.052278414
13442,16871_left,0.9871941,0.010435116,0.007999115
13443,16871_right,0.024904784,0.040472556,0.952247
13444,16872_left,0.0442097,0.93119574,0.06280473
13445,16872_right,0.043113012,0.94899905,0.051969133
13446,16877_left,0.9875814,0.009970693,0.008268966
13447,16877_right,0.987566,0.009958782,0.008282687
13448,16881_left,0.98759127,0.009964849,0.008266397
13449,16881_right,0.9855812,0.0100594135,0.00941632
13450,16882_left,0.024674453,0.038929578,0.9543776
13451,16882_right,0.02487349,0.041231122,0.9514108
13452,16886_left,0.41289663,0.016680002,0.503046
13453,16886_right,0.031426363,0.058033336,0.91930825
13454,16890_left,0.024684127,0.039150354,0.954172
13455,16890_right,0.032845546,0.09704382,0.88797843
13456,16892_left,0.02471982,0.039026413,0.9541728
13457,16892_right,0.024533343,0.042513438,0.95060897
13458,16894_left,0.9815855,0.015729563,0.00797151
13459,16894_right,0.04435158,0.94921815,0.050668105
13460,16896_left,0.055608224,0.9359161,0.050702933
13461,16896_right,0.0261718,0.21802886,0.76400554
13462,16897_left,0.024673099,0.039009735,0.95432997
13463,16897_right,0.038366653,0.89725536,0.08911507
13464,16899_left,0.04401562,0.94215375,0.0557731
13465,16899_right,0.027283208,0.30434367,0.7423932
13466,16907_left,0.040111274,0.774613,0.16592623
13467,16907_right,0.04299301,0.92050135,0.07280961
13468,16908_left,0.98707485,0.010427092,0.0081581585
13469,16908_right,0.98758715,0.00996635,0.00826775
13470,16909_left,0.024950158,0.041192062,0.9516953
13471,16909_right,0.11842865,0.36517212,0.37500975
13472,16914_left,0.02670596,0.06735835,0.9213686
13473,16914_right,0.029660502,0.4993898,0.48314652
13474,16917_left,0.32211187,0.5403344,0.06842945
13475,16917_right,0.98759115,0.00996484,0.008266425
13476,16918_left,0.98228604,0.0149802165,0.008132756
13477,16918_right,0.96597886,0.030007618,0.009072889
13478,16919_left,0.97761476,0.017815517,0.010611191
13479,16919_right,0.9519759,0.03861903,0.0119794095
13480,16920_left,0.044860344,0.06566712,0.87620556
13481,16920_right,0.058025036,0.9307545,0.04834241
13482,16927_left,0.33173594,0.6782443,0.011408235
13483,16927_right,0.95479983,0.039425153,0.009712108
13484,16929_left,0.987591,0.009965084,0.008266261
13485,16929_right,0.98759127,0.009964844,0.008266393
13486,16931_left,0.80270773,0.18517388,0.01019946
13487,16931_right,0.8131522,0.15661287,0.0140503235
13488,16936_left,0.9844936,0.012407186,0.008641322
13489,16936_right,0.8250514,0.19713302,0.0078096827
13490,16937_left,0.02466563,0.03893278,0.9543979
13491,16937_right,0.02450481,0.047512848,0.9451646
13492,16940_left,0.8996658,0.08760159,0.016178908
13493,16940_right,0.934911,0.052066494,0.01651915
13494,16941_left,0.9851525,0.012130314,0.008379803
13495,16941_right,0.94332594,0.04894791,0.009578886
13496,16943_left,0.40506268,0.53533393,0.029172929
13497,16943_right,0.36175963,0.62332517,0.017490046
13498,16946_left,0.046268042,0.9415141,0.05515213
13499,16946_right,0.048727524,0.9433912,0.05053144
13500,16947_left,0.6587021,0.29347426,0.019022254
13501,16947_right,0.34513623,0.65169394,0.016782822
13502,16952_left,0.043252077,0.95033294,0.050970197
13503,16952_right,0.061972328,0.93117154,0.043776035
13504,16955_left,0.04103063,0.8879861,0.092313
13505,16955_right,0.17211093,0.07334639,0.7139349
13506,16956_left,0.9827229,0.012439375,0.010967188
13507,16956_right,0.9875909,0.009964712,0.008266647
13508,16963_left,0.7158644,0.26222053,0.020653665
13509,16963_right,0.94406134,0.043397047,0.01709279
13510,16964_left,0.9875529,0.009995039,0.008270992
13511,16964_right,0.9875246,0.010030257,0.008253101
13512,16967_left,0.056765486,0.90998375,0.06607829
13513,16967_right,0.062238324,0.9193457,0.05431547
13514,16969_left,0.69231856,0.24271868,0.022956826
13515,16969_right,0.2748516,0.66292125,0.038026247
13516,16971_left,0.6125503,0.08209766,0.048296582
13517,16971_right,0.45962054,0.5054549,0.011612512
13518,16973_left,0.026430106,0.053228155,0.9371797
13519,16973_right,0.04287701,0.90243965,0.0960668
13520,16977_left,0.086911775,0.842658,0.08424069
13521,16977_right,0.09529091,0.89534813,0.040636867
13522,16978_left,0.98759127,0.009964887,0.00826637
13523,16978_right,0.9875909,0.009964627,0.008266647
13524,16986_left,0.026213441,0.7335596,0.31773266
13525,16986_right,0.026708322,0.24932158,0.75625
13526,16991_left,0.41570517,0.58302045,0.024782574
13527,16991_right,0.027111417,0.6799879,0.342902
13528,16993_left,0.9874906,0.010060011,0.008256126
13529,16993_right,0.9875909,0.009965037,0.008266519
13530,17000_left,0.031091385,0.6371295,0.37317416
13531,17000_right,0.035594787,0.74081105,0.26593012
13532,17001_left,0.9844951,0.012879149,0.008129248
13533,17001_right,0.9533934,0.042606957,0.008907097
13534,17002_left,0.98756856,0.00998366,0.008269552
13535,17002_right,0.97458345,0.019678758,0.011203062
13536,17004_left,0.024199197,0.049903106,0.943057
13537,17004_right,0.024658477,0.03897231,0.95437545
13538,17005_left,0.98744047,0.010107438,0.0082334345
13539,17005_right,0.9875075,0.010035064,0.008274814
13540,17009_left,0.98665524,0.010841236,0.008211378
13541,17009_right,0.9864824,0.011012719,0.008194263
13542,17010_left,0.022117201,0.651073,0.37761784
13543,17010_right,0.04306322,0.93777454,0.059398893
13544,17011_left,0.9873969,0.010121984,0.008298035
13545,17011_right,0.9855714,0.011642071,0.008483206
13546,17018_left,0.98758847,0.009967351,0.008265916
13547,17018_right,0.9873104,0.01022293,0.008194488
13548,17019_left,0.0474626,0.94086593,0.053263456
13549,17019_right,0.049137358,0.92049164,0.064564355
13550,17021_left,0.027223233,0.4473357,0.5607665
13551,17021_right,0.027715636,0.3780384,0.5622027
13552,17023_left,0.98759127,0.009964849,0.008266386
13553,17023_right,0.98759115,0.00996483,0.008266417
13554,17025_left,0.9775213,0.018272104,0.008786104
13555,17025_right,0.9875909,0.009965179,0.0082663465
13556,17028_left,0.9798299,0.016503152,0.008522131
13557,17028_right,0.97597355,0.020745171,0.008463743
13558,17029_left,0.9872479,0.010274211,0.008258856
13559,17029_right,0.88686585,0.1333841,0.0043455022
13560,17030_left,0.9875908,0.009964642,0.008266671
13561,17030_right,0.9875907,0.009964698,0.008266699
13562,17032_left,0.06339533,0.9275296,0.04486711
13563,17032_right,0.100579984,0.8680177,0.058366816
13564,17036_left,0.053506374,0.9257626,0.057667937
13565,17036_right,0.56741804,0.41640806,0.021809515
13566,17037_left,0.5352243,0.39352164,0.022083426
13567,17037_right,0.9107233,0.070428826,0.011677965
13568,17038_left,0.02495589,0.040120307,0.9528335
13569,17038_right,0.04170982,0.93897057,0.060877457
13570,17040_left,0.043831613,0.94782174,0.052040365
13571,17040_right,0.7604659,0.24594074,0.01053164
13572,17042_left,0.98385507,0.012599605,0.008595029
13573,17042_right,0.6470867,0.20019673,0.07979481
13574,17044_left,0.98749906,0.0100400485,0.0082814805
13575,17044_right,0.07906556,0.8768266,0.0705409
13576,17048_left,0.032381088,0.8744634,0.12973979
13577,17048_right,0.044221237,0.93885577,0.060504854
13578,17049_left,0.987591,0.0099648535,0.008266448
13579,17049_right,0.9875094,0.010034391,0.008273871
13580,17050_left,0.024761321,0.038954984,0.9541596
13581,17050_right,0.025102353,0.03892982,0.953562
13582,17052_left,0.042795006,0.9457545,0.055552177
13583,17052_right,0.043306917,0.94931597,0.051652987
13584,17053_left,0.9353407,0.070745796,0.004213155
13585,17053_right,0.21527524,0.7651326,0.022421991
13586,17054_left,0.044304304,0.050726887,0.91541386
13587,17054_right,0.9872972,0.009804196,0.0084785065
13588,17057_left,0.985444,0.011384495,0.009048647
13589,17057_right,0.053648368,0.9315788,0.054805513
13590,17060_left,0.987112,0.010351529,0.008337793
13591,17060_right,0.1393255,0.856173,0.025769249
13592,17065_left,0.042736474,0.9490983,0.05225652
13593,17065_right,0.05465973,0.9412947,0.044704407
13594,17066_left,0.033379998,0.7373283,0.29380783
13595,17066_right,0.9861466,0.011068887,0.008633234
13596,17067_left,0.98759127,0.009964849,0.008266389
13597,17067_right,0.9875859,0.009960977,0.008270405
13598,17068_left,0.77423066,0.19909577,0.023368143
13599,17068_right,0.25721395,0.7364754,0.032204263
13600,17075_left,0.04167594,0.7956554,0.13544847
13601,17075_right,0.034082558,0.45349947,0.5181443
13602,17076_left,0.13033617,0.75445276,0.095484376
13603,17076_right,0.051116377,0.9366607,0.05326682
13604,17083_left,0.98759115,0.00996492,0.008266386
13605,17083_right,0.9875907,0.009965286,0.008266393
13606,17086_left,0.9875908,0.009965154,0.008266546
13607,17086_right,0.98759115,0.009964887,0.0082664285
13608,17088_left,0.050293904,0.93896437,0.05226526
13609,17088_right,0.057096496,0.9372976,0.04648087
13610,17089_left,0.05308852,0.93869054,0.04883288
13611,17089_right,0.051000193,0.94112146,0.049583744
13612,17092_left,0.024651226,0.03926814,0.95412016
13613,17092_right,0.024747495,0.04375448,0.94907767
13614,17097_left,0.98757553,0.009979913,0.008263548
13615,17097_right,0.9860967,0.011290746,0.0083558615
13616,17098_left,0.040579077,0.9257248,0.06810038
13617,17098_right,0.041676313,0.78499395,0.14879817
13618,17101_left,0.05313872,0.8568682,0.11346111
13619,17101_right,0.031008039,0.13494638,0.837498
13620,17106_left,0.04952249,0.93209076,0.0570262
13621,17106_right,0.06154114,0.80006325,0.122741215
13622,17110_left,0.024657413,0.039992675,0.95360285
13623,17110_right,0.02538845,0.09982658,0.91258895
13624,17111_left,0.98750466,0.010048217,0.008259458
13625,17111_right,0.9818173,0.01524719,0.008444086
13626,17112_left,0.9784118,0.018427586,0.007956344
13627,17112_right,0.98753536,0.010010125,0.008275557
13628,17113_left,0.9832565,0.012818825,0.009873211
13629,17113_right,0.98758954,0.009965982,0.0082666315
13630,17114_left,0.049000036,0.9435282,0.049943134
13631,17114_right,0.049516555,0.9435789,0.048483532
13632,17116_left,0.061711926,0.9017007,0.067683324
13633,17116_right,0.8003282,0.1385807,0.020441115
13634,17117_left,0.9873275,0.01012167,0.008364143
13635,17117_right,0.9875909,0.009964755,0.008266573
13636,17121_left,0.07814344,0.91767865,0.042887796
13637,17121_right,0.052320365,0.94051063,0.04731845
13638,17123_left,0.048821498,0.92184114,0.06419903
13639,17123_right,0.7561123,0.15524201,0.028596306
13640,17125_left,0.98743236,0.010107906,0.00826904
13641,17125_right,0.9875903,0.009965488,0.008266546
13642,17126_left,0.5625479,0.46297047,0.013660902
13643,17126_right,0.9874807,0.010065475,0.008257868
13644,17127_left,0.024654608,0.03893817,0.9544156
13645,17127_right,0.024654917,0.03893768,0.9544153
13646,17132_left,0.81055,0.14263031,0.026464423
13647,17132_right,0.06676198,0.923406,0.04594043
13648,17133_left,0.047874004,0.94208974,0.052535105
13649,17133_right,0.03897982,0.84661657,0.15968475
13650,17134_left,0.9705814,0.028157135,0.006382086
13651,17134_right,0.05491618,0.9378519,0.04625951
13652,17135_left,0.0317865,0.30367607,0.6504587
13653,17135_right,0.6158247,0.2853344,0.050699927
13654,17137_left,0.98720086,0.010408761,0.008039384
13655,17137_right,0.98061717,0.01625018,0.008386403
13656,17139_left,0.024659552,0.039313193,0.9540079
13657,17139_right,0.024667086,0.03899642,0.95432985
13658,17142_left,0.044852212,0.94684327,0.05158851
13659,17142_right,0.08865819,0.90109473,0.03656699
13660,17143_left,0.98758763,0.00996786,0.008265861
13661,17143_right,0.98758477,0.009961838,0.00827091
13662,17145_left,0.95887715,0.03550753,0.010060315
13663,17145_right,0.7686279,0.21514472,0.010898729
13664,17146_left,0.024730997,0.039674994,0.9536947
13665,17146_right,0.025610559,0.11756474,0.8995341
13666,17148_left,0.02468801,0.03910204,0.95420563
13667,17148_right,0.02890876,0.259711,0.7578726
13668,17152_left,0.81591046,0.14808828,0.0090955645
13669,17152_right,0.9849342,0.012155218,0.008125843
13670,17153_left,0.9874029,0.009928648,0.00838471
13671,17153_right,0.9875908,0.009965023,0.008266526
13672,17154_left,0.9819049,0.013843018,0.010408255
13673,17154_right,0.969022,0.020735033,0.015820567
13674,17158_left,0.050088227,0.9190864,0.062335663
13675,17158_right,0.043129254,0.93450445,0.062136233
13676,17163_left,0.04170162,0.945005,0.057613015
13677,17163_right,0.04922351,0.94361013,0.04844986
13678,17169_left,0.058516573,0.8176912,0.14438513
13679,17169_right,0.67169833,0.27920407,0.017350396
13680,17170_left,0.024667718,0.03897973,0.95436114
13681,17170_right,0.029180452,0.30875063,0.6630086
13682,17173_left,0.9872083,0.010267482,0.008276963
13683,17173_right,0.98745525,0.01007958,0.008280486
13684,17176_left,0.037177112,0.7276662,0.22693513
13685,17176_right,0.024716655,0.039167803,0.95404035
13686,17179_left,0.07134233,0.92022496,0.043010768
13687,17179_right,0.05620385,0.826853,0.1483131
13688,17181_left,0.03671546,0.7639844,0.16897154
13689,17181_right,0.9875871,0.009967239,0.008267921
13690,17182_left,0.9874466,0.010053617,0.008308912
13691,17182_right,0.987591,0.00996475,0.008266562
13692,17183_left,0.98662704,0.010924805,0.008025079
13693,17183_right,0.052293044,0.9402437,0.04736671
13694,17184_left,0.024784682,0.039889093,0.953203
13695,17184_right,0.04900635,0.92002285,0.07238404
13696,17185_left,0.573177,0.43185568,0.00980614
13697,17185_right,0.78293353,0.17535672,0.018430226
13698,17186_left,0.9875803,0.009969752,0.008269733
13699,17186_right,0.98756766,0.009983971,0.008266952
13700,17190_left,0.98460233,0.012635516,0.008434135
13701,17190_right,0.98430634,0.012868945,0.008379681
13702,17191_left,0.1583322,0.6759537,0.09432885
13703,17191_right,0.27796337,0.65915096,0.036583845
13704,17195_left,0.054967266,0.9346927,0.050135896
13705,17195_right,0.6797162,0.30061802,0.019800728
13706,17198_left,0.024656614,0.038941063,0.95440805
13707,17198_right,0.030069796,0.45157447,0.6242923
13708,17201_left,0.059595883,0.93544096,0.04237406
13709,17201_right,0.96495914,0.03280942,0.0066601266
13710,17202_left,0.987591,0.009965017,0.008266327
13711,17202_right,0.98757416,0.0099589415,0.008280525
13712,17203_left,0.43546194,0.5528244,0.026855992
13713,17203_right,0.98755825,0.009992397,0.008272317
13714,17205_left,0.024681304,0.038963143,0.9543215
13715,17205_right,0.024636324,0.040791184,0.95227236
13716,17207_left,0.12071877,0.8690867,0.037935633
13717,17207_right,0.12464834,0.8703006,0.042926118
13718,17209_left,0.0398597,0.94127953,0.059216544
13719,17209_right,0.7958211,0.19980595,0.0094046695
13720,17215_left,0.043634832,0.9498899,0.05093669
13721,17215_right,0.024658987,0.038933318,0.9544066
13722,17217_left,0.104407854,0.86173975,0.05726619
13723,17217_right,0.06944224,0.9136904,0.049856957
13724,17218_left,0.98759127,0.009964858,0.008266389
13725,17218_right,0.9875544,0.009999611,0.00826284
13726,17221_left,0.024665892,0.038937476,0.9543938
13727,17221_right,0.024668956,0.038938794,0.95438856
13728,17222_left,0.98759055,0.009965154,0.008266436
13729,17222_right,0.98167384,0.013620592,0.009258757
13730,17226_left,0.98758996,0.009966029,0.008266362
13731,17226_right,0.068104975,0.9202494,0.043875482
13732,17229_left,0.98717356,0.010339369,0.008199682
13733,17229_right,0.98746556,0.010056811,0.0083204005
13734,17230_left,0.98759115,0.009964952,0.008266378
13735,17230_right,0.9866164,0.010832674,0.008319975
13736,17232_left,0.98759115,0.009964952,0.008266358
13737,17232_right,0.98759127,0.0099648535,0.008266386
13738,17234_left,0.987591,0.00996491,0.008266425
13739,17234_right,0.987591,0.009965008,0.008266362
13740,17235_left,0.04790303,0.9145587,0.07250532
13741,17235_right,0.051722977,0.93868464,0.05039499
13742,17240_left,0.9875881,0.009963908,0.008268442
13743,17240_right,0.9875622,0.009994246,0.008254436
13744,17243_left,0.98759127,0.009964858,0.008266386
13745,17243_right,0.98717713,0.010294513,0.008360865
13746,17244_left,0.046939902,0.94687843,0.048432563
13747,17244_right,0.9875163,0.010021345,0.008287086
13748,17248_left,0.043409538,0.947815,0.05284098
13749,17248_right,0.042757194,0.791395,0.13617808
13750,17249_left,0.9742163,0.015008121,0.014120801
13751,17249_right,0.97239,0.021038633,0.0132415565
13752,17252_left,0.9875908,0.009964661,0.008266671
13753,17252_right,0.98759115,0.009964811,0.008266464
13754,17257_left,0.059658937,0.9320076,0.04678536
13755,17257_right,0.91885704,0.07420083,0.008738872
13756,17259_left,0.8020878,0.16443896,0.024788408
13757,17259_right,0.87725013,0.095142156,0.009822369
13758,17264_left,0.98757774,0.009976983,0.008264904
13759,17264_right,0.98759115,0.009964891,0.008266378
13760,17266_left,0.9412075,0.04866159,0.012668861
13761,17266_right,0.9874765,0.010039072,0.00831237
13762,17272_left,0.03897957,0.8999992,0.08618645
13763,17272_right,0.0480946,0.9431655,0.052595876
13764,17276_left,0.04641882,0.9458928,0.05112505
13765,17276_right,0.06077095,0.7313679,0.18613207
13766,17277_left,0.042974688,0.9499789,0.051456273
13767,17277_right,0.04685605,0.9470299,0.049630187
13768,17279_left,0.037975617,0.9278947,0.07429844
13769,17279_right,0.0422044,0.94685394,0.055298544
13770,17284_left,0.042957984,0.9448995,0.055006202
13771,17284_right,0.05167649,0.9406513,0.048279777
13772,17287_left,0.987591,0.009964985,0.008266342
13773,17287_right,0.98759115,0.009964801,0.008266475
13774,17289_left,0.04169916,0.32682014,0.60432464
13775,17289_right,0.039622914,0.7162841,0.2491394
13776,17290_left,0.04573586,0.94410723,0.05331655
13777,17290_right,0.04918262,0.93192697,0.059532735
13778,17295_left,0.18735588,0.78096926,0.032365933
13779,17295_right,0.05280964,0.9307241,0.055835962
13780,17298_left,0.9873992,0.009833686,0.008410826
13781,17298_right,0.65681213,0.3448236,0.017053356
13782,17299_left,0.031962316,0.8469208,0.15708469
13783,17299_right,0.037191857,0.87843186,0.11567877
13784,17302_left,0.09211253,0.9074301,0.0326003
13785,17302_right,0.038550187,0.8857933,0.09694974
13786,17303_left,0.98759127,0.0099648535,0.008266381
13787,17303_right,0.98759115,0.009964826,0.008266425
13788,17308_left,0.9834509,0.0132639855,0.009282785
13789,17308_right,0.9875873,0.00996563,0.008268595
13790,17309_left,0.3404107,0.6789203,0.019584738
13791,17309_right,0.98148364,0.015367679,0.008586228
13792,17311_left,0.06031491,0.87766576,0.079349935
13793,17311_right,0.07090987,0.9140691,0.050091155
13794,17312_left,0.048884984,0.9436803,0.04975888
13795,17312_right,0.048385724,0.9447053,0.048757542
13796,17314_left,0.06379828,0.91768616,0.055360183
13797,17314_right,0.062975235,0.9286631,0.048802525
13798,17317_left,0.02467046,0.038939755,0.9543814
13799,17317_right,0.024700493,0.0389409,0.9543046
13800,17318_left,0.0438963,0.94916517,0.051174738
13801,17318_right,0.97962976,0.017312065,0.007932382
13802,17320_left,0.9850648,0.0120208785,0.008199082
13803,17320_right,0.98759127,0.009964849,0.008266389
13804,17322_left,0.96481174,0.03200735,0.008334458
13805,17322_right,0.9812114,0.016312858,0.007444225
13806,17326_left,0.9875908,0.009965301,0.008266354
13807,17326_right,0.98758763,0.009968011,0.008265826
13808,17330_left,0.43385166,0.49355763,0.035008002
13809,17330_right,0.69518775,0.25935575,0.031320423
13810,17331_left,0.041591313,0.93820477,0.06346005
13811,17331_right,0.0419825,0.9221695,0.07824163
13812,17332_left,0.04335237,0.95037895,0.05086634
13813,17332_right,0.043937534,0.949548,0.051080678
13814,17334_left,0.98759115,0.009964844,0.008266405
13815,17334_right,0.9874056,0.010143187,0.008251165
13816,17337_left,0.06975474,0.92374027,0.04121007
13817,17337_right,0.5816102,0.40011284,0.0197042
13818,17340_left,0.9875903,0.009965309,0.008266573
13819,17340_right,0.98757786,0.009958924,0.008275577
13820,17341_left,0.6240248,0.34283417,0.011206533
13821,17341_right,0.56355536,0.41950592,0.011237433
13822,17344_left,0.9873656,0.010176861,0.008252332
13823,17344_right,0.9871797,0.0103302775,0.008289568
13824,17348_left,0.043195836,0.95040464,0.051004782
13825,17348_right,0.043387096,0.9503545,0.05079854
13826,17350_left,0.9845589,0.012659119,0.008211841
13827,17350_right,0.9875871,0.009967695,0.008266468
13828,17351_left,0.03725051,0.93013215,0.073175035
13829,17351_right,0.04630886,0.9450731,0.05211049
13830,17354_left,0.024812464,0.039818738,0.95337147
13831,17354_right,0.9874735,0.010029589,0.008298742
13832,17355_left,0.98753786,0.010016587,0.008254655
13833,17355_right,0.02683167,0.061514087,0.9319984
13834,17356_left,0.987591,0.00996467,0.008266558
13835,17356_right,0.98758894,0.009963118,0.008268137
13836,17357_left,0.031572253,0.8620474,0.15999569
13837,17357_right,0.03369752,0.710835,0.22514033
13838,17359_left,0.09659006,0.89501685,0.045058783
13839,17359_right,0.069448166,0.89630145,0.06546477
13840,17361_left,0.9774994,0.019393379,0.007916764
13841,17361_right,0.042364504,0.7245219,0.2601481
13842,17362_left,0.035945572,0.907114,0.08961903
13843,17362_right,0.04378264,0.94938207,0.051228896
13844,17366_left,0.045802735,0.87460613,0.10584553
13845,17366_right,0.055993535,0.8982046,0.07332672
13846,17367_left,0.98758954,0.009966354,0.008266417
13847,17367_right,0.98759055,0.00996539,0.00826651
13848,17370_left,0.98759115,0.009964891,0.008266381
13849,17370_right,0.08623228,0.8921702,0.049532037
13850,17373_left,0.2271881,0.76389533,0.025045913
13851,17373_right,0.9330829,0.059069246,0.011169718
13852,17375_left,0.9875874,0.009966966,0.008268266
13853,17375_right,0.98759127,0.009964849,0.008266386
13854,17380_left,0.69589823,0.24717689,0.029063672
13855,17380_right,0.9872707,0.010243211,0.008295916
13856,17382_left,0.03087441,0.90708315,0.10592914
13857,17382_right,0.047205318,0.9474156,0.048486408
13858,17384_left,0.9875873,0.009968043,0.008267211
13859,17384_right,0.98758614,0.00997058,0.008263294
13860,17387_left,0.030526372,0.7329529,0.28160837
13861,17387_right,0.06284159,0.9293314,0.044540923
13862,17389_left,0.04226595,0.8851101,0.09033035
13863,17389_right,0.04226631,0.94371223,0.05607056
13864,17395_left,0.987591,0.009964962,0.008266405
13865,17395_right,0.987591,0.009964934,0.008266425
13866,17396_left,0.96765476,0.0099321185,0.024666512
13867,17396_right,0.063607186,0.377051,0.50420934
13868,17399_left,0.9795624,0.016529828,0.009508037
13869,17399_right,0.987427,0.010100284,0.008274157
13870,17400_left,0.02769824,0.6519638,0.29767042
13871,17400_right,0.029789243,0.5771721,0.3661047
13872,17401_left,0.9812812,0.015400948,0.008917438
13873,17401_right,0.9875908,0.00996483,0.008266577
13874,17407_left,0.3356409,0.6081057,0.028431185
13875,17407_right,0.9863781,0.010904009,0.008527748
13876,17411_left,0.024615996,0.04010999,0.95317173
13877,17411_right,0.024690086,0.039260782,0.95409983
13878,17415_left,0.044948794,0.94706947,0.051943183
13879,17415_right,0.043332823,0.95050097,0.05079307
13880,17422_left,0.9869408,0.010605246,0.008153105
13881,17422_right,0.9648909,0.031009285,0.009327687
13882,17423_left,0.6606108,0.3336437,0.018350199
13883,17423_right,0.04739642,0.9465004,0.049249858
13884,17424_left,0.047417086,0.938035,0.05519573
13885,17424_right,0.047428347,0.8654342,0.09387679
13886,17425_left,0.9875515,0.009991571,0.008277707
13887,17425_right,0.9839618,0.01283729,0.008858455
13888,17426_left,0.024660595,0.03895211,0.95439464
13889,17426_right,0.02466048,0.038942944,0.95439935
13890,17429_left,0.98759127,0.009964858,0.008266381
13891,17429_right,0.9875789,0.009977351,0.008261149
13892,17438_left,0.045270234,0.93471634,0.059980255
13893,17438_right,0.9344303,0.057972856,0.011640102
13894,17441_left,0.98759115,0.009964877,0.008266386
13895,17441_right,0.9875586,0.009969968,0.008281751
13896,17442_left,0.9875607,0.009978675,0.00827764
13897,17442_right,0.9850213,0.012270132,0.008143445
13898,17445_left,0.059970636,0.9253782,0.050703507
13899,17445_right,0.061471943,0.8047182,0.13498554
13900,17446_left,0.035002995,0.77898055,0.23370789
13901,17446_right,0.04289224,0.7663659,0.2175427
13902,17449_left,0.98446596,0.012500525,0.008058443
13903,17449_right,0.95288587,0.03783675,0.013775746
13904,17450_left,0.98759115,0.009964915,0.008266374
13905,17450_right,0.98759115,0.009964877,0.008266386
13906,17452_left,0.98445165,0.013117265,0.007730752
13907,17452_right,0.9875908,0.009965319,0.008266284
13908,17453_left,0.024934897,0.04010035,0.9527878
13909,17453_right,0.024675962,0.03891629,0.9543745
13910,17456_left,0.9832729,0.014561278,0.007032779
13911,17456_right,0.26620555,0.6858605,0.042405184
13912,17457_left,0.024702907,0.03895838,0.9542875
13913,17457_right,0.025204416,0.07626822,0.9130093
13914,17459_left,0.98759127,0.009964872,0.008266397
13915,17459_right,0.98757577,0.009969959,0.0082778
13916,17461_left,0.9759647,0.020348554,0.008947895
13917,17461_right,0.98759115,0.009964801,0.008266464
13918,17463_left,0.09457945,0.8853383,0.04503429
13919,17463_right,0.066541344,0.8939652,0.06865876
13920,17470_left,0.024651164,0.038984288,0.9543785
13921,17470_right,0.024243219,0.04278234,0.95191586
13922,17471_left,0.04530814,0.94636726,0.05282428
13923,17471_right,0.049983088,0.9393025,0.051186733
13924,17473_left,0.04145705,0.94467926,0.058170915
13925,17473_right,0.05367132,0.9409331,0.04674055
13926,17474_left,0.051284343,0.94154525,0.046752937
13927,17474_right,0.19293642,0.7904497,0.024338659
13928,17475_left,0.73897034,0.25441226,0.016951872
13929,17475_right,0.026083061,0.39175275,0.5551229
13930,17477_left,0.043774586,0.9198125,0.07090687
13931,17477_right,0.044432182,0.94700724,0.052808557
13932,17481_left,0.047135927,0.9291878,0.066500895
13933,17481_right,0.98759055,0.009964496,0.008266835
13934,17483_left,0.11687094,0.85116816,0.0502682
13935,17483_right,0.04458507,0.9439295,0.054086447
13936,17486_left,0.22824445,0.7715169,0.023160767
13937,17486_right,0.9275552,0.060760498,0.015496873
13938,17487_left,0.94000345,0.050073236,0.011694497
13939,17487_right,0.9617177,0.032944594,0.009032401
13940,17488_left,0.98735136,0.010174459,0.008283784
13941,17488_right,0.9867458,0.010663442,0.008328529
13942,17489_left,0.024667466,0.039087586,0.954242
13943,17489_right,0.09447929,0.9032269,0.03659379
13944,17490_left,0.98759115,0.009964815,0.008266448
13945,17490_right,0.98759127,0.009964849,0.008266389
13946,17491_left,0.04460716,0.9464857,0.052401215
13947,17491_right,0.9443282,0.050361343,0.010152733
13948,17492_left,0.95845795,0.036068108,0.0092500355
13949,17492_right,0.69100094,0.26266685,0.014671043
13950,17494_left,0.98758984,0.009964571,0.008267089
13951,17494_right,0.9875444,0.010009653,0.008261364
13952,17495_left,0.03403711,0.5278296,0.37414026
13953,17495_right,0.9875897,0.009966016,0.0082666045
13954,17501_left,0.98759127,0.009964849,0.008266389
13955,17501_right,0.98759115,0.009964787,0.008266459
13956,17504_left,0.04712465,0.026282145,0.9093524
13957,17504_right,0.18010439,0.01627989,0.65802634
13958,17506_left,0.9872973,0.010158585,0.008314756
13959,17506_right,0.98759115,0.0099649,0.008266409
13960,17509_left,0.9849865,0.011722052,0.00918433
13961,17509_right,0.9875787,0.009971263,0.008270128
13962,17510_left,0.05231039,0.9410615,0.04658449
13963,17510_right,0.75997156,0.19485034,0.015892036
13964,17511_left,0.94588846,0.04371626,0.014617436
13965,17511_right,0.9854402,0.011498661,0.009259409
13966,17515_left,0.98757845,0.009975241,0.008268481
13967,17515_right,0.9875652,0.009976493,0.008274779
13968,17517_left,0.78312546,0.2019296,0.011293785
13969,17517_right,0.14375839,0.8192646,0.039601844
13970,17520_left,0.19649038,0.7729244,0.03095743
13971,17520_right,0.98759115,0.009964887,0.00826642
13972,17522_left,0.45923808,0.49244365,0.038690306
13973,17522_right,0.6423866,0.30320907,0.018629367
13974,17526_left,0.026850834,0.04750166,0.9427395
13975,17526_right,0.31106248,0.6821095,0.025001135
13976,17533_left,0.98759115,0.009964849,0.008266417
13977,17533_right,0.9875901,0.009964143,0.008267211
13978,17540_left,0.045115847,0.946914,0.051793948
13979,17540_right,0.044944864,0.9466949,0.0521111
13980,17543_left,0.98759115,0.009964952,0.00826637
13981,17543_right,0.9875853,0.009960935,0.008270781
13982,17546_left,0.98560274,0.01190417,0.007995208
13983,17546_right,0.9784532,0.019467177,0.006690068
13984,17548_left,0.027392527,0.23090675,0.8162305
13985,17548_right,0.024667298,0.038963944,0.95436114
13986,17550_left,0.9875909,0.009965145,0.008266432
13987,17550_right,0.42141357,0.5761868,0.026550481
13988,17555_left,0.02465306,0.03953093,0.9539292
13989,17555_right,0.024685482,0.039069083,0.95425546
13990,17561_left,0.038925413,0.7818538,0.20868036
13991,17561_right,0.03867049,0.7791095,0.16571517
13992,17564_left,0.037109666,0.30907768,0.7168808
13993,17564_right,0.065353364,0.92848504,0.04020547
13994,17567_left,0.98759127,0.0099648535,0.008266386
13995,17567_right,0.9875909,0.009965145,0.008266381
13996,17568_left,0.024669416,0.03904763,0.9542261
13997,17568_right,0.024667671,0.038935762,0.95438313
13998,17571_left,0.06515235,0.9280931,0.043739878
13999,17571_right,0.13327852,0.84692186,0.044252526
